--
-- PostgreSQL database dump
--

-- Dumped from database version 13.20 (Debian 13.20-1.pgdg120+1)
-- Dumped by pg_dump version 16.9 (Ubuntu 16.9-0ubuntu0.24.04.1)

SET statement_timeout = 0;
SET lock_timeout = 0;
SET idle_in_transaction_session_timeout = 0;
SET client_encoding = 'UTF8';
SET standard_conforming_strings = on;
SELECT pg_catalog.set_config('search_path', '', false);
SET check_function_bodies = false;
SET xmloption = content;
SET client_min_messages = warning;
SET row_security = off;

--
-- Name: public; Type: SCHEMA; Schema: -; Owner: postgres
--

-- *not* creating schema, since initdb creates it


ALTER SCHEMA public OWNER TO postgres;

SET default_tablespace = '';

SET default_table_access_method = heap;

--
-- Name: address; Type: TABLE; Schema: public; Owner: postgres
--

CREATE TABLE public.address (
    id integer NOT NULL,
    customer_id integer NOT NULL,
    country character varying(255) NOT NULL,
    region character varying(255) NOT NULL,
    city character varying(255) NOT NULL,
    street character varying(255) NOT NULL,
    postal_code character varying(255) NOT NULL
);


ALTER TABLE public.address OWNER TO postgres;

--
-- Name: address_id_seq; Type: SEQUENCE; Schema: public; Owner: postgres
--

CREATE SEQUENCE public.address_id_seq
    AS integer
    START WITH 1
    INCREMENT BY 1
    NO MINVALUE
    NO MAXVALUE
    CACHE 1;


ALTER SEQUENCE public.address_id_seq OWNER TO postgres;

--
-- Name: address_id_seq; Type: SEQUENCE OWNED BY; Schema: public; Owner: postgres
--

ALTER SEQUENCE public.address_id_seq OWNED BY public.address.id;


--
-- Name: admin_user; Type: TABLE; Schema: public; Owner: postgres
--

CREATE TABLE public.admin_user (
    id integer NOT NULL,
    username character varying(255) NOT NULL,
    role character varying(255) NOT NULL
);


ALTER TABLE public.admin_user OWNER TO postgres;

--
-- Name: admin_user_id_seq; Type: SEQUENCE; Schema: public; Owner: postgres
--

CREATE SEQUENCE public.admin_user_id_seq
    AS integer
    START WITH 1
    INCREMENT BY 1
    NO MINVALUE
    NO MAXVALUE
    CACHE 1;


ALTER SEQUENCE public.admin_user_id_seq OWNER TO postgres;

--
-- Name: admin_user_id_seq; Type: SEQUENCE OWNED BY; Schema: public; Owner: postgres
--

ALTER SEQUENCE public.admin_user_id_seq OWNED BY public.admin_user.id;


--
-- Name: cart; Type: TABLE; Schema: public; Owner: postgres
--

CREATE TABLE public.cart (
    id integer NOT NULL,
    customer_id integer NOT NULL
);


ALTER TABLE public.cart OWNER TO postgres;

--
-- Name: cart_id_seq; Type: SEQUENCE; Schema: public; Owner: postgres
--

CREATE SEQUENCE public.cart_id_seq
    AS integer
    START WITH 1
    INCREMENT BY 1
    NO MINVALUE
    NO MAXVALUE
    CACHE 1;


ALTER SEQUENCE public.cart_id_seq OWNER TO postgres;

--
-- Name: cart_id_seq; Type: SEQUENCE OWNED BY; Schema: public; Owner: postgres
--

ALTER SEQUENCE public.cart_id_seq OWNED BY public.cart.id;


--
-- Name: cart_item; Type: TABLE; Schema: public; Owner: postgres
--

CREATE TABLE public.cart_item (
    cart_id integer NOT NULL,
    product_id integer NOT NULL,
    quantity integer NOT NULL,
    CONSTRAINT cart_item_quantity_check CHECK ((quantity > 0))
);


ALTER TABLE public.cart_item OWNER TO postgres;

--
-- Name: category; Type: TABLE; Schema: public; Owner: postgres
--

CREATE TABLE public.category (
    id integer NOT NULL,
    name character varying(255) NOT NULL
);


ALTER TABLE public.category OWNER TO postgres;

--
-- Name: category_id_seq; Type: SEQUENCE; Schema: public; Owner: postgres
--

CREATE SEQUENCE public.category_id_seq
    AS integer
    START WITH 1
    INCREMENT BY 1
    NO MINVALUE
    NO MAXVALUE
    CACHE 1;


ALTER SEQUENCE public.category_id_seq OWNER TO postgres;

--
-- Name: category_id_seq; Type: SEQUENCE OWNED BY; Schema: public; Owner: postgres
--

ALTER SEQUENCE public.category_id_seq OWNED BY public.category.id;


--
-- Name: customer; Type: TABLE; Schema: public; Owner: postgres
--

CREATE TABLE public.customer (
    id integer NOT NULL,
    first_name character varying(50) NOT NULL,
    last_name character varying(50) NOT NULL,
    email character varying(255) NOT NULL,
    phone character varying(10)
);


ALTER TABLE public.customer OWNER TO postgres;

--
-- Name: customer_id_seq; Type: SEQUENCE; Schema: public; Owner: postgres
--

CREATE SEQUENCE public.customer_id_seq
    AS integer
    START WITH 1
    INCREMENT BY 1
    NO MINVALUE
    NO MAXVALUE
    CACHE 1;


ALTER SEQUENCE public.customer_id_seq OWNER TO postgres;

--
-- Name: customer_id_seq; Type: SEQUENCE OWNED BY; Schema: public; Owner: postgres
--

ALTER SEQUENCE public.customer_id_seq OWNED BY public.customer.id;


--
-- Name: flyway_schema_history; Type: TABLE; Schema: public; Owner: postgres
--

CREATE TABLE public.flyway_schema_history (
    installed_rank integer NOT NULL,
    version character varying(50),
    description character varying(200) NOT NULL,
    type character varying(20) NOT NULL,
    script character varying(1000) NOT NULL,
    checksum integer,
    installed_by character varying(100) NOT NULL,
    installed_on timestamp without time zone DEFAULT now() NOT NULL,
    execution_time integer NOT NULL,
    success boolean NOT NULL
);


ALTER TABLE public.flyway_schema_history OWNER TO postgres;

--
-- Name: logistic_company; Type: TABLE; Schema: public; Owner: postgres
--

CREATE TABLE public.logistic_company (
    id integer NOT NULL,
    name character varying(255) NOT NULL,
    api_base_url character varying(255) NOT NULL
);


ALTER TABLE public.logistic_company OWNER TO postgres;

--
-- Name: logistic_company_id_seq; Type: SEQUENCE; Schema: public; Owner: postgres
--

CREATE SEQUENCE public.logistic_company_id_seq
    AS integer
    START WITH 1
    INCREMENT BY 1
    NO MINVALUE
    NO MAXVALUE
    CACHE 1;


ALTER SEQUENCE public.logistic_company_id_seq OWNER TO postgres;

--
-- Name: logistic_company_id_seq; Type: SEQUENCE OWNED BY; Schema: public; Owner: postgres
--

ALTER SEQUENCE public.logistic_company_id_seq OWNED BY public.logistic_company.id;


--
-- Name: notification; Type: TABLE; Schema: public; Owner: postgres
--

CREATE TABLE public.notification (
    id integer NOT NULL,
    customer_id integer NOT NULL,
    type_id integer NOT NULL,
    content text NOT NULL
);


ALTER TABLE public.notification OWNER TO postgres;

--
-- Name: notification_id_seq; Type: SEQUENCE; Schema: public; Owner: postgres
--

CREATE SEQUENCE public.notification_id_seq
    AS integer
    START WITH 1
    INCREMENT BY 1
    NO MINVALUE
    NO MAXVALUE
    CACHE 1;


ALTER SEQUENCE public.notification_id_seq OWNER TO postgres;

--
-- Name: notification_id_seq; Type: SEQUENCE OWNED BY; Schema: public; Owner: postgres
--

ALTER SEQUENCE public.notification_id_seq OWNED BY public.notification.id;


--
-- Name: notification_subscription; Type: TABLE; Schema: public; Owner: postgres
--

CREATE TABLE public.notification_subscription (
    customer_id integer NOT NULL,
    type_id integer NOT NULL,
    enabled boolean DEFAULT true NOT NULL
);


ALTER TABLE public.notification_subscription OWNER TO postgres;

--
-- Name: notification_type; Type: TABLE; Schema: public; Owner: postgres
--

CREATE TABLE public.notification_type (
    id integer NOT NULL,
    name character varying(255) NOT NULL,
    channel character varying(255) NOT NULL
);


ALTER TABLE public.notification_type OWNER TO postgres;

--
-- Name: notification_type_id_seq; Type: SEQUENCE; Schema: public; Owner: postgres
--

CREATE SEQUENCE public.notification_type_id_seq
    AS integer
    START WITH 1
    INCREMENT BY 1
    NO MINVALUE
    NO MAXVALUE
    CACHE 1;


ALTER SEQUENCE public.notification_type_id_seq OWNER TO postgres;

--
-- Name: notification_type_id_seq; Type: SEQUENCE OWNED BY; Schema: public; Owner: postgres
--

ALTER SEQUENCE public.notification_type_id_seq OWNED BY public.notification_type.id;


--
-- Name: order_item; Type: TABLE; Schema: public; Owner: postgres
--

CREATE TABLE public.order_item (
    order_id integer NOT NULL,
    product_id integer NOT NULL,
    quantity integer NOT NULL,
    unit_price numeric(10,2) NOT NULL,
    CONSTRAINT order_item_quantity_check CHECK ((quantity > 0))
);


ALTER TABLE public.order_item OWNER TO postgres;

--
-- Name: orders; Type: TABLE; Schema: public; Owner: postgres
--

CREATE TABLE public.orders (
    id integer NOT NULL,
    customer_id integer NOT NULL,
    address_id integer NOT NULL,
    shipment_method_id integer NOT NULL,
    payment_id integer,
    status character varying(255) NOT NULL,
    total_amount numeric(10,2) NOT NULL,
    currency character varying(3) NOT NULL
);


ALTER TABLE public.orders OWNER TO postgres;

--
-- Name: orders_id_seq; Type: SEQUENCE; Schema: public; Owner: postgres
--

CREATE SEQUENCE public.orders_id_seq
    AS integer
    START WITH 1
    INCREMENT BY 1
    NO MINVALUE
    NO MAXVALUE
    CACHE 1;


ALTER SEQUENCE public.orders_id_seq OWNER TO postgres;

--
-- Name: orders_id_seq; Type: SEQUENCE OWNED BY; Schema: public; Owner: postgres
--

ALTER SEQUENCE public.orders_id_seq OWNED BY public.orders.id;


--
-- Name: payment; Type: TABLE; Schema: public; Owner: postgres
--

CREATE TABLE public.payment (
    id integer NOT NULL,
    order_id integer NOT NULL,
    method_id integer NOT NULL,
    amount numeric(10,2) NOT NULL,
    currency character varying(3) NOT NULL,
    status character varying(50) NOT NULL
);


ALTER TABLE public.payment OWNER TO postgres;

--
-- Name: payment_id_seq; Type: SEQUENCE; Schema: public; Owner: postgres
--

CREATE SEQUENCE public.payment_id_seq
    AS integer
    START WITH 1
    INCREMENT BY 1
    NO MINVALUE
    NO MAXVALUE
    CACHE 1;


ALTER SEQUENCE public.payment_id_seq OWNER TO postgres;

--
-- Name: payment_id_seq; Type: SEQUENCE OWNED BY; Schema: public; Owner: postgres
--

ALTER SEQUENCE public.payment_id_seq OWNED BY public.payment.id;


--
-- Name: payment_method; Type: TABLE; Schema: public; Owner: postgres
--

CREATE TABLE public.payment_method (
    id integer NOT NULL,
    name character varying(255) NOT NULL,
    type character varying(255) NOT NULL
);


ALTER TABLE public.payment_method OWNER TO postgres;

--
-- Name: payment_method_id_seq; Type: SEQUENCE; Schema: public; Owner: postgres
--

CREATE SEQUENCE public.payment_method_id_seq
    AS integer
    START WITH 1
    INCREMENT BY 1
    NO MINVALUE
    NO MAXVALUE
    CACHE 1;


ALTER SEQUENCE public.payment_method_id_seq OWNER TO postgres;

--
-- Name: payment_method_id_seq; Type: SEQUENCE OWNED BY; Schema: public; Owner: postgres
--

ALTER SEQUENCE public.payment_method_id_seq OWNED BY public.payment_method.id;


--
-- Name: platform; Type: TABLE; Schema: public; Owner: postgres
--

CREATE TABLE public.platform (
    id integer NOT NULL,
    name character varying(255) NOT NULL,
    api_base_url character varying(255) NOT NULL
);


ALTER TABLE public.platform OWNER TO postgres;

--
-- Name: platform_id_seq; Type: SEQUENCE; Schema: public; Owner: postgres
--

CREATE SEQUENCE public.platform_id_seq
    AS integer
    START WITH 1
    INCREMENT BY 1
    NO MINVALUE
    NO MAXVALUE
    CACHE 1;


ALTER SEQUENCE public.platform_id_seq OWNER TO postgres;

--
-- Name: platform_id_seq; Type: SEQUENCE OWNED BY; Schema: public; Owner: postgres
--

ALTER SEQUENCE public.platform_id_seq OWNED BY public.platform.id;


--
-- Name: product; Type: TABLE; Schema: public; Owner: postgres
--

CREATE TABLE public.product (
    id integer NOT NULL,
    platform_id integer NOT NULL,
    category_id integer NOT NULL,
    name character varying(255) NOT NULL,
    price numeric(10,2) NOT NULL,
    currency character varying(3) NOT NULL,
    available boolean DEFAULT true NOT NULL
);


ALTER TABLE public.product OWNER TO postgres;

--
-- Name: product_id_seq; Type: SEQUENCE; Schema: public; Owner: postgres
--

CREATE SEQUENCE public.product_id_seq
    AS integer
    START WITH 1
    INCREMENT BY 1
    NO MINVALUE
    NO MAXVALUE
    CACHE 1;


ALTER SEQUENCE public.product_id_seq OWNER TO postgres;

--
-- Name: product_id_seq; Type: SEQUENCE OWNED BY; Schema: public; Owner: postgres
--

ALTER SEQUENCE public.product_id_seq OWNED BY public.product.id;


--
-- Name: refund; Type: TABLE; Schema: public; Owner: postgres
--

CREATE TABLE public.refund (
    id integer NOT NULL,
    order_id integer NOT NULL,
    reason text NOT NULL,
    status character varying(255) NOT NULL
);


ALTER TABLE public.refund OWNER TO postgres;

--
-- Name: refund_id_seq; Type: SEQUENCE; Schema: public; Owner: postgres
--

CREATE SEQUENCE public.refund_id_seq
    AS integer
    START WITH 1
    INCREMENT BY 1
    NO MINVALUE
    NO MAXVALUE
    CACHE 1;


ALTER SEQUENCE public.refund_id_seq OWNER TO postgres;

--
-- Name: refund_id_seq; Type: SEQUENCE OWNED BY; Schema: public; Owner: postgres
--

ALTER SEQUENCE public.refund_id_seq OWNED BY public.refund.id;


--
-- Name: return_item; Type: TABLE; Schema: public; Owner: postgres
--

CREATE TABLE public.return_item (
    return_id integer NOT NULL,
    order_item_order_id integer NOT NULL,
    order_item_product_id integer NOT NULL,
    quantity integer NOT NULL,
    CONSTRAINT return_item_quantity_check CHECK ((quantity > 0))
);


ALTER TABLE public.return_item OWNER TO postgres;

--
-- Name: review; Type: TABLE; Schema: public; Owner: postgres
--

CREATE TABLE public.review (
    id integer NOT NULL,
    customer_id integer NOT NULL,
    product_id integer NOT NULL,
    order_id integer NOT NULL,
    rating integer NOT NULL,
    comment character varying(255),
    CONSTRAINT review_rating_check CHECK (((rating >= 1) AND (rating <= 5)))
);


ALTER TABLE public.review OWNER TO postgres;

--
-- Name: review_id_seq; Type: SEQUENCE; Schema: public; Owner: postgres
--

CREATE SEQUENCE public.review_id_seq
    AS integer
    START WITH 1
    INCREMENT BY 1
    NO MINVALUE
    NO MAXVALUE
    CACHE 1;


ALTER SEQUENCE public.review_id_seq OWNER TO postgres;

--
-- Name: review_id_seq; Type: SEQUENCE OWNED BY; Schema: public; Owner: postgres
--

ALTER SEQUENCE public.review_id_seq OWNED BY public.review.id;


--
-- Name: shipment; Type: TABLE; Schema: public; Owner: postgres
--

CREATE TABLE public.shipment (
    id integer NOT NULL,
    order_id integer NOT NULL,
    shipment_method_id integer NOT NULL,
    shipped_at timestamp without time zone,
    estimated_delivery date
);


ALTER TABLE public.shipment OWNER TO postgres;

--
-- Name: shipment_id_seq; Type: SEQUENCE; Schema: public; Owner: postgres
--

CREATE SEQUENCE public.shipment_id_seq
    AS integer
    START WITH 1
    INCREMENT BY 1
    NO MINVALUE
    NO MAXVALUE
    CACHE 1;


ALTER SEQUENCE public.shipment_id_seq OWNER TO postgres;

--
-- Name: shipment_id_seq; Type: SEQUENCE OWNED BY; Schema: public; Owner: postgres
--

ALTER SEQUENCE public.shipment_id_seq OWNED BY public.shipment.id;


--
-- Name: shipment_method; Type: TABLE; Schema: public; Owner: postgres
--

CREATE TABLE public.shipment_method (
    id integer NOT NULL,
    name character varying(255) NOT NULL,
    carrier_id integer NOT NULL,
    estimated_days integer NOT NULL
);


ALTER TABLE public.shipment_method OWNER TO postgres;

--
-- Name: shipment_method_id_seq; Type: SEQUENCE; Schema: public; Owner: postgres
--

CREATE SEQUENCE public.shipment_method_id_seq
    AS integer
    START WITH 1
    INCREMENT BY 1
    NO MINVALUE
    NO MAXVALUE
    CACHE 1;


ALTER SEQUENCE public.shipment_method_id_seq OWNER TO postgres;

--
-- Name: shipment_method_id_seq; Type: SEQUENCE OWNED BY; Schema: public; Owner: postgres
--

ALTER SEQUENCE public.shipment_method_id_seq OWNED BY public.shipment_method.id;


--
-- Name: support_ticket; Type: TABLE; Schema: public; Owner: postgres
--

CREATE TABLE public.support_ticket (
    id integer NOT NULL,
    customer_id integer NOT NULL,
    order_id integer,
    subject character varying(255) NOT NULL,
    status character varying(255) NOT NULL
);


ALTER TABLE public.support_ticket OWNER TO postgres;

--
-- Name: support_ticket_id_seq; Type: SEQUENCE; Schema: public; Owner: postgres
--

CREATE SEQUENCE public.support_ticket_id_seq
    AS integer
    START WITH 1
    INCREMENT BY 1
    NO MINVALUE
    NO MAXVALUE
    CACHE 1;


ALTER SEQUENCE public.support_ticket_id_seq OWNER TO postgres;

--
-- Name: support_ticket_id_seq; Type: SEQUENCE OWNED BY; Schema: public; Owner: postgres
--

ALTER SEQUENCE public.support_ticket_id_seq OWNED BY public.support_ticket.id;


--
-- Name: ticket_message; Type: TABLE; Schema: public; Owner: postgres
--

CREATE TABLE public.ticket_message (
    id integer NOT NULL,
    ticket_id integer NOT NULL,
    author_type character varying(255) NOT NULL,
    author_id integer NOT NULL,
    message character varying(255) NOT NULL
);


ALTER TABLE public.ticket_message OWNER TO postgres;

--
-- Name: ticket_message_id_seq; Type: SEQUENCE; Schema: public; Owner: postgres
--

CREATE SEQUENCE public.ticket_message_id_seq
    AS integer
    START WITH 1
    INCREMENT BY 1
    NO MINVALUE
    NO MAXVALUE
    CACHE 1;


ALTER SEQUENCE public.ticket_message_id_seq OWNER TO postgres;

--
-- Name: ticket_message_id_seq; Type: SEQUENCE OWNED BY; Schema: public; Owner: postgres
--

ALTER SEQUENCE public.ticket_message_id_seq OWNED BY public.ticket_message.id;


--
-- Name: tracking_info; Type: TABLE; Schema: public; Owner: postgres
--

CREATE TABLE public.tracking_info (
    id integer NOT NULL,
    shipment_id integer NOT NULL,
    tracking_number character varying(255) NOT NULL
);


ALTER TABLE public.tracking_info OWNER TO postgres;

--
-- Name: tracking_info_id_seq; Type: SEQUENCE; Schema: public; Owner: postgres
--

CREATE SEQUENCE public.tracking_info_id_seq
    AS integer
    START WITH 1
    INCREMENT BY 1
    NO MINVALUE
    NO MAXVALUE
    CACHE 1;


ALTER SEQUENCE public.tracking_info_id_seq OWNER TO postgres;

--
-- Name: tracking_info_id_seq; Type: SEQUENCE OWNED BY; Schema: public; Owner: postgres
--

ALTER SEQUENCE public.tracking_info_id_seq OWNED BY public.tracking_info.id;


--
-- Name: address id; Type: DEFAULT; Schema: public; Owner: postgres
--

ALTER TABLE ONLY public.address ALTER COLUMN id SET DEFAULT nextval('public.address_id_seq'::regclass);


--
-- Name: admin_user id; Type: DEFAULT; Schema: public; Owner: postgres
--

ALTER TABLE ONLY public.admin_user ALTER COLUMN id SET DEFAULT nextval('public.admin_user_id_seq'::regclass);


--
-- Name: cart id; Type: DEFAULT; Schema: public; Owner: postgres
--

ALTER TABLE ONLY public.cart ALTER COLUMN id SET DEFAULT nextval('public.cart_id_seq'::regclass);


--
-- Name: category id; Type: DEFAULT; Schema: public; Owner: postgres
--

ALTER TABLE ONLY public.category ALTER COLUMN id SET DEFAULT nextval('public.category_id_seq'::regclass);


--
-- Name: customer id; Type: DEFAULT; Schema: public; Owner: postgres
--

ALTER TABLE ONLY public.customer ALTER COLUMN id SET DEFAULT nextval('public.customer_id_seq'::regclass);


--
-- Name: logistic_company id; Type: DEFAULT; Schema: public; Owner: postgres
--

ALTER TABLE ONLY public.logistic_company ALTER COLUMN id SET DEFAULT nextval('public.logistic_company_id_seq'::regclass);


--
-- Name: notification id; Type: DEFAULT; Schema: public; Owner: postgres
--

ALTER TABLE ONLY public.notification ALTER COLUMN id SET DEFAULT nextval('public.notification_id_seq'::regclass);


--
-- Name: notification_type id; Type: DEFAULT; Schema: public; Owner: postgres
--

ALTER TABLE ONLY public.notification_type ALTER COLUMN id SET DEFAULT nextval('public.notification_type_id_seq'::regclass);


--
-- Name: orders id; Type: DEFAULT; Schema: public; Owner: postgres
--

ALTER TABLE ONLY public.orders ALTER COLUMN id SET DEFAULT nextval('public.orders_id_seq'::regclass);


--
-- Name: payment id; Type: DEFAULT; Schema: public; Owner: postgres
--

ALTER TABLE ONLY public.payment ALTER COLUMN id SET DEFAULT nextval('public.payment_id_seq'::regclass);


--
-- Name: payment_method id; Type: DEFAULT; Schema: public; Owner: postgres
--

ALTER TABLE ONLY public.payment_method ALTER COLUMN id SET DEFAULT nextval('public.payment_method_id_seq'::regclass);


--
-- Name: platform id; Type: DEFAULT; Schema: public; Owner: postgres
--

ALTER TABLE ONLY public.platform ALTER COLUMN id SET DEFAULT nextval('public.platform_id_seq'::regclass);


--
-- Name: product id; Type: DEFAULT; Schema: public; Owner: postgres
--

ALTER TABLE ONLY public.product ALTER COLUMN id SET DEFAULT nextval('public.product_id_seq'::regclass);


--
-- Name: refund id; Type: DEFAULT; Schema: public; Owner: postgres
--

ALTER TABLE ONLY public.refund ALTER COLUMN id SET DEFAULT nextval('public.refund_id_seq'::regclass);


--
-- Name: review id; Type: DEFAULT; Schema: public; Owner: postgres
--

ALTER TABLE ONLY public.review ALTER COLUMN id SET DEFAULT nextval('public.review_id_seq'::regclass);


--
-- Name: shipment id; Type: DEFAULT; Schema: public; Owner: postgres
--

ALTER TABLE ONLY public.shipment ALTER COLUMN id SET DEFAULT nextval('public.shipment_id_seq'::regclass);


--
-- Name: shipment_method id; Type: DEFAULT; Schema: public; Owner: postgres
--

ALTER TABLE ONLY public.shipment_method ALTER COLUMN id SET DEFAULT nextval('public.shipment_method_id_seq'::regclass);


--
-- Name: support_ticket id; Type: DEFAULT; Schema: public; Owner: postgres
--

ALTER TABLE ONLY public.support_ticket ALTER COLUMN id SET DEFAULT nextval('public.support_ticket_id_seq'::regclass);


--
-- Name: ticket_message id; Type: DEFAULT; Schema: public; Owner: postgres
--

ALTER TABLE ONLY public.ticket_message ALTER COLUMN id SET DEFAULT nextval('public.ticket_message_id_seq'::regclass);


--
-- Name: tracking_info id; Type: DEFAULT; Schema: public; Owner: postgres
--

ALTER TABLE ONLY public.tracking_info ALTER COLUMN id SET DEFAULT nextval('public.tracking_info_id_seq'::regclass);


--
-- Data for Name: address; Type: TABLE DATA; Schema: public; Owner: postgres
--

COPY public.address (id, customer_id, country, region, city, street, postal_code) FROM stdin;
1	1	Lao People's Democratic Republic	Vermont	North Lake Reed	89557 Kautzer Meadow	22075
2	2	Grenada	Arizona	South Port Connerview	937255 Neoma Divide	40855-8134
3	3	Norway	Idaho	Stoneshire	559954 Cronin Common	71032
4	4	Faroe Islands	Nevada	Osinskifort	60218 Zboncak Ways	65018-3538
5	5	Lebanon	Kansas	West New Grady	262446 Aylin Wells	66708
6	6	Montenegro	Missouri	Beckerburgh	980707 Morton Fall	04322-4458
7	7	Morocco	Maryland	South New Letitia	50160 Tina Brook	06467-4248
8	8	Cocos (Keeling) Islands	Pennsylvania	West Port Ignatius	249309 Carlos Loaf	63658-6324
9	9	Paraguay	Alabama	Lenoreland	224604 Marques Falls	10131-3566
10	10	Anguilla	Missouri	North Lake Brittany	181952 Janet Brook	31354
11	11	Trinidad and Tobago	North Carolina	East New Kelsi	168090 Whitney Shores	52485-5518
12	12	Italy	Maryland	Jeramychester	568497 Lesch Mills	53383
13	13	Iran, Islamic Republic of	Mississippi	Laylafurt	412475 Kutch Isle	46323-0647
14	14	Fiji	Illinois	East New Lyricshire	81173 Maci Motorway	36005-3637
15	15	Malawi	Virginia	South Lake Estell	81917 Will Cove	06452
16	16	Slovenia	Oregon	Dixieton	605632 Virgil Course	71624
17	17	United States Minor Outlying Islands	Michigan	Kuphalville	763889 Alysa Trail	38567
18	18	Niger	New Jersey	North Port Meganefurt	709279 Sanford Mount	76828-7567
19	19	El Salvador	Kansas	Serenastad	480705 Kayden Lights	18476
20	20	Panama	Indiana	East Lake Danika	634871 Considine Shoal	51016-7604
21	21	Serbia	New Jersey	Guadalupestad	329769 Kulas Track	16751-5762
22	22	Thailand	Utah	Coltenview	237845 Klocko Avenue	57272-3505
23	23	Lebanon	Nebraska	Lebsackborough	212229 Lina Drives	76247-2280
24	24	Chad	Louisiana	East New Caryview	74370 Rubie Track	27846
25	25	Australia	Nevada	Shayleeside	969384 Witting Brooks	85155-5761
26	26	Argentina	Louisiana	West Lake Armani	902703 Schmidt Shore	30456
27	27	Canada	Oklahoma	West Lake Danyka	741 Joelle Court	45784-3558
28	28	Mozambique	Colorado	Loweland	8454 Marvin Ramp	36768
29	29	Switzerland	Utah	South Lake Rosie	828016 Cecile Station	00146-2317
30	30	Jersey	Ohio	Amosbury	27800 Dickinson Pass	50068
31	31	Costa Rica	Arkansas	East Lake Torranceville	149153 Emmerich Shoals	86335-4313
32	32	Taiwan, Province of China	Alaska	Bashirianchester	920169 Littel Trace	80261
33	33	Fiji	Utah	North Lake Jasentown	326516 Reilly Streets	51042
34	34	Nepal	Georgia	South Lake Michele	515526 Corkery Ridge	88026-6603
35	35	Antigua and Barbuda	Virginia	West Lake Cassie	967710 Waelchi Meadow	42106
36	36	Dominica	Massachusetts	East New Vernermouth	342778 Funk Grove	44675
37	37	Jersey	Michigan	Willmstown	137838 Quitzon Valley	54461-3248
38	38	El Salvador	New York	South New Delbert	484715 Teresa Landing	78706-0714
39	39	Cook Islands	Rhode Island	Annashire	422240 Kendra Lane	46386
40	40	Uzbekistan	Montana	South Lake Jammiechester	600694 Stoltenberg Points	01116-1033
41	41	Gabon	Pennsylvania	South Lake Dinafort	448296 Beer Squares	20053-5778
42	42	Niue	Georgia	West Port Lauretta	986500 Brown Pike	36754-0352
43	43	Central African Republic	Maryland	Abdielland	68862 Rutherford Cliffs	76212
44	44	Russian Federation	Montana	Rutherfordchester	182234 Romaguera Island	07126-1210
45	45	Liberia	California	North New Melisa	699566 Berge Common	02525-2575
46	46	Iceland	Texas	East New Estevanville	161368 Margaretta Light	45310-0857
47	47	Northern Mariana Islands	Nebraska	Dejamouth	444496 Ernestina Rapid	78284
48	48	Papua New Guinea	Idaho	South New Aurelio	238171 Sipes Track	01226-5347
49	49	Guyana	Virginia	West Lake Michele	665787 Keebler Wells	81435
50	50	Spain	Nebraska	South Port Wilsonfurt	860801 Roman Crest	75357
51	51	Costa Rica	Michigan	Dedricktown	283895 Rosario Parkway	46253-8541
52	52	Mauritius	Oregon	West New Maegan	592188 Veum Points	43284-1177
53	53	Swaziland	Ohio	East Lake Adelle	967036 Hauck Streets	13621
54	54	Korea, Republic of	Florida	Fannyport	605090 Smitham Radial	00033-3051
55	55	French Guiana	Texas	Clareland	664460 Birdie Walks	87288-1442
56	56	Spain	Ohio	Sophieborough	72189 Nolan Drives	02027
57	57	Somalia	North Dakota	North Lake Makenna	818706 Barton Loaf	81234-1156
58	58	Guam	Colorado	North Lake Mable	508839 Hector Corner	82880
59	59	Tajikistan	Iowa	Westville	376111 Reinger Cove	41756
60	60	Saint Lucia	Rhode Island	West New Angel	160323 Rashawn Overpass	17040
61	61	Philippines	Tennessee	Dachtown	273939 Kevon Fort	23754-6472
62	62	Estonia	New Mexico	East Lake Margotbury	386913 Welch Hollow	86806-8767
63	63	Lebanon	Wyoming	South New Elyse	557872 Dora Road	21162-8675
64	64	Réunion	Oregon	West Port Vivian	293183 Bertrand Prairie	71836-1158
65	65	Timor-leste	Idaho	West Port Boton	425170 Cartwright Ramp	80727-0145
66	66	Korea, Republic of	North Dakota	Nienowburgh	653625 Kameron Knoll	78444-3138
67	67	Cyprus	Indiana	West New Rashadfort	658008 Maida Flats	36058
68	68	Malawi	Missouri	North Port Deven	858064 Schultz Fields	33027-3080
69	69	Rwanda	Florida	Vivienneberg	789063 Estrella Plaza	81810
70	70	Niue	New York	North Lake Elnabury	65606 Mertz Rapid	57440-1877
71	71	Liberia	Iowa	Johnathonfurt	985455 Orn Road	66200
72	72	Japan	Virginia	Lucioburgh	167611 Uriel Loop	80884-7847
73	73	Kyrgyzstan	Arkansas	South Lake Ashlee	97645 D'Amore Avenue	27260-2283
74	74	Cayman Islands	Minnesota	Uptonbury	14535 Blair Cliffs	85666
75	75	Australia	Oklahoma	North New Cassandre	107288 Schulist Rue	53384
76	76	Antarctica	Maine	East Lake Cecelia	633470 Gusikowski Camp	17083
77	77	Norway	Vermont	East New Malinda	162653 Gregg Glens	61304
78	78	Mauritania	Florida	Collierview	115056 Walsh Valley	53347
79	79	Zambia	Alabama	Heidenreichview	683872 Mckenzie Bridge	52756
80	80	Cambodia	Texas	Quigleymouth	162421 Barry Streets	34167-8806
81	81	Antigua and Barbuda	Missouri	Schneiderberg	229124 Noe Valleys	77888-1282
82	82	Congo, The Democratic Republic of The	North Carolina	Abigaylefurt	581858 Dietrich Row	32287-4350
83	83	France	Ohio	South Port Jackshire	296687 Corene Mountains	36668-3346
84	84	Belarus	Alaska	East Port Tania	589401 Doyle Curve	22754-7437
85	85	Luxembourg	Oregon	Stokesmouth	783228 Kozey Fork	56608-3848
86	86	United Arab Emirates	Nebraska	East Port Colin	572486 Crooks Common	64202-8850
87	87	Haiti	Ohio	South Lake Burnice	854758 Jakubowski Unions	57327-2113
88	88	Montenegro	Colorado	Kasandrabury	778438 Albertha Harbors	15067
89	89	Netherlands	Florida	Johnniefort	599881 Jaylon Keys	66505
90	90	Madagascar	Maine	Janieshire	295976 Myrtle Point	71745-4860
91	91	Libya	Alaska	Bergeview	656293 Hildegard Prairie	15888
92	92	Guatemala	Oregon	West New Orlofurt	317950 Leone Falls	20747-6040
93	93	Mauritania	Mississippi	East Lake Colt	156838 Barrows Track	84062-6522
94	94	Heard Island and Mcdonald Islands	West Virginia	North Lake Stephen	558128 Dandre Crescent	58056-0630
95	95	Guadeloupe	Ohio	South New Ole	849976 Keegan Hills	77702-2284
96	96	Cambodia	North Dakota	Mabellefort	964739 Rogahn Springs	10660-8175
97	97	Guadeloupe	Wisconsin	South Lake Ola	787094 Elyssa Forge	85784
98	98	Palestine, State of	Florida	Larsonhaven	802189 Tromp Flats	33161
99	99	Madagascar	Idaho	West Lake Davonland	446641 Werner Manor	82370
100	100	Burkina Faso	Iowa	Goyettefurt	497026 Hagenes Tunnel	78365-3021
101	1	Cameroon	Delaware	Jeremystad	624992 Sonny Extension	17668
102	2	Grenada	Montana	West Lake Aleneton	299800 Hyatt Motorway	85814
103	3	Ethiopia	Idaho	South Lake Royal	122235 Lucie Viaduct	07665-4250
104	4	Kenya	Montana	East New Hope	72401 Jast View	74268
105	5	Equatorial Guinea	Wisconsin	Norvalburgh	945385 Williamson Circle	57542
106	6	Spain	Kentucky	East Port Shaynafurt	956300 Madalyn Pass	28564-3654
107	7	Lebanon	Virginia	South New Cliffordmouth	791821 Rutherford Burg	55781
108	8	Cook Islands	New Mexico	Jaceyshire	705997 Oren Island	43211
109	9	Iceland	Idaho	West Port Gustave	822940 Lavern Bridge	25385-6625
110	10	Nauru	Montana	Franeckiport	698625 Roob Expressway	83816
111	11	Saint Lucia	New Jersey	East New Lilyanbury	782063 Kirlin Wells	20074-5880
112	12	Nepal	Hawaii	East Lake Hunterfurt	25371 Maggie Walks	10835-4147
113	13	Turkmenistan	Alabama	Deckowmouth	159713 Cole Parkway	53253
114	14	Malaysia	Utah	Merlinberg	316696 Cassin Hill	04522
115	15	CuraÇao	South Dakota	Hahnshire	81268 Feest Keys	55041
116	16	Finland	Wisconsin	Swiftbury	705749 Rippin Terrace	76854
117	17	Romania	Alaska	West Lake Verdiemouth	753436 Alisha Hill	43534-3442
118	18	Bangladesh	Indiana	Zoieshire	980649 Cesar Fort	82534-0265
119	19	Tuvalu	Nevada	East Port Brittany	534713 Weimann Plains	50328
120	20	Viet Nam	Montana	Jenningsburgh	448499 Stark Crest	76032
121	21	Saint Lucia	Kansas	South New Leonora	1726 Osvaldo Rapids	14843-0821
122	22	Slovakia	Tennessee	West New Allene	364812 Wiegand Rest	50516-5625
123	23	Kuwait	Oregon	West Lake Elishaberg	630895 Lemke Hill	87244-4123
124	24	Guatemala	Wisconsin	Aydenton	79007 Raymond Prairie	11157
125	25	Hong Kong	Florida	North Lake Leanne	29945 Rogahn Via	34380-5172
126	26	Azerbaijan	Illinois	Gilbertville	952732 Kacie Ranch	28788
127	27	Finland	Oregon	Jacksonbury	152880 Kemmer Fork	65581-8434
128	28	Armenia	Michigan	Ginohaven	860428 Karlee Bypass	14381
129	29	India	New York	East New Mozell	925822 Dahlia Branch	71485-8532
130	30	Bonaire, Sint Eustatius and Saba	Rhode Island	South New Elmira	635628 Guillermo Corner	81518-6705
131	31	Malaysia	Connecticut	Lemkefurt	653357 Rempel Spurs	04616-0140
132	32	Benin	Mississippi	East Lake Daleshire	116229 Euna Shores	68228-6647
133	33	Japan	Georgia	Stehrstad	694997 Abdul Coves	66203
134	34	Nauru	Vermont	Wardchester	397231 Samanta Estate	28414-0028
135	35	Philippines	Maine	Hilpertport	501003 Flatley Lane	32427-6704
136	36	Tunisia	South Dakota	North Lake Donatoburgh	718992 Waylon Bypass	66118
137	37	United Kingdom	New Mexico	Bradtkemouth	452535 Schamberger Track	32666
138	38	Saudi Arabia	Maryland	Parisianside	215504 Jast Wells	50651
139	39	Hong Kong	Arizona	South Port Annabelburgh	460553 Shaylee Spurs	64330-4435
140	40	Cayman Islands	North Dakota	South Port Leonor	605181 Thiel Courts	56531-4073
141	41	Burundi	Maine	East Port Jefferey	550783 Sanford Courts	12420
142	42	South Africa	Texas	Hirtheshire	526720 Hamill Forges	27475
143	43	Palau	Vermont	Boehmstad	906268 Roman Estate	46804
144	44	Fiji	Nebraska	North Port Sammy	45207 Streich Valley	52416-3570
145	45	Saint Barthélemy	Wyoming	North Port Willard	351153 Quincy Wall	62870
146	46	Cyprus	Iowa	North Port Alanafort	844075 Forest Rapid	86707
147	47	Taiwan, Province of China	Utah	West Port Ellsworthtown	691111 Schroeder Squares	77816
148	48	Georgia	California	Celinestad	99459 Keebler Crest	17686-4340
149	49	Togo	Virginia	Ginaview	181360 Mann Lights	53534
150	50	Montserrat	Utah	West Port Arichaven	96829 Emmerich Burgs	18741-7241
151	51	Jordan	Indiana	Arianeburgh	784550 Torp Drive	52430-0652
152	52	Ukraine	Vermont	East Lake Torrance	570231 Stokes Spring	01504-1877
153	53	Eritrea	Texas	East Port Gardnershire	971542 Crystel Fords	86507
154	54	Guam	Georgia	Ernestinaburgh	764319 Fidel Cove	56140-0288
155	55	Samoa	Colorado	Floydside	361538 Elody Drive	66034
156	56	Nepal	Delaware	Collinschester	933138 Kaylie Greens	26863-0731
233	133	Angola	Hawaii	Jenkinsside	437838 Hagenes Plain	70760
157	57	Gambia	Virginia	East Lake Kieranshire	791338 Adonis Extensions	42151-0305
158	58	Macedonia, The Former Yugoslav Republic of	New Jersey	Krismouth	597853 Ondricka Haven	32570-0323
159	59	Iceland	Maryland	North New Gabriella	107088 Leatha Center	36487-2611
160	60	Tanzania, United Republic of	Utah	South Port Jeramieborough	624583 Heidenreich Spurs	30713
161	61	South Sudan	Delaware	Kunzeshire	237804 Reichel Ridge	06206
162	62	Iraq	Ohio	South New Ryleestad	410406 Larson Lights	23566-0535
163	63	Belarus	South Carolina	North Port Roman	902109 Jonathon Forges	15017
164	64	Maldives	Iowa	Abbottchester	875463 Janiya Station	51523-5656
165	65	Luxembourg	Arizona	Arnotown	233041 Darrell Streets	25541-2758
166	66	United States Minor Outlying Islands	Minnesota	Fisherview	742676 Bauch Groves	42581-2858
167	67	Kenya	New Mexico	Jenningsville	837442 Camron Drive	77858-6532
168	68	Indonesia	South Carolina	West Lake Briana	398149 Anya Passage	24310
169	69	Malta	South Dakota	Dangelostad	376990 Maude Camp	48026-1631
170	70	Papua New Guinea	Georgia	Conroyhaven	862681 Hand Ways	72658
171	71	Sierra Leone	New Hampshire	Ivamouth	349670 Williamson Fall	56316-7023
172	72	Mexico	Florida	North Port Luzview	644768 Prohaska Ville	75448-3160
173	73	France	Delaware	South Port Jensen	735359 Raul Harbor	64728
174	74	Antarctica	Montana	North New Nicholeport	509728 Bogan Shoals	41324
175	75	Bulgaria	Michigan	West New Brisa	588002 Ernser Skyway	24774
176	76	Bonaire, Sint Eustatius and Saba	Ohio	South Port Mozelle	209383 Powlowski Lake	33102-5806
177	77	India	Montana	Zolaville	627984 Ilene Mountain	54776-4363
178	78	Costa Rica	New York	Tremblayside	501402 Ozella Gateway	47203-8324
179	79	Cayman Islands	Delaware	Eleonoremouth	270077 Bailey Glen	45844-7065
180	80	Venezuela, Bolivarian Republic of	Nebraska	Doloresfort	282516 Jaylan Viaduct	23134
181	81	Guyana	Arkansas	Kilbacktown	910009 Farrell Valley	15351-2775
182	82	French Polynesia	Kansas	East Port Brianaberg	665797 Collins Canyon	42180-5323
183	83	Trinidad and Tobago	Massachusetts	West New Kiannaside	506081 Stark Gateway	75415-4257
184	84	Japan	Missouri	Wolffport	146654 Murphy Divide	47385-1440
185	85	Italy	Hawaii	South Lake Katrine	174529 Auer Cliff	58566
186	86	Mauritania	Colorado	Shanehaven	96431 Evert Ranch	15372
187	87	Jordan	Massachusetts	Haagborough	491322 Koby Ridges	31838-5482
188	88	Venezuela, Bolivarian Republic of	New Mexico	South Lake Tryciahaven	680700 Greenholt Summit	82167
189	89	Somalia	Wisconsin	East New Karianeport	880327 Emmerich Junction	30571-0765
190	90	Lebanon	Oregon	Micheleborough	985081 Gibson Curve	46273-0661
191	91	Cape Verde	Louisiana	Juanitaville	577571 Travon Passage	30370
192	92	Saint Lucia	Oklahoma	West New Zenafurt	689380 Wolf Route	46380-0463
193	93	Kuwait	Oregon	Helmerside	28184 Abelardo Crest	88873
194	94	Antarctica	Utah	West Lake Amyborough	804904 Harvey Camp	17166
195	95	Isle of Man	Nebraska	Taniahaven	4449 Schmitt Ferry	10356
196	96	Hungary	South Dakota	Hermistonview	960053 Ernser Ville	17036
197	97	Greece	Iowa	West New Kristinaberg	1985 Jenkins Knolls	61713-2225
198	98	Virgin Islands, British	Nevada	Helgaberg	98194 Spinka Radial	33180
199	99	Greenland	Nebraska	South New Newton	300221 Mac Plains	38783
200	100	Macedonia, The Former Yugoslav Republic of	Minnesota	West Port Karinafurt	907354 Arianna Extension	66217-4452
201	101	Montenegro	Nebraska	East Port Cornellburgh	827204 Clay Pines	82872-7151
202	102	Costa Rica	Tennessee	South New Ulicesmouth	610904 Abigayle Village	84057-3357
203	103	Northern Mariana Islands	Montana	North Lake Eugenia	586161 Deron Cove	44516
204	104	Papua New Guinea	Kansas	North Port Arden	891604 Dulce Road	18347
205	105	Slovenia	Nevada	Evangelineview	605181 Rodriguez Avenue	48364
206	106	Mayotte	Virginia	East Port Isaiasburgh	927413 Meagan Ridges	28604-1820
207	107	Ukraine	Idaho	Lemuelburgh	510259 Satterfield Alley	82805-8005
208	108	Belize	Arkansas	Spencershire	779499 Myrtle Via	71450
209	109	Mauritius	Minnesota	Nelsburgh	767319 Vince Cove	11366-8302
210	110	Indonesia	Idaho	South Port Greggmouth	343929 Jayden Hill	42552-1330
211	111	Italy	Alabama	Jerroldfort	544366 Bergnaum Parks	40518-0835
212	112	United Kingdom	Virginia	Clemmieberg	266879 Heidenreich Throughway	70554-0677
213	113	Japan	Colorado	South Port Theresaburgh	9312 Harmon Path	86222
214	114	Cook Islands	Michigan	West New Ursulaport	633147 Agustina Garden	46700
215	115	Oman	Vermont	Lefflerfurt	613360 Lindgren Prairie	60430-3133
216	116	Slovakia	Maine	Gilbertoville	955537 Kunde Field	23571-4081
217	117	Slovenia	Washington	Rebeccaburgh	908121 Kirk Pass	55061-6458
218	118	Haiti	Wisconsin	North Lake Joesph	24948 Orville Bridge	48137
219	119	Nigeria	Oregon	Benburgh	276082 Candace Lane	28203
220	120	Hungary	Washington	North Port Carmella	638318 Hamill Cliff	88753-8405
221	121	Macao	Ohio	Norvalfort	633172 Bobbie Bridge	27563
222	122	Philippines	Washington	Mayerstad	945541 Rowe Forks	84440
223	123	Central African Republic	Oklahoma	Eastonland	823566 Ziemann Canyon	58638-7575
224	124	Tokelau	New York	East New Joelle	336929 Renner Turnpike	70567
225	125	Marshall Islands	Nebraska	Batzton	699735 Alicia Passage	00363-5868
226	126	South Sudan	Mississippi	South Lake Calestad	68874 Genesis Tunnel	52831
227	127	Lithuania	Florida	West Lake Armandomouth	264882 Luther Course	42640
228	128	Turkey	Florida	Elveraburgh	373407 Waters Rest	54722-6534
229	129	Chile	Pennsylvania	Michaelborough	349195 Vandervort Parkways	21318-8867
230	130	Yemen	Wyoming	Donnyburgh	441809 Chance Knoll	54722-2267
231	131	Rwanda	Utah	Lutherburgh	104513 Marilou Shoal	03805
232	132	Singapore	Wyoming	North New Boris	948933 Frederic Drive	14876
234	134	Nigeria	North Carolina	East Port Alverastad	765482 Kitty Course	75252
235	135	Benin	Hawaii	Deanhaven	362110 Ruecker Viaduct	77826
236	136	New Caledonia	Iowa	Krajcikstad	478565 Wintheiser Mews	30577-0013
237	137	Seychelles	Mississippi	North Lake Sophiafort	865609 Addie Fork	71638-4548
238	138	Nigeria	Oregon	West New Lilian	404742 Beer Expressway	31045-5528
239	139	Western Sahara	Pennsylvania	South Port Ashlee	487165 Freeda Drive	51640-0343
240	140	Bolivia, Plurinational State of	New Mexico	West New Savanna	528972 Bogan Bridge	44712
241	141	Saint Lucia	Vermont	South Lake Vicente	731124 Christ Route	82746
242	142	Suriname	Massachusetts	Rodriguezborough	384799 Bartoletti Forks	38766
243	143	Saint Lucia	Minnesota	Kutchmouth	915567 Ritchie Orchard	57130
244	144	Montenegro	New Jersey	East New Boris	565645 Borer Canyon	46707
245	145	Palau	Maine	North New Beaulahfurt	969417 Krajcik Loaf	85067
246	146	Eritrea	New Mexico	South Port Estefaniaside	611306 Lowe Mission	01641
247	147	Bahamas	Maine	West Port Theodora	502550 Jayda Drives	51158-0736
248	148	Turks and Caicos Islands	South Dakota	Delfinatown	650824 Farrell Plaza	80264
249	149	Bangladesh	New York	Keonberg	777799 Johnston Extensions	30067-3131
250	150	Madagascar	Rhode Island	Schummview	778278 Wehner Fort	10621-1801
251	151	Western Sahara	Maine	North Lake Greggshire	96110 Zieme Ways	16500
252	152	South Georgia and The South Sandwich Islands	Alabama	North Port Caterina	959386 Bettye Shores	08123
253	153	Vanuatu	Arizona	East Lake Althea	357964 Adalberto Fords	16851-6001
254	154	Puerto Rico	Alaska	South Lake Clair	418959 Danika Via	25023-7745
255	155	Venezuela, Bolivarian Republic of	Ohio	West Port Toreyfort	682974 Zula Plaza	26212
256	156	Taiwan, Province of China	Alaska	South Port Chase	146906 Wuckert Dale	86151-1618
257	157	Central African Republic	Missouri	West Port Henrihaven	568836 Jefferey Center	72664-1705
258	158	Turks and Caicos Islands	Washington	North Port Nelson	612256 Jeffery Glens	40446
259	159	Ireland	New Hampshire	Vandervortstad	608349 Karina Roads	50627
260	160	United States Minor Outlying Islands	Kentucky	West Port Chesleyville	279159 Reichel Points	24176-2000
261	161	Bangladesh	West Virginia	Millershire	633260 Annie Vista	47277-2263
262	162	Peru	Montana	West Lake Josefina	643736 Tillman Estate	15036-0157
263	163	Kyrgyzstan	Virginia	East New Brooklynburgh	57542 Kub Path	10545-0814
264	164	Italy	Pennsylvania	North Port Orvilleborough	622182 Trevion Brooks	34125-2337
265	165	Taiwan, Province of China	Hawaii	North Port Serena	135241 Pacocha Cliffs	07544-3847
266	166	Lesotho	Michigan	Faheyfurt	305622 Hansen Crossing	47780-7204
267	167	Colombia	Georgia	Veumborough	89642 Weston Valleys	04782
268	168	Norway	Colorado	South Port Hailey	680615 Monahan Point	74823-7408
269	169	Colombia	Kansas	Bernierside	206577 Wendy Ferry	16002
270	170	British Indian Ocean Territory	Indiana	North Port Al	394627 Josefa Path	24232-1872
271	171	Bahamas	Washington	Lefflerfurt	495819 Morissette Spur	85317
272	172	CuraÇao	Tennessee	Ardithshire	58817 Abbott Points	64087
273	173	Vanuatu	Mississippi	Wendymouth	939836 Johnston Harbors	44621-8447
274	174	Sweden	Arkansas	South New Raquel	79324 Ada Extension	57527-1612
275	175	Tuvalu	Vermont	Haleyview	265253 Cara Gateway	45363
276	176	Portugal	West Virginia	Goodwinstad	65267 Jalon Harbors	30780
277	177	Guam	Kansas	Littelhaven	229011 McDermott Burg	16350
278	178	Luxembourg	Alaska	Bartontown	443514 Marvin Fall	11352-6705
279	179	Puerto Rico	Alaska	North Lake Aylin	316300 Fadel Creek	40254-2130
280	180	Saint Lucia	Connecticut	Prestonmouth	882248 Dudley Spring	56877
281	181	Cocos (Keeling) Islands	Nevada	South Port Ezequielmouth	537840 Eloy Meadow	48077
282	182	Mayotte	New Mexico	North Port Brennanview	210742 Keanu Loaf	60353
283	183	Qatar	Mississippi	Runolfsdottirhaven	986587 Gustavo Land	50023
284	184	India	Massachusetts	North Port Christaberg	448273 Ted Shore	16808-6070
285	185	Somalia	Iowa	Huelsshire	611289 Hane Way	07767-4668
286	186	Wallis and Futuna	Utah	South Port Hans	49770 Yessenia Mall	32328-4102
287	187	Brunei Darussalam	Minnesota	Framiborough	185036 Bahringer Greens	07481
288	188	Austria	Arkansas	Berneiceberg	676243 Camille Ford	02252
289	189	Guam	Mississippi	West New Kenville	723082 Rempel Centers	67373-6312
290	190	Svalbard and Jan Mayen	Arizona	East New Elizabeth	52470 Nicolas Walk	20262-2188
291	191	Saudi Arabia	Colorado	Priceberg	588304 Shany Mountains	66720-4212
292	192	Montenegro	Alabama	East New Jamisonbury	487366 Jamal Squares	86332-5044
293	193	Belgium	South Dakota	South Port Zulamouth	333779 Graham Trafficway	72572-5822
294	194	Tunisia	Oregon	West Lake Tiaborough	545167 Bednar Ramp	44014-4635
295	195	Micronesia, Federated States of	Alabama	West Lake Isaacside	165185 King Falls	71676
296	196	Sri Lanka	Georgia	Willton	265549 Grayson Forges	01754-7361
297	197	Guadeloupe	West Virginia	East Lake Lisette	30470 Runolfsson Streets	15116-3846
298	198	Slovakia	Tennessee	East New Kristychester	924301 Bailey Brooks	21462-8834
299	199	Turks and Caicos Islands	Vermont	Janiceport	747806 Daugherty Fork	10622-2563
300	200	Croatia	Hawaii	Chanelleville	479291 Hintz Keys	63761-2125
301	1	Virgin Islands, British	Arizona	West New Lonzo	471780 Yvette Alley	70005
302	2	Somalia	New Hampshire	Flaviefurt	49713 Magdalen Radial	04585-2270
303	3	Jersey	Mississippi	North New Joel	282589 Heathcote Valleys	57340
304	4	Fiji	New Mexico	West Lake Kalechester	489056 Zora Highway	20765-6766
305	5	Panama	Tennessee	Emardborough	375429 Ledner Hill	31637-3201
306	6	Brazil	Rhode Island	Kelleyhaven	707836 Hirthe Gateway	32255
307	7	Mayotte	Washington	East Port Jazmyneborough	571862 West Garden	76252-8027
308	8	Guyana	Louisiana	Everettebury	816277 Johann Cliffs	73857-2168
309	9	Italy	West Virginia	Waelchiside	470717 Auer Trafficway	84053-7052
310	10	United Kingdom	Utah	West Lake Vincenza	389802 Eldred Shore	87860
311	11	Italy	Hawaii	Denesikland	743518 Wiegand Unions	68431-6505
312	12	Austria	Arizona	East Lake Fern	654833 Rosenbaum Flat	57236
313	13	Papua New Guinea	Idaho	Hackettchester	359336 Okey Rapid	07104
314	14	Rwanda	North Dakota	Ilenemouth	525789 Charley Canyon	56146-1446
315	15	Belarus	Kansas	South New Riley	168570 Jessie Keys	57077-7288
316	16	Guatemala	New Hampshire	Tonifort	714166 Norwood Crossroad	82233
317	17	New Caledonia	Alabama	West New Ibrahimbury	88298 Spencer Plaza	42225
318	18	Mozambique	South Dakota	East Lake Russ	50720 Ramiro Wells	22553-6328
319	19	Turkmenistan	Pennsylvania	North New Niaview	227797 Yadira Spurs	81744
320	20	Bolivia, Plurinational State of	Maine	North Port Jaqueline	163250 Altenwerth Villages	24828
321	21	Saint Vincent and The Grenadines	Utah	South Lake Giovanna	42644 Caleb Shores	82704-4811
322	22	Malaysia	Michigan	Dominicfort	255836 Ward Underpass	11275
323	23	Eritrea	Arizona	West New Maryamville	633172 Gleason Estate	43476-2368
324	24	Rwanda	Vermont	South Lake Blanca	879206 Robel Expressway	71011
325	25	China	North Dakota	Gloverton	333778 Conn Circles	02180-2271
326	26	Western Sahara	Washington	Pascaleport	802400 Liam Spur	54007-8067
327	27	Kyrgyzstan	Virginia	West Port Dejahtown	387417 Emmet Path	11145-4250
328	28	Lao People's Democratic Republic	West Virginia	West New Darren	960001 Isidro Mall	77556-2167
329	29	Australia	Georgia	Murrayport	968212 Margarete Crossroad	81060-3101
330	30	Kazakhstan	Illinois	North Port Aron	490815 Rocio Cove	36440
331	31	Switzerland	North Dakota	Legrosbury	15391 Schaefer Square	12807
332	32	Jordan	Vermont	South Lake Theodoraburgh	632662 Stamm Brooks	78664
333	33	Togo	Pennsylvania	Danielchester	884037 Maymie Spur	20712
334	34	Malawi	North Dakota	West New Waldo	930509 Feest Turnpike	51472
335	35	San Marino	Washington	West New Leannshire	870431 Parisian Crest	18552
336	36	Kyrgyzstan	Iowa	Denesikfurt	914928 Jarrell Oval	42842
337	37	Egypt	Idaho	Krystalton	997415 Keebler Fort	43077-1225
338	38	Côte d'Ivoire	West Virginia	Cobyhaven	756730 Eulalia Meadow	86506-4657
339	39	Congo	Hawaii	West Lake Torey	916103 Marks Ranch	17651
340	40	South Sudan	Tennessee	West Lake Solon	749138 Shad Path	86011
341	41	Sint Maarten (dutch Part)	Virginia	Noemouth	155871 Franco Circle	78031-0858
342	42	Fiji	Arkansas	North New Jadon	762927 Freddie Dam	67666-7458
343	43	Hong Kong	Wyoming	Millerbury	303999 Hoppe Walks	45081
344	44	Mali	North Dakota	North Port Donnell	982980 Fay Ridges	71032-6376
345	45	Bouvet Island	Iowa	North Lake Monica	194196 Ruben Shore	42578
346	46	Guam	Mississippi	Kochberg	529629 Preston Fall	07677-2181
347	47	Uganda	Alabama	Nicoletteborough	106840 Shields Extensions	18557-6017
348	48	Pitcairn	Maryland	Emmerichport	648174 Rodriguez Forge	27317-1071
349	49	Viet Nam	Wisconsin	South Port Heaven	643407 Max Motorway	47352
350	50	Cape Verde	Alaska	North New Candicefort	997770 Freddy Mews	38062
351	51	Guadeloupe	Missouri	South Port Demetris	921278 Sanford Via	32081-2357
352	52	Zimbabwe	New Mexico	Elvaview	941937 McLaughlin Rest	36851
353	53	Faroe Islands	West Virginia	Trantowberg	56801 Brendan Turnpike	10722
354	54	Seychelles	Hawaii	North Port Cortney	459354 Bartell Estate	04380-8523
355	55	Guyana	Wisconsin	North Port Grahamfort	152141 Franecki Meadow	87741
356	56	Cape Verde	Nebraska	Roscoehaven	975889 Schmitt Hollow	48418-5764
357	57	Norway	Wyoming	Nathanaeltown	39621 Schulist Wall	18523-0117
358	58	Vanuatu	South Dakota	Abbottside	824526 Felicity Tunnel	41324
359	59	Myanmar	Michigan	North Port Lexie	80859 Kyle Flats	64678-2781
360	60	Nauru	Kansas	Vivienneport	97928 Green Streets	48526-7700
361	61	United States Minor Outlying Islands	Nebraska	North New Destineehaven	95128 Arnulfo Summit	52531-7271
362	62	Gambia	Delaware	West New Wilfrid	14252 Beahan Overpass	74205-2435
363	63	Qatar	Georgia	East New Manuelfort	690814 Lakin Fall	27122-7632
364	64	Pitcairn	Maine	Sipesfort	544481 Stanton Forks	52752
365	65	Fiji	Kentucky	Jenkinsshire	377050 Lenora Skyway	78272
366	66	Mauritania	Iowa	South New Dariusberg	428227 Aiyana Garden	83354
367	67	Aruba	Rhode Island	Aufderharton	289030 Kuhic Drives	13131-8366
368	68	Turks and Caicos Islands	Delaware	Erdmanville	24406 Swaniawski Stream	67226-1105
369	69	French Guiana	Virginia	North Port Summermouth	105914 Rae Neck	23035
370	70	Lao People's Democratic Republic	Florida	West New Lola	37998 Alana Crossing	65812-2171
371	71	Serbia	Ohio	North Port Adellamouth	753319 Obie Cliff	07464-5036
372	72	Sierra Leone	South Dakota	Maiyaview	716579 Stephany Center	06516-2666
373	73	Côte d'Ivoire	Rhode Island	West Port Eleanore	730910 Javonte Mill	25800-4424
374	74	Congo	Maine	Paucekbury	523771 Smith Ville	22277-7544
375	75	Guernsey	Connecticut	West Port Jamey	695563 Garret Park	42515-3774
376	76	Uganda	Kentucky	Jenifershire	483117 Terry Drive	38773-6275
377	77	Holy See (Vatican City State)	Washington	Wavaside	328822 Shields Road	75307-4612
378	78	Dominican Republic	Delaware	West New Johnathon	405906 Darrel Circles	25620-0576
379	79	Oman	Oregon	South Port Elroy	809361 Demetris Shore	56101
380	80	Denmark	Illinois	North Port Pinkieville	366276 Wehner Expressway	01764-2776
381	81	South Africa	Kansas	Edwinaberg	627842 Franco Streets	02563
382	82	Jersey	South Carolina	Rosenbaumburgh	282657 Greenfelder Ramp	38468
383	83	Eritrea	Maryland	West Lake Nola	691667 Dickens Ports	02228-5255
384	84	Svalbard and Jan Mayen	Maine	Raheemhaven	836250 Sauer Shore	21552
385	85	Uganda	North Carolina	West New Jennie	719800 Trantow Way	33262
386	86	Timor-leste	Oklahoma	East New Matildamouth	256197 Reid Squares	20075-1116
387	87	Congo, The Democratic Republic of The	Missouri	Cielobury	138867 Graham Glens	55235-0683
388	88	Cook Islands	Indiana	Erinton	143164 Jacobson Drives	44521
389	89	Sint Maarten (dutch Part)	Wyoming	Urielburgh	131650 Wilkinson Forges	87650-2346
390	90	Liberia	Maryland	North New Charlesfurt	700349 Kunde Cape	41865
391	91	Croatia	Kansas	Legrosbury	422382 Jasen Skyway	28252
392	92	South Africa	South Carolina	Jamieburgh	822763 Tressa Point	37468
393	93	Iraq	South Carolina	Destinfurt	337975 Oliver Crossroad	17843-6123
394	94	Angola	Maine	East New Ericka	95746 Smitham Drive	24881
395	95	Australia	Massachusetts	Cristopherton	981893 Germaine Canyon	73472
396	96	Iran, Islamic Republic of	New Mexico	East Lake Eva	359537 Mann Common	86105-5718
397	97	Bahrain	Utah	Destinyfurt	583503 Farrell Inlet	21600
398	98	Tajikistan	North Carolina	Reichelbury	987922 Kurt Coves	87760
399	99	Somalia	Iowa	North New Halleton	410032 Dejuan Fall	32366
400	100	Lebanon	Delaware	East Lake Coltonmouth	260472 Lind Lake	85275-6144
401	101	Guyana	Wisconsin	Chloeborough	12740 Ankunding Vista	51778-7143
402	102	Equatorial Guinea	Arizona	North Port Bryon	343130 Morar Greens	37802
403	103	Micronesia, Federated States of	Oregon	East New Kiptown	631919 Agustin Via	43387-4686
404	104	Åland Islands	Arizona	East Lake Melisabury	374069 Davis Station	61285-4358
405	105	Sweden	Ohio	Adityafort	786169 Goodwin Locks	12450-3408
406	106	Belize	Ohio	Davidtown	759526 Barrows Curve	51550
407	107	Tuvalu	Utah	Ashlynnstad	473906 Sonny Pines	53477-2855
408	108	United States Minor Outlying Islands	Mississippi	Alfonsotown	149672 Lyla Corner	43643-7532
409	109	Oman	Minnesota	North New Keenantown	74552 Lehner Spur	36863-3461
410	110	Montserrat	Texas	West Port Elissa	996191 Anya Viaduct	81618
411	111	Thailand	South Carolina	North Lake Seth	757725 Marks Mills	87581-0031
412	112	France	Georgia	East Lake Oniebury	367398 Jonatan Manors	47041-7284
413	113	Saint Martin (french Part)	Ohio	Bernierside	214286 Cristopher Ways	85464-0086
414	114	Barbados	Hawaii	Lelaside	720703 Christian Lakes	05788
415	115	Bermuda	New York	West Lake Marjorie	22588 Conner Ridges	38450
416	116	Israel	Massachusetts	South Lake Lunaton	262112 Blanche Manor	31210-4762
417	117	Greece	Arizona	Dickinsonstad	196184 Jakubowski Trail	03872
418	118	Australia	Iowa	Beerhaven	442321 Miguel Motorway	80874
419	119	Finland	California	Shanahanbury	186625 Bergstrom Union	16628
420	120	Croatia	Michigan	Eichmannburgh	359878 Demetris Fort	74505-4104
421	121	Åland Islands	California	Coleville	981938 Bruen Trafficway	73373-7464
422	122	Peru	North Dakota	Paxtonville	660488 Sigrid Haven	73522-5603
423	123	Falkland Islands (Malvinas)	North Dakota	Friesenborough	359221 Carroll Mountains	18840
424	124	Uzbekistan	Louisiana	Zulaufland	677991 Mayert Port	56707
425	125	Austria	North Carolina	South New Dorthafort	944580 Koepp Well	28103
426	126	Malawi	Connecticut	Johnstonside	607457 Kaleb Manor	34834-7522
427	127	Cuba	North Carolina	Moenport	469007 Bins Springs	22771
428	128	United States Minor Outlying Islands	Iowa	South Port Myrl	815191 Janae Ferry	23881
429	129	Tanzania, United Republic of	Florida	Dietrichton	840708 Reynolds Extensions	23165-0225
430	130	Chad	Colorado	Reyesberg	905693 Jordon Creek	22461
431	131	Macedonia, The Former Yugoslav Republic of	Ohio	East Lake Millie	437551 Bahringer Flat	10231
432	132	New Zealand	Oregon	West Port Vita	27619 Greenholt Via	22821-1224
433	133	Bermuda	Arizona	Josemouth	987538 Bartoletti Trail	27206-5642
434	134	Romania	South Carolina	Dangeloport	242732 Lindgren Points	06176-3148
435	135	Greece	Indiana	Bartelltown	53245 D'Amore Hills	80557-1751
436	136	Nauru	Montana	North Port Kelsiefort	266802 Kassulke Garden	47876
437	137	Russian Federation	Florida	Vanbury	587026 Jacques Bypass	38516
438	138	Nigeria	Nevada	Joshhaven	33897 Kovacek Plain	13288
439	139	Viet Nam	Wyoming	Vinnieborough	126790 Wayne Passage	20566-6785
440	140	Oman	Arizona	South Port Nicole	965024 Lehner Landing	82560-2825
441	141	Sweden	Connecticut	Alysachester	605470 Heathcote Circle	25740
442	142	Tokelau	North Carolina	North Lake Celineville	246619 Velva Key	55066
443	143	Romania	Michigan	West New Santino	779974 Mitchell Estates	04523-5173
444	144	Faroe Islands	New Mexico	Josephineview	368862 D'Amore Villages	82678
445	145	Sint Maarten (dutch Part)	Colorado	Bechtelarbury	60277 Willa Run	61465-1605
446	146	El Salvador	Hawaii	Walshville	298519 Boyd Ports	32080-1336
447	147	Trinidad and Tobago	Texas	Kieraberg	366528 Dariana Crossing	53676
448	148	Réunion	Virginia	East Port Jenifer	704756 Hansen Islands	10415-0472
449	149	Greenland	Alabama	Kelsiefort	683362 Jameson Avenue	71514-2620
450	150	Tunisia	Arkansas	Swaniawskiborough	407678 Berge Bridge	22213-1427
451	151	Libya	New Jersey	Paucekstad	743115 Hudson Prairie	75621-3204
452	152	Tuvalu	Arkansas	East New Darrin	452563 Ledner Ferry	58388
453	153	Malawi	Hawaii	North Port Winona	833001 Stark Mall	24541
454	154	Maldives	Vermont	Generalton	956677 Kub Squares	08611-3537
455	155	Singapore	North Carolina	North New Kraig	30411 Wilber Springs	16508-2118
456	156	Monaco	New Jersey	Gaetanochester	363358 Aric Fall	36410-1408
457	157	Sint Maarten (dutch Part)	Arkansas	South Port Janiefurt	346640 Buck Turnpike	55227-8647
458	158	San Marino	North Carolina	East Lake Jarredland	144133 Batz Lane	58161
459	159	Grenada	Iowa	East Port Adrain	675261 Lorenz Ford	73763-4451
460	160	Ghana	Wyoming	Pacochaside	654504 Ryan Roads	27726
461	161	Mali	Arkansas	West Port Wallacetown	256928 Therese Crossing	40562
462	162	Myanmar	Kansas	West New Kamerontown	21606 Ethyl Streets	81254
463	163	Cook Islands	Alaska	Koryshire	342910 Kihn Junctions	27226-8236
464	164	Trinidad and Tobago	New Hampshire	Brianton	806382 Esmeralda Skyway	07877
465	165	Virgin Islands, U.S.	Minnesota	Marianfort	41793 Bradtke Points	20251-6685
466	166	Tanzania, United Republic of	Maryland	North New Paris	79276 Kunde Stream	03343-3665
467	167	Canada	New Mexico	Aleenmouth	201591 Kozey Point	02173-5227
468	168	Algeria	Mississippi	Pollichberg	717711 Gussie Key	41577
469	169	Seychelles	Michigan	South New Elianeshire	249188 Kuphal Land	30236
470	170	Philippines	North Carolina	South Lake Woodrow	707300 Sipes Branch	88472
471	171	Mauritania	Virginia	East New Nestor	526855 Tyrese Spurs	87023
472	172	Angola	Mississippi	Maximusview	552975 Allison Cliff	10064
473	173	Uruguay	Kansas	North New Hilbertland	296783 Braun Isle	48333-8552
474	174	Brazil	Kentucky	Ryderburgh	765744 Pamela Centers	55683
475	175	French Southern Territories	Montana	Keelingberg	724575 Valentina Crossing	83025
476	176	Cuba	Missouri	Keelingburgh	29644 Dahlia Well	61722
477	177	Swaziland	Missouri	Champlinbury	822507 Johnny Plaza	64212
478	178	Uruguay	South Dakota	Reggiestad	156050 Keanu Estate	31716
479	179	Algeria	Georgia	North New Glennie	264247 Schultz Rest	41423-1514
480	180	Solomon Islands	Texas	North Lake Phoebeborough	772503 Colin Route	61705
481	181	Indonesia	Pennsylvania	South New Zitaberg	288367 Myah Way	51237-7125
482	182	Macedonia, The Former Yugoslav Republic of	Vermont	Smithamville	616307 Mariana Plain	58373-1227
483	183	Sint Maarten (dutch Part)	Michigan	West Port Shermanville	949735 Johnny Cape	02618-2346
484	184	Australia	New Hampshire	Fannieberg	246150 Malika Loop	35625-3268
485	185	South Georgia and The South Sandwich Islands	Alaska	East Lake Craig	577910 O'Hara Cove	45670-0044
486	186	Liberia	Alaska	Armstrongbury	920770 Lang Loaf	07757
487	187	Romania	Missouri	West New Emilianoton	328732 Lea Isle	26626
488	188	Tokelau	North Dakota	Janiyabury	27107 Romaine Walk	56685
489	189	Mauritius	Georgia	Jairoberg	778250 Marcel Via	54731-1740
490	190	Cook Islands	Wyoming	Paxtontown	984216 Myrl Neck	34704-4164
491	191	Indonesia	Missouri	Larkinview	727381 Hayes Flat	00232
492	192	Ethiopia	Utah	Trishashire	20295 Blick Club	46520
493	193	Pakistan	New Mexico	Corwinfurt	89777 Geovany Falls	04166
494	194	Chile	Wisconsin	East Lake Eve	298999 Floyd Shores	77086-1225
495	195	Nauru	Illinois	South Lake Bethanyberg	450071 Kovacek Hills	02364-8486
496	196	Algeria	North Carolina	Arthurville	26508 Bode Ville	82346-6123
497	197	Luxembourg	Michigan	North Lake Saigestad	612399 Sheridan Flats	74606-5753
498	198	Montenegro	Alabama	Feeneyville	714449 Collin Mews	41103-5530
499	199	Gambia	Louisiana	South New Heather	829393 Rosamond Drives	48431
500	200	Algeria	Colorado	West New Daisy	616702 Judd Ways	62764-5231
501	201	Ireland	Connecticut	Niatown	448545 Josephine Stravenue	34761-0464
502	202	Eritrea	Illinois	North New Fiona	440429 Quitzon Wall	15311
503	203	Libya	Iowa	Mathiaschester	964872 Donnie Turnpike	58446-4820
504	204	British Indian Ocean Territory	Nevada	Sanfordhaven	675309 Walter Viaduct	66028
505	205	Lesotho	South Dakota	McLaughlinview	286286 Waters Corners	80887
506	206	Portugal	Texas	East New Gaetano	737697 Gunnar Hill	65562
507	207	Zambia	Utah	East New Kayceebury	961659 Eugene Walk	25780-3436
508	208	Maldives	Mississippi	East New Alicemouth	907826 Ardella Mountains	04184
509	209	Belarus	Alabama	Ronaldoport	755851 Dare Burgs	22322
510	210	Singapore	Idaho	North New Adonisview	593347 Avery Villages	46173-0465
511	211	Viet Nam	New Mexico	North Port Maybell	301073 Pagac Crossroad	55777
512	212	Iran, Islamic Republic of	Ohio	Romagueraburgh	579015 Gutmann Greens	14817
513	213	Grenada	South Dakota	Belltown	536857 Lauriane Trail	35110
514	214	Aruba	Georgia	East Lake Clydehaven	666839 Emerald Shoals	32821
515	215	New Zealand	New Mexico	East Port Solon	344581 Stiedemann Parkways	07002
516	216	Mozambique	Wisconsin	Hyattbury	842744 Dock Wall	11327
517	217	Cyprus	Massachusetts	Joaniestad	709999 Fisher Avenue	71275-7844
518	218	Saint Vincent and The Grenadines	Louisiana	Yazminfort	526226 Reginald Forges	53665-0151
519	219	Lesotho	New Hampshire	East Lake Dedrick	833170 Breitenberg Courts	88140
520	220	CuraÇao	Alaska	Kimberg	425166 Pierre Roads	71684-6353
521	221	Angola	Connecticut	Breanaview	455871 Wyman Radial	74014-5278
522	222	Liberia	Maryland	West New Alberthaport	885654 Hackett Shores	78765
523	223	Antigua and Barbuda	Iowa	West New Joeyville	973434 Hosea Falls	87282
524	224	Holy See (Vatican City State)	Minnesota	Reynoldsberg	361661 Giovani Common	64044
525	225	Austria	Utah	West Lake Geovanniborough	804982 Stanford Throughway	84346
526	226	Nicaragua	Georgia	South Lake Cristianchester	964326 Adams Parks	58284
527	227	Timor-leste	Connecticut	Schillershire	316338 Gutkowski Haven	65140
528	228	Isle of Man	New Jersey	Owenhaven	979701 Tyree Square	08061-7678
529	229	Thailand	Wisconsin	Kyleport	873733 Barton Circles	70517
530	230	Portugal	Wisconsin	East Port Lavernaton	719324 Hauck Crossing	33537-3722
531	231	Malawi	Alaska	North Lake Alysonville	338155 Brady Way	71668-7808
532	232	Virgin Islands, British	Montana	South Lake Irwinstad	371796 Rolfson Pass	57310
533	233	Egypt	Connecticut	East New Westley	781140 Boyer Meadows	04875-5653
534	234	Liechtenstein	Kentucky	West New Jaeden	401153 Una Divide	46318-4515
535	235	Bhutan	Colorado	Zboncakland	650216 Metz Point	05630-1550
536	236	Venezuela, Bolivarian Republic of	Rhode Island	Cecilefurt	467457 Merlin Spurs	51657-1103
537	237	France	Kentucky	East Port Ashtonburgh	325709 Rylan Prairie	03332
538	238	Ethiopia	Missouri	Grimeston	106292 Brakus Trace	76804-2502
539	239	San Marino	Arkansas	Libbyhaven	351665 Bauch Place	45773
540	240	Wallis and Futuna	North Dakota	West New Vida	471682 Treutel Shoals	38248-1542
541	241	Iceland	New Jersey	West New Cassidymouth	924995 Katelin Pass	16611
542	242	Israel	Washington	Sanfordberg	751384 Dustin Turnpike	35287
543	243	Heard Island and Mcdonald Islands	Idaho	North New Edmond	401428 Fatima Stream	57036
544	244	United States	Wisconsin	Klingbury	268261 Cordelia Extensions	34657-2473
545	245	Eritrea	Nebraska	East Port Timmy	518198 Joanie Grove	61330
546	246	United States	Colorado	Elsafort	198153 Lera Gardens	70882-0682
547	247	Turks and Caicos Islands	Wisconsin	West Lake Jailynville	418356 Eliza Corners	52750
548	248	Viet Nam	Delaware	South Lake Bernita	204580 June Lock	16148-2116
549	249	Saint Pierre and Miquelon	Maine	Orvillestad	232960 Doris Harbor	26650
550	250	Kuwait	South Dakota	East New Amberview	319064 Olson Well	62026
551	251	Tonga	Alabama	South Port Malcolmland	71362 O'Connell Radial	82648-5145
552	252	Bermuda	North Dakota	Volkmanstad	199297 Dietrich Divide	10627
553	253	South Africa	New York	North Lake Jaydeport	733476 Zulauf Forge	72856-0785
554	254	Congo, The Democratic Republic of The	South Carolina	Rennerland	812814 McDermott Heights	17067-3446
555	255	Barbados	New York	Pourosshire	947183 Luettgen Lake	51200-7541
556	256	Nigeria	Oregon	West Lake Rollinview	981289 Casper Haven	45048
557	257	Algeria	Michigan	Kuhnchester	641741 Skye Hollow	20624
558	258	Ireland	Oregon	East New Stanfordhaven	402966 Ramiro Circle	72856
559	259	Jersey	Oregon	South Lake Jaden	941215 Cormier Green	63625
560	260	Antarctica	Wyoming	Jessicaport	271491 Mohr Plain	68676
561	261	Djibouti	Montana	North Port Jillian	268972 Claudia Oval	02757
562	262	Tajikistan	West Virginia	North Port Wyatt	959408 Payton Heights	83285-4831
563	263	Bahamas	Pennsylvania	Boehmtown	724186 Trinity Mall	80841
564	264	Kenya	Colorado	South Port Adrian	497556 Littel Parks	08076
565	265	Ghana	Ohio	North New Assunta	856943 Miller Lodge	52751-5458
566	266	Honduras	Pennsylvania	Larkinland	812914 Estell Road	37333-8512
567	267	Vanuatu	Vermont	West New Garrett	302626 Ignatius Bridge	64407
568	268	Mongolia	Alabama	Arlenemouth	528128 Runolfsdottir Mission	78724
569	269	Palestine, State of	Florida	East Port Bernadinetown	431166 Karolann Pass	77183-8855
570	270	South Georgia and The South Sandwich Islands	Delaware	Lindstad	310082 Eliseo Creek	87026
571	271	Lao People's Democratic Republic	Nebraska	Howellville	608047 Nedra Center	57732-7605
572	272	Mongolia	Kentucky	Fritschshire	821570 Beahan Village	04218-8030
573	273	Guam	Missouri	Breitenbergfort	64781 Stoltenberg Parks	56025-6820
574	274	Bulgaria	Oklahoma	O'Connerburgh	274568 Camryn Courts	56262-3343
575	275	Guam	Delaware	West Lake Kaylah	616674 Dedric Branch	06870-8014
576	276	Marshall Islands	Colorado	West Port Shanon	940732 Giovanna Ridge	40200
577	277	Brunei Darussalam	Iowa	Cormierborough	730203 Wiegand Heights	16102
578	278	Morocco	Arizona	South Lake Calechester	978221 Johnson Shoals	86737
579	279	Bouvet Island	Hawaii	Friesenbury	787985 Fannie Crossing	61356-3336
580	280	Thailand	Maine	Skilesmouth	874134 Auer Plaza	21504
581	281	Mauritania	Maryland	South New Hershelfurt	904805 Keaton Plains	87803
582	282	Belgium	Colorado	Jakubowskiton	727707 Becker Shore	83403-2241
583	283	Côte d'Ivoire	Vermont	Taraport	699569 Russ Estates	80288
584	284	Norfolk Island	Michigan	Flaviochester	531075 Abernathy Unions	46207-3506
585	285	Indonesia	Kansas	Leschchester	46610 Gusikowski Mission	45236
586	286	United States	Wisconsin	East New Kavon	490012 Esteban Key	45455-7611
587	287	French Guiana	Connecticut	Marquardtbury	945982 Ladarius Fork	84827
588	288	Mozambique	Minnesota	South New Danyka	125045 Marilyne Brooks	01425-1278
589	289	Russian Federation	Montana	Beryltown	387017 Schiller Branch	87232
590	290	Djibouti	North Dakota	East Lake Malachi	777229 Lowe Route	31767
591	291	Western Sahara	Wyoming	Krajcikshire	800225 Sporer Knolls	53458-8741
592	292	Rwanda	Louisiana	Kobyland	13449 Kenya Gateway	46235
593	293	Pakistan	Minnesota	East Port Jed	250542 Kuhlman Square	65180
594	294	Papua New Guinea	Ohio	Smithview	392520 Tyree Canyon	83726-1136
595	295	Guatemala	Alaska	West Lake Orval	834542 Reese Spurs	58836-4702
596	296	Wallis and Futuna	South Carolina	Blandaburgh	980837 Tillman Motorway	44581
597	297	Cuba	Louisiana	South New Jaunita	116752 Burdette Hill	36761-2121
598	298	French Guiana	Vermont	East Lake Bertramfurt	984787 Waelchi Motorway	45850-1188
599	299	Saudi Arabia	Georgia	Shanahanview	581573 Waelchi Station	65318
600	300	Ecuador	Delaware	Baumbachtown	791566 Ray Tunnel	66141
601	1	Comoros	Arizona	Macfurt	219310 Arlo Meadows	04205-6562
602	2	Poland	Virginia	Serenaside	258152 Cicero Crescent	42231-3574
603	3	Venezuela, Bolivarian Republic of	Oregon	Farrellstad	554175 Chad Extensions	62472
604	4	Costa Rica	Maryland	Brittanyland	71393 Toy Brook	82081
605	5	Honduras	Delaware	Patside	26032 Cydney Knolls	10103-2048
606	6	Benin	Vermont	North Lake Alysson	320200 Treutel Crossroad	67043
607	7	Saint Helena, Ascension and Tristan Da Cunha	Nevada	North Port Julienhaven	853664 Audra Mission	04367
608	8	Saint Kitts and Nevis	Washington	Larsonstad	5830 Scot Fort	55357
609	9	Chad	Georgia	North Port Dessiefurt	530840 Kuhlman Avenue	76204
610	10	Kyrgyzstan	Vermont	Padbergborough	28489 Lyda Parkways	76178
611	11	Saudi Arabia	Wisconsin	South New Jaquelinfort	69966 Jaylan Fields	83746-4350
612	12	Gambia	Tennessee	West Lake Tess	136301 Vandervort Pines	73432
613	13	Tanzania, United Republic of	Montana	Manteburgh	764395 Nienow Glens	01127-1344
614	14	Serbia	Nebraska	Creminfort	979853 Berniece Lane	18610-0780
615	15	Christmas Island	Virginia	South Lake Athenahaven	922220 Percival Squares	60174
616	16	Bouvet Island	North Dakota	Elmiraview	728365 Shanelle Parkway	56180
617	17	Andorra	Iowa	Mullerberg	339339 Wolf Fields	56207-0427
618	18	Czech Republic	Rhode Island	Wittingfurt	569842 Pollich Ridge	01467
619	19	Korea, Republic of	Wyoming	Weimannside	403029 Fahey Throughway	55047
620	20	Dominica	Utah	Deondreberg	643221 Annette Burgs	75825-3825
621	21	Slovenia	Massachusetts	North New Adah	444375 Hayes Harbors	15253
622	22	Macao	New Hampshire	Gavinland	990368 Lakin Expressway	26870
623	23	Serbia	Arkansas	Greenholtbury	665144 Violet Road	51845
624	24	Mali	Virginia	Bodeville	850607 Bayer Keys	71625
625	25	Belarus	California	West New Jamesonside	396675 Alize Shore	37585
626	26	Afghanistan	Maryland	North Port Kenyachester	821784 Carmen Wall	57140
627	27	Peru	Hawaii	Hudsonton	437730 Senger Highway	54286
628	28	Dominica	Illinois	South Port Quinten	825469 Bailey Junctions	62377
629	29	Niue	Utah	West Lake Frederik	871613 Lila Glen	51601
630	30	Ghana	New York	Gerholdport	550936 Garland Valley	84652-2238
631	31	Kenya	Iowa	Hudsonfurt	411113 Koepp Village	28133-1854
632	32	Somalia	Mississippi	East New Reid	588396 Zulauf Pine	24025-4200
633	33	Turks and Caicos Islands	Wyoming	Flatleyshire	946062 Loyce Branch	38800-0303
634	34	Gibraltar	Iowa	East Port Codyport	609547 Kendall Shores	68434-4633
635	35	Singapore	Arkansas	South Port Bobbyton	735186 Darron Manors	65885-8417
636	36	Finland	Texas	Haagbury	527746 Streich Manors	77271-7263
637	37	Western Sahara	Alabama	Ressieberg	9234 Jaclyn Court	42364-3058
638	38	Saint Lucia	Louisiana	West New Melissatown	662071 McDermott Falls	85320
639	39	Cameroon	Oklahoma	Woodrowchester	918908 Blaze Garden	56784-6331
640	40	Western Sahara	Pennsylvania	Kuhlmanstad	577263 Joey Mall	70674
641	41	Micronesia, Federated States of	Virginia	Camronberg	977927 Rylan Flat	15481-3551
642	42	Morocco	New Hampshire	East Lake Beth	122452 Streich Extensions	43770-7215
643	43	Botswana	New Mexico	North Port Darienbury	995544 Adaline Well	33218-8643
644	44	Nepal	Washington	Ziemestad	538419 Trantow Court	71280
645	45	Estonia	West Virginia	Kuhlmanport	472692 Smitham Bridge	51667
646	46	South Georgia and The South Sandwich Islands	Utah	North New Deshawn	585594 O'Keefe Way	84644
647	47	Zimbabwe	Nevada	North Lake Rogers	306164 Antonette Courts	58412
648	48	Fiji	Utah	Aarontown	874590 Geovanni Terrace	14108
649	49	Kiribati	Arkansas	West Port Ottis	429596 Bergstrom Corner	43148-7465
650	50	Singapore	Oklahoma	Schmidtberg	914326 Considine Court	45354-0514
651	51	Gambia	Florida	North Port Breannefort	385378 Harber Green	73645
652	52	Finland	New York	Antonialand	905393 Wuckert Cliff	72171-2578
653	53	Christmas Island	Pennsylvania	North New Felipefort	454232 Metz Forge	70813-8784
654	54	Jersey	Iowa	East New Reed	711497 Legros Club	67135
655	55	Timor-leste	Pennsylvania	West New Garrison	66733 Oberbrunner Ferry	55085
656	56	Saint Vincent and The Grenadines	Vermont	South New Aletha	763062 Witting Landing	00524
657	57	Sweden	Hawaii	North Port Maurice	935299 Kub Grove	23722-7740
658	58	Pakistan	Connecticut	North New Maude	222142 Ashtyn Mill	06051
659	59	Congo, The Democratic Republic of The	Virginia	Balistreriberg	765402 Howell Valley	06034
660	60	Oman	Connecticut	West Port Cynthia	162593 Schimmel Harbors	71532-7005
661	61	Belize	Nebraska	South Port Darrin	694090 Braun Forge	24701-1326
662	62	Cocos (Keeling) Islands	New Jersey	North Port Cornell	507001 Hoeger Road	13274
663	63	Tanzania, United Republic of	Oklahoma	Pourosberg	270831 Turner Center	53025-3464
664	64	Burundi	Ohio	Creminport	257311 Stroman Plaza	03351
665	65	Puerto Rico	Hawaii	Lemuelbury	789841 Schultz Manors	22684
666	66	Brunei Darussalam	Louisiana	North Lake Melba	871098 Fay Canyon	06142-5830
667	67	Ghana	Oklahoma	West Lake Ottilieport	829312 Ethelyn Falls	33606
668	68	Nepal	New York	Carterland	545851 Luettgen Cove	34664-6458
669	69	Bouvet Island	Delaware	South Lake Leann	474280 Sanford Ports	75035-0420
670	70	Finland	South Dakota	South Lake Maximilliachester	440519 Morissette Brooks	31336
671	71	Bahrain	New Jersey	West New Sarinaburgh	309838 Celestino Underpass	43617-3415
672	72	United States Minor Outlying Islands	Louisiana	East Lake Monserrat	107921 Lind Hill	11806
673	73	Sao Tome and Principe	Tennessee	North New Kathryne	190993 Mallory Freeway	71878
674	74	Czech Republic	Iowa	Lupeborough	570074 Crona Fords	75516-1444
675	75	CuraÇao	Missouri	Dibbertville	470224 Hand Mission	46881
676	76	Nicaragua	Washington	Breitenbergland	905472 Shannon Club	30231-6205
677	77	New Zealand	Vermont	South Port Mose	18782 Predovic Glen	68477-2730
678	78	Burkina Faso	West Virginia	Constanceton	208505 Orland Neck	33085-7540
679	79	Turkey	Rhode Island	South New Nigel	289069 Flo Park	72842
680	80	Israel	Colorado	North Port Camillehaven	524256 Rohan Parkway	05654
681	81	Sri Lanka	Louisiana	North Port Torey	594856 Block Glen	70656
682	82	Switzerland	New Hampshire	North New Kathleen	851808 Elaina Via	72584-6245
683	83	Bahrain	Iowa	East New Marlenton	685987 Schuppe Ville	82211-0644
684	84	Bangladesh	South Carolina	East Port Raheem	294162 Melany Rest	25625
685	85	Algeria	Massachusetts	Marquesview	75201 Smith Groves	80126-0022
686	86	El Salvador	Illinois	South New Makenzie	844905 Sylvia Prairie	31586-0341
687	87	Uganda	Oklahoma	Kubmouth	644254 Lilla Ridge	38367
688	88	French Southern Territories	Texas	East Port Catalinashire	382284 Dayna Lane	25261
689	89	Andorra	California	West Port Keenan	605375 Gabriel Via	40783-2056
690	90	Nepal	Wisconsin	Oriefurt	566105 Harvey Viaduct	41346-7411
691	91	Thailand	Maine	South Lake Arlo	497780 Brandy Villages	51746-1371
692	92	Costa Rica	Utah	Abdulborough	890091 Glen Fort	83415
693	93	Georgia	Wyoming	Reichelville	290598 Abdul Knoll	86544-8704
694	94	Guyana	Utah	East Port Rollin	350885 Kihn Shoal	25526
695	95	Bahamas	Texas	Herzogton	348158 Robel Curve	60652-5463
696	96	Gabon	Tennessee	South Lake Orafurt	987544 Adalberto Stravenue	42485-0285
697	97	Congo, The Democratic Republic of The	West Virginia	West New Jarvis	403396 Metz Park	00636-8803
698	98	Ghana	North Dakota	Buckridgeland	479372 Lebsack Corner	25052
699	99	Falkland Islands (Malvinas)	Arizona	East Port Parismouth	551022 Parisian Plain	00200-4103
700	100	Malaysia	California	Westshire	995072 Welch Canyon	05856-4011
701	101	Sudan	Washington	Samport	41973 Carroll Valleys	16560-4685
702	102	Russian Federation	New Mexico	Gutmanntown	811832 Aditya Coves	24456-7145
703	103	Moldova, Republic of	West Virginia	Laviniatown	298939 Hubert Place	57361-7872
704	104	Turkey	Louisiana	O'Keefeland	660114 Jailyn Shore	73317-6301
705	105	Northern Mariana Islands	Wyoming	Pollichburgh	626185 Grayson Pike	46817-0420
706	106	South Africa	Pennsylvania	South New Idellburgh	368426 Destinee View	16133
707	107	Gambia	Texas	North Port Donna	251776 Lockman Loop	66773
708	108	Malawi	New Mexico	East New Ruth	828891 Michele Extension	14831
709	109	CuraÇao	Washington	Boyermouth	941682 Wilkinson Radial	64550
710	110	Sierra Leone	Mississippi	North New Donna	56969 McGlynn Forges	06743-8565
711	111	Papua New Guinea	Wisconsin	Wardberg	748802 Flavio Courts	34756
712	112	Chad	Maryland	West New Chelsieborough	486131 Earnest Cliffs	61453
713	113	Virgin Islands, U.S.	Indiana	West Port Edamouth	798719 Stefan Drives	73075-4145
714	114	Georgia	Indiana	South New Felicitaberg	694822 Georgiana Shoals	12347
715	115	Georgia	Colorado	Kierahaven	767328 Joey Pine	52728
716	116	Tokelau	South Carolina	Sincereland	2705 Oga Ville	64502-3842
717	117	Ukraine	New Jersey	Susanfort	706603 Ubaldo Garden	16585-2545
718	118	Finland	New Mexico	VonRuedentown	989828 Thomas Mall	76784-2270
719	119	Mauritania	Washington	Wilsonmouth	261155 Morissette Shoal	74673
720	120	Gabon	Delaware	West Port Elmotown	362777 Patrick Pass	37767
721	121	Tajikistan	Colorado	East New Vella	496995 Daren Bypass	37666
722	122	Equatorial Guinea	Maryland	South Lake Marisastad	974893 Brakus Stravenue	52762
723	123	Myanmar	New Mexico	Jonesbury	143993 Pearl Streets	42827
724	124	Bouvet Island	Ohio	North Lake Alicia	439423 Kiehn Centers	75174
725	125	Indonesia	Alabama	West Lake Euna	438148 Ellen Burg	70227
726	126	Finland	New Jersey	North New Kellyview	43317 Agustina Mills	47685-3515
727	127	Qatar	Pennsylvania	South Port Bell	415412 Goyette Underpass	70325-2126
728	128	French Southern Territories	Rhode Island	East Port Kristopherfort	89445 Neal Mountains	77720-3617
729	129	Lesotho	Georgia	East New Melvinmouth	991788 Olson Mall	60815-2132
730	130	United States Minor Outlying Islands	Illinois	Bennieland	8593 Fay Green	71747-1415
731	131	Kuwait	Florida	East Port Zachariahburgh	181052 Stroman Curve	80282
732	132	Bolivia, Plurinational State of	Illinois	East Port Rosendotown	974407 Yundt Avenue	66057
733	133	Jamaica	Maine	Haagburgh	993390 Nichole Ville	58684
734	134	Cocos (Keeling) Islands	Iowa	East Port Brendabury	480633 Romaguera Orchard	70342
735	135	Bouvet Island	California	South Lake Macshire	90315 Paucek Circle	14723
736	136	Guyana	Virginia	North Port Kaden	638178 Murray Courts	67247-8654
737	137	Lesotho	New Jersey	South Port Norbertburgh	811365 Auer Circle	66881
738	138	Finland	Michigan	North New Gudrunport	530694 Ivah Station	63322-5467
739	139	Anguilla	New York	East New Royce	110698 Paxton Way	01463-7326
740	140	Gibraltar	Utah	Derekland	820384 King Parkways	75427-8523
741	141	Northern Mariana Islands	North Dakota	Raphaellemouth	583495 Roselyn Hills	81652
742	142	Niger	Oklahoma	Gulgowskimouth	898426 Harvey Hills	58268-4338
743	143	Kenya	Arkansas	Rockyview	765635 Cassie Points	64252
744	144	Japan	North Dakota	Shyannview	409011 Cedrick Circle	62311
745	145	San Marino	Texas	West Port Brennanstad	854967 Lueilwitz Bypass	21151-1506
746	146	Bouvet Island	Oregon	North Lake Luigiside	204348 Hermiston Mills	11547-0852
747	147	Senegal	Iowa	Catharineside	999785 Lockman Row	80530-6708
748	148	CuraÇao	Massachusetts	North New Claudeshire	18191 Nicolas Grove	32552
749	149	Uzbekistan	Mississippi	Shayneborough	511559 Deron Lights	43663-8658
750	150	Jersey	Maine	South New Jakaylachester	674329 Gerry Hill	08131
751	151	Mexico	Indiana	West Port Deangeloton	378132 Jerde Fort	03343-1817
752	152	Nigeria	Washington	West Port Angelitaborough	979091 Lowe Dale	66716
753	153	Peru	Alabama	Dietrichport	214063 O'Kon Plaza	13461-8033
754	154	Korea, Republic of	Maryland	Whiteborough	972640 Jeremie Cove	86411
755	155	Germany	Maryland	North Lake Tyreehaven	662210 Wehner Mill	57568
756	156	Uzbekistan	Georgia	North Port Stephonbury	45291 Vern Lane	76247-7883
757	157	Guadeloupe	Oklahoma	Enidhaven	163535 Wiley Drive	41632-7758
758	158	Gabon	Massachusetts	Gusikowskishire	241107 Bogan Parks	30800-4116
759	159	Japan	Illinois	East Lake Keshawnberg	330945 Mylene Lock	18741-6373
760	160	Andorra	Arizona	Wehnerview	680504 Monty Bypass	85221
761	161	Solomon Islands	Colorado	Weissnatville	645455 Gulgowski Parkways	73461-3730
762	162	Canada	Nevada	South Lake Felicitachester	288529 Nicklaus Fort	04038
763	163	Christmas Island	Georgia	Alyssonstad	45244 Roob Squares	01343
764	164	Lao People's Democratic Republic	Ohio	North New Danikaborough	681643 Schultz Way	63865
765	165	Iraq	Oklahoma	East Port Earnest	899419 Barton Crescent	43185
766	166	Philippines	Missouri	East Lake Gerdabury	599156 Stacy Glens	64055
767	167	Greenland	Washington	Tremblayport	829223 Spencer Corner	33386
768	168	French Polynesia	Michigan	Streichstad	914879 Celestino Lock	16710-3487
769	169	Saint Pierre and Miquelon	Arizona	Gusikowskihaven	780935 Lucie Well	14364
770	170	Sri Lanka	New Jersey	Xavierville	446497 Maye Mills	75067
771	171	Mayotte	Texas	Kaelafurt	650153 Turner Burgs	57560
772	172	Bouvet Island	New Jersey	Kirlinbury	569936 Armstrong Way	24382
773	173	United Arab Emirates	Maine	Isadoreborough	434385 Dana Inlet	81704-4066
774	174	Romania	South Dakota	North New Uriel	933164 Tavares Row	08608
775	175	Tajikistan	Oklahoma	South New Aubreymouth	152939 Bayer Meadow	43803
776	176	Romania	North Carolina	North Lake Veda	361215 Ward Lights	15187-5022
777	177	Afghanistan	Colorado	Leathaland	379344 Kassandra Plain	24761-4875
778	178	Ethiopia	Texas	Tayaberg	951484 Cole Mount	68627
779	179	Tunisia	Nebraska	Anastasiatown	70088 Bernier Roads	53242
780	180	Saint Kitts and Nevis	Missouri	Roslynville	613048 Rosendo Mill	73611-8544
781	181	Yemen	Kansas	Carrollbury	739467 Moses Dale	35365
782	182	Belarus	Vermont	Hoegerfort	648164 Green Crest	17547
783	183	Saudi Arabia	New York	Peteport	38047 Porter Street	55368-0086
784	184	Cyprus	Florida	Caryshire	359251 Maegan Causeway	87315
785	185	Peru	Montana	Yundtmouth	294136 Adella Forks	78751-3244
786	186	Cameroon	Arizona	Florineborough	885000 Heidenreich Rapid	17532-5111
787	187	Guyana	Georgia	Davisview	827689 Rylan Estates	30878-5588
788	188	Samoa	Oklahoma	Arvillabury	780515 Luettgen Summit	58608-0350
789	189	Czech Republic	Washington	Sanfordborough	179325 Spinka Cape	43230-5145
790	190	Tonga	Wisconsin	South Port Larry	57831 Hodkiewicz Squares	54228
791	191	Palestine, State of	Arizona	East Port Delia	275362 VonRueden Prairie	04412-8724
792	192	Maldives	Oregon	Larkinport	511429 Schmitt Street	37613
793	193	Solomon Islands	Utah	South Port Emmettview	221596 Thompson Garden	15418
794	194	Benin	Delaware	North Lake Keenan	448380 Gaetano Cliff	40687
795	195	Réunion	Kentucky	Satterfieldville	284518 Kaitlyn Mall	23671-0385
796	196	Lesotho	Utah	East New Reidtown	821723 Brice Prairie	41230-3125
797	197	Lesotho	Washington	West Port Javier	287891 Deontae Creek	83161-0888
798	198	Liberia	New York	North Port Leila	499644 Lelah Via	22513
799	199	Tunisia	Wisconsin	Ikeborough	796525 Greenfelder Field	31731
800	200	Taiwan, Province of China	Delaware	North New Elouise	811166 Cummings Heights	48074
801	201	Malta	North Carolina	East Lake Marisa	132521 Yundt Cape	47770-5064
802	202	Vanuatu	Wisconsin	West New Wellingtonmouth	405656 Rippin Manor	42715
803	203	Yemen	Florida	South Port Scarlett	205657 Leffler Street	15130
804	204	Qatar	Connecticut	Gisselleland	49530 Mellie Roads	78431
805	205	Gibraltar	Maryland	North Lake Cristalbury	922957 Clyde Burg	81502-1835
806	206	Heard Island and Mcdonald Islands	Delaware	West New Nelda	94228 Bennie Flat	27574
807	207	Belize	Nebraska	Savanahtown	677528 Gulgowski Corner	80233-7558
808	208	Lao People's Democratic Republic	North Carolina	West New Ronaldo	962999 Daniel Rue	81851-5334
809	209	Martinique	Vermont	North Port Kieranview	630244 Norene Center	65174
810	210	Cuba	Kansas	North Port Vance	9820 Larson Valley	23501-7656
811	211	Kuwait	Illinois	Kulasfort	218377 Watson Plaza	65751
812	212	Australia	Washington	East Lake Sammieburgh	803120 Nolan Villages	82700-1000
813	213	Lao People's Democratic Republic	Ohio	Heathcoteborough	468155 Kiehn Dam	07364
814	214	Suriname	Wyoming	Abernathymouth	844775 Mckenzie Neck	62223-4834
815	215	Nigeria	Nevada	Nicoletteland	982032 Sipes Cove	44724-8230
816	216	Lesotho	Rhode Island	Alexzanderton	346526 Kellen Gateway	38505
817	217	India	Michigan	Kihnbury	870324 Green Curve	76767
818	218	Germany	Connecticut	South Lake Libbyview	271454 Mann Squares	23724
819	219	Burundi	Colorado	Abelardoberg	61641 Balistreri Hollow	43704-0802
820	220	Congo, The Democratic Republic of The	Alaska	Bridgethaven	235354 Brayan Shoal	06360
821	221	Angola	Connecticut	South Lake Angie	488423 Kristy Keys	56007
822	222	Viet Nam	New York	South Port Martine	55514 Gutkowski Meadows	25613
823	223	Poland	Georgia	West New Evans	186378 Lulu Views	55170-1715
824	224	Libya	Nebraska	Abbottburgh	821900 Haley Junction	73642
825	225	Korea, Democratic People's Republic of	Ohio	Beerview	608439 Krajcik Mills	84216
826	226	Saint Helena, Ascension and Tristan Da Cunha	Texas	West New Odellberg	355900 Cronin Summit	71425
827	227	Heard Island and Mcdonald Islands	Hawaii	West Lake Allisonport	508080 Hoppe Turnpike	78206
828	228	Antarctica	Minnesota	Myrtietown	187728 Jeromy Island	10252
829	229	Qatar	New York	Shirleyborough	626982 Stoltenberg Camp	22232
830	230	Chad	Vermont	Idellstad	638684 Cremin Forest	06064-5550
831	231	Greece	Tennessee	West Lake Fatimamouth	87562 Angelina Cape	16723
832	232	Burkina Faso	Arkansas	North Lake Faustinoton	428728 O'Conner Villages	42228
833	233	Finland	Oregon	East Lake Fabiola	989355 Harber Mall	34108-7826
834	234	Cayman Islands	Iowa	Boehmport	359473 Funk Neck	33613-6864
835	235	Sudan	Mississippi	North Lake Allisonstad	598882 Schinner Plaza	04326-2600
836	236	Saint Lucia	Louisiana	Boyerside	340873 Glenda Estates	44411-5471
837	237	Malawi	Louisiana	North New Kristian	792551 Frami Dam	55070
838	238	Central African Republic	Missouri	North Port Coleman	111546 Rempel Fords	22613
839	239	United States	Georgia	West Lake Filomenaside	319662 Stracke Way	72872-1432
840	240	Panama	Mississippi	Ryanhaven	938068 Yost Fork	76434-3682
841	241	Norfolk Island	Maryland	Ethelynview	436909 Hermiston Bridge	13670-0231
842	242	Estonia	Alabama	South New Nameborough	71306 Natasha Loop	34302-0753
843	243	Bhutan	Wyoming	Leuschkefurt	882699 Cassin River	33404
844	244	Niger	New Mexico	Deckowmouth	101684 Green Shoal	84828-0654
845	245	Bahrain	Kentucky	West Port Joelchester	475907 Dare Hollow	28844-4377
846	246	Burundi	Louisiana	West Port Allisonmouth	971389 Miller Crossing	35126
847	247	Samoa	Kansas	North New Arianeborough	20234 Agustin Parks	82666
848	248	Finland	Alabama	East New Fritzfurt	214417 Rolfson Hill	76388
849	249	Belize	Maryland	East Lake Santa	488867 Price Falls	74516
850	250	Western Sahara	Missouri	South New Kim	957141 Donny Loaf	10558
851	251	Mauritius	Colorado	South New Marleyland	894662 Astrid Field	65744
852	252	Bonaire, Sint Eustatius and Saba	Washington	South Lake Hiltonborough	673069 Whitney Wells	43528-6477
853	253	Niue	Minnesota	West Lake Cristal	460948 Jaida Meadows	52877
854	254	Azerbaijan	South Carolina	Obieside	283431 Tyson Course	23584
855	255	Puerto Rico	Nebraska	North Lake Brooklyntown	431763 Sanford Flat	22610-4254
856	256	Suriname	Connecticut	Corkeryburgh	199841 Hintz Oval	58874
857	257	United Arab Emirates	Illinois	West Port Randi	919772 Judah Overpass	74112-8183
858	258	Zimbabwe	Indiana	East Lake Lance	671266 Kylee Canyon	05435
859	259	Belize	Delaware	Kemmerland	743426 Dejuan Mall	54677-4740
860	260	Martinique	Maine	North Lake Graham	895379 Mckenna Spurs	60314-8276
861	261	Kiribati	Hawaii	North Lake Leonhaven	431779 Lindgren Shore	34566-2477
862	262	Angola	Alabama	Andersonhaven	778186 Jerald Springs	82808
863	263	Madagascar	New Hampshire	Josefaborough	81789 Lockman Throughway	44331
864	264	Albania	Wyoming	Karleyfort	897611 Adolfo Court	76720-5767
865	265	Latvia	Delaware	O'Konmouth	717497 Farrell Union	40070
866	266	Papua New Guinea	Michigan	East Port Orionberg	806702 Buckridge Mount	72183-2063
867	267	Aruba	Delaware	West Port Svenbury	902587 Laurine Bypass	36876-1860
868	268	Burkina Faso	Connecticut	Woodrowburgh	953568 Hoeger Fords	58585
869	269	French Guiana	Montana	Mervinberg	559813 Nolan Mission	40358-2623
870	270	Ecuador	South Carolina	Aliviaberg	720980 Schowalter Estate	80055
871	271	Rwanda	Texas	Edythberg	91638 Rigoberto Pass	36227-8150
872	272	Andorra	Louisiana	Wilfredland	877061 Renner Lane	03744
873	273	Morocco	Ohio	Reingerside	381670 Sylvester Brooks	32361
874	274	Solomon Islands	South Dakota	Franzhaven	367052 Davis Cove	20404-4776
875	275	Cape Verde	Maryland	West New Coty	484258 Hintz Rest	51665-4750
876	276	Egypt	Wyoming	East New Elmore	677536 Gaylord Walks	82622
877	277	Kuwait	Texas	North Port Osbaldo	566736 Keenan Trafficway	37100-0055
878	278	Christmas Island	New York	Hauckview	695020 Zulauf Burg	24144
879	279	Estonia	California	Keshawnshire	480473 Luisa Harbors	87554
880	280	New Zealand	Oklahoma	North Port Elinorstad	304507 Granville Passage	45251
881	281	Nicaragua	California	Aufderharland	291530 Wolff Run	84236
882	282	Moldova, Republic of	Tennessee	Cortneyberg	457062 Durgan Lodge	20050-3125
883	283	Viet Nam	Nevada	South Lake Giuseppehaven	35241 Crooks Mews	16331
884	284	Papua New Guinea	Wyoming	West Lake Peter	815081 Schroeder Shoals	17476-3248
885	285	Nepal	Michigan	East New Danielle	243495 Christop Trafficway	46447
886	286	Nauru	Maryland	North New Nelda	507666 McKenzie Walk	55183-3780
887	287	Samoa	New Hampshire	Arneshire	121944 Susan Fields	37321-6542
888	288	Singapore	Iowa	East New Anitatown	323110 Colleen Via	18606-1151
889	289	Jamaica	New York	Rathstad	880739 Claud Underpass	61465
890	290	Jordan	Connecticut	North Lake Brandotown	414802 Carley Key	31811-4267
891	291	Monaco	Mississippi	Delphiaberg	219979 Nick Pike	32285-4171
892	292	Taiwan, Province of China	Tennessee	Seamusmouth	33370 Carole Overpass	46011
893	293	Antigua and Barbuda	Utah	Eulahstad	709205 Ankunding Stream	17430-8452
894	294	Lithuania	New Mexico	Funktown	299905 Russel Corner	00000-7466
895	295	Spain	Pennsylvania	Jaydonshire	841000 Adams Camp	54742
896	296	Malaysia	Nevada	Feeneystad	310965 Collins Road	25704
897	297	Kyrgyzstan	Virginia	Vincenzoborough	410027 Cydney Viaduct	25754-8013
898	298	Réunion	Maryland	North New Audreanne	805393 Bosco Club	70232-5446
899	299	New Zealand	North Carolina	North Port Jakayla	309606 Lockman Glen	84864
900	300	Italy	New Hampshire	Gerholdburgh	511769 Kihn Neck	37460-0368
901	301	Canada	Kentucky	Trevershire	17341 Susan Stream	75633-2633
902	302	Namibia	Michigan	Grimesmouth	138243 Stanton Glens	16375
903	303	Puerto Rico	Massachusetts	South Lake Mitchelside	25443 Heidenreich Field	60056-5036
904	304	Argentina	South Dakota	West New Oleta	979511 Glover Port	77651
905	305	South Africa	Oregon	West New Tavares	976217 Tierra Trace	03625-2086
906	306	Azerbaijan	Idaho	Britneychester	970685 Windler Fields	00834-5220
907	307	Sao Tome and Principe	Washington	Kyleehaven	91953 Murl Brook	57460
908	308	Malta	South Carolina	North Lake Velma	181403 Brigitte Crest	30833-0833
909	309	Åland Islands	New Jersey	Mrazside	662836 Jonas Bridge	13246
910	310	South Africa	Oregon	East Port Wilfridland	210125 Fern Burgs	20014
911	311	Kuwait	Iowa	Uptonstad	740636 Bode Brook	07548-8412
912	312	Eritrea	Virginia	South New Neha	119966 Ilene Gardens	23233
913	313	Papua New Guinea	Louisiana	Patriciashire	680958 Block Springs	33081-3502
914	314	Algeria	Tennessee	Tamiamouth	311815 Elyse Harbor	78033-3841
915	315	Iceland	Maine	South New Jazlyn	952088 Emard Rest	53808-1603
916	316	Senegal	South Carolina	North Port Trystan	240873 Larson Flat	14567-6570
917	317	Japan	New Hampshire	Kossland	225779 Oliver Underpass	85256-6211
918	318	French Southern Territories	Kansas	West Port Allan	887481 Paucek Alley	85155
919	319	Gambia	Alaska	East Port Maxwell	712429 Kulas Causeway	12302-8270
920	320	Nicaragua	Mississippi	West Port Bobby	390567 Schamberger Drives	16275
921	321	Austria	Arizona	West Port Evaburgh	394840 Camren Hollow	31135-8383
922	322	Togo	Massachusetts	East Lake Julia	439655 Grimes Points	27582-1740
923	323	Guinea	Alabama	Binsmouth	701638 Graham Cape	75482-6828
924	324	Mauritania	Pennsylvania	Ollieside	148196 Tiara Roads	60661
925	325	Belize	Illinois	South Lake Annette	414070 Rau Street	77065
926	326	Belize	New Mexico	Fatimaton	884527 Ewald Light	34383
927	327	Haiti	Washington	Nolanville	497018 O'Keefe Burg	04111-4577
928	328	Mauritius	New York	North New Cathrinetown	915907 Treutel Cape	41830-4868
929	329	South Georgia and The South Sandwich Islands	Wisconsin	North Port Hubert	797983 Shemar Crossroad	56170-0785
930	330	Djibouti	Delaware	West New Adela	712461 Feil Hills	31173
931	331	Sao Tome and Principe	Connecticut	North Port Eudora	454669 Georgianna Fords	30034-1674
932	332	Tokelau	North Dakota	South Lake Florian	857585 Rossie Gateway	13612
933	333	Holy See (Vatican City State)	Arizona	East Lake Tess	741595 Dare Springs	41511-3173
934	334	Fiji	Arkansas	Keeblerville	380073 Jason Locks	83683
935	335	Guernsey	Oklahoma	North New Sethville	285861 Thalia Gateway	78457-0403
936	336	Christmas Island	Delaware	Dietrichchester	944692 Donnell Plain	45653
937	337	United States Minor Outlying Islands	Nevada	Kundeberg	658985 Willa Stream	23745-2747
938	338	Canada	Indiana	Elissahaven	5761 Dianna Spur	37851-0828
939	339	Fiji	Michigan	Dereckville	607894 Ezekiel Shoals	80668
940	340	Bangladesh	North Carolina	South Lake Waino	25765 Monserrat Square	05631
941	341	Ecuador	Colorado	East Lake Earlineburgh	283887 Clemens Lights	62540
942	342	Czech Republic	Wisconsin	Ritchiestad	648486 Gusikowski Plaza	50727-5467
943	343	Malawi	Oregon	North Lake Connerville	610688 Altenwerth Lock	48605
944	344	Benin	Utah	South New Brettmouth	600189 Nader Views	16782-1050
945	345	Canada	Utah	East New Veldatown	764213 Cooper Ford	75561
946	346	Montenegro	Tennessee	Briceberg	60345 Schroeder Village	33747
947	347	Marshall Islands	New Mexico	West Lake Jacey	941870 Darius Vista	67113-0406
948	348	Burkina Faso	North Dakota	Ruthieburgh	115095 Bartell Groves	53718
949	349	Cocos (Keeling) Islands	Iowa	Schadenhaven	69901 Conn Mills	04421
950	350	Côte d'Ivoire	Iowa	South Lake Gerhardtown	224966 Emile Causeway	18748
951	351	Zambia	Rhode Island	Goyettemouth	837393 Kovacek Grove	30370
952	352	Grenada	Wisconsin	East Lake Maziefurt	960792 King Falls	34384-1445
953	353	Solomon Islands	Hawaii	West New Eugeniaport	955947 Stephany Mews	02038-5480
954	354	Djibouti	Georgia	West Port Drewmouth	550315 Robel Unions	81223-0147
955	355	Somalia	Connecticut	Kutchfort	992743 Herminio Villages	68385-5661
956	356	Puerto Rico	Louisiana	East Lake Kadinborough	579299 Parisian Way	42533
957	357	Libya	Texas	West New Quintenfurt	704956 Haag Glen	03142
958	358	United States	Hawaii	North Lake Jessyland	22878 Borer Dam	12028-2064
959	359	French Southern Territories	New Jersey	Tiffanymouth	253051 Royce Groves	67403
960	360	Equatorial Guinea	Arizona	Morissettestad	711103 Bartoletti Spring	66186
961	361	Senegal	Kentucky	East Lake Fermin	667714 Senger Trail	48522
962	362	United Kingdom	Nebraska	Clintfurt	780455 Koby Ford	06147-0115
963	363	Bermuda	Illinois	Heavenchester	191825 Keeling Parkways	26320-4280
964	364	Mongolia	Michigan	West Lake Lillieton	713461 Haag Courts	74371
965	365	Hong Kong	Texas	Luciochester	686734 Padberg Points	53047-5786
966	366	Gambia	Vermont	Clemensstad	660507 Murphy Inlet	50718
967	367	Cuba	California	North Port Xanderview	715809 Lang Orchard	47473-5357
968	368	Uganda	Kansas	West Lake Anabelle	411116 Triston River	73873-4262
969	369	Finland	Oklahoma	Hodkiewiczmouth	476544 Tate Underpass	27752
970	370	Tonga	Nevada	Leslieton	684249 Wilkinson Locks	70203-6345
971	371	Central African Republic	Alaska	East New Corrineburgh	659863 Reynold Plain	13711-1512
972	372	Saint Barthélemy	Iowa	Hardytown	582492 Paxton Divide	07541
973	373	United Kingdom	Virginia	North Port Tatyanaside	383543 Kozey Row	14171-3383
974	374	Palau	North Carolina	South New Adell	358395 Elias Overpass	71565
975	375	Nauru	Alabama	South Port Maximillianhaven	271246 Danial Lock	67562-7778
976	376	Lithuania	Michigan	East New Generalborough	342913 Jessie Unions	80778-5616
977	377	South Sudan	Georgia	Linaborough	857567 Koss Tunnel	00728-3683
978	378	Isle of Man	Florida	North Lake Myahchester	893372 Monica Brooks	08711-7048
979	379	Peru	Montana	East Port Floyhaven	861851 Cremin Plain	16444
980	380	Finland	Oregon	South Port Audrashire	174820 Greenfelder Spur	26218
981	381	Mongolia	Maine	North Port Asa	53787 Sincere Crest	32672
982	382	Kiribati	New Hampshire	East Lake Genefort	956276 Amina Brooks	81077
983	383	Falkland Islands (Malvinas)	New York	West Port Estevan	416174 Koss Corner	16862
984	384	Trinidad and Tobago	Alaska	Franciscoport	168415 Fisher Avenue	30682
985	385	Bangladesh	Missouri	North Port Jeannestad	559037 Bashirian Grove	57688-0505
986	386	Japan	Hawaii	Yundtfurt	891166 Kelton Well	88374
987	387	Nepal	Oklahoma	Simonismouth	111622 Schoen Skyway	46123
988	388	Gibraltar	Missouri	South New Lou	569885 General Knolls	13672-8184
989	389	Paraguay	Delaware	South New Janiya	167310 Santina Trail	58574
990	390	Guam	South Dakota	North Port Ivybury	218834 Fern Walk	82886-0562
991	391	Ethiopia	Maryland	Boganberg	816246 Torey Extension	58162-2334
992	392	Thailand	Texas	West Port Marquis	844999 Considine Roads	73080-2758
993	393	Honduras	Nevada	Sawaynland	239946 Runolfsson Haven	32024-6365
994	394	Hong Kong	Texas	North New Dominiqueton	976652 Dulce Highway	68351
995	395	Kiribati	Oregon	Collinshaven	529392 O'Reilly Summit	84410
996	396	Guinea-Bissau	Connecticut	Thelmastad	346509 Stanford Expressway	81726
997	397	Austria	Maryland	South Port Flossie	124572 Edna Spur	20881
998	398	Samoa	Alaska	Huelsstad	90668 Kohler Meadow	00834-1310
999	399	Cyprus	Arizona	Bergstrommouth	330785 Bosco Parkway	58350
1000	400	Japan	Arizona	South Port Janet	557714 Prince Ferry	41406-6512
1001	1	Gabon	Nevada	South New Evelynton	577659 Verla Drive	03661-4045
1002	2	Guernsey	Wyoming	Steuberborough	867494 VonRueden Ford	21426
1003	3	Panama	Maryland	East Port Nathanieltown	498533 Bartell Track	80086
1004	4	Saint Barthélemy	Kansas	Hegmannborough	746820 Kunde Row	28076
1005	5	Armenia	Utah	Gaylordstad	332778 Wyman Falls	02308-7885
1006	6	Philippines	Colorado	East New Lupe	137425 Durgan Vista	56387
1007	7	Guyana	Ohio	Thaliaville	296762 Runolfsson Fort	72635
1008	8	Brazil	Arizona	Towneville	668239 Bruen Harbors	68142-3488
1009	9	Somalia	New Hampshire	North Port Letitiachester	554751 Aliyah Street	52707-6406
1010	10	Croatia	Maryland	Trompville	282430 Carroll Branch	24656-2270
1011	11	Greece	Minnesota	West Lake Kenyaburgh	836350 Spencer Oval	04028
1012	12	Marshall Islands	Indiana	Concepcionville	506848 Raquel Hills	25220
1013	13	Australia	Michigan	West Port Jasperview	80996 Priscilla Curve	46200-0458
1014	14	Guinea-Bissau	Maine	South New Matilda	728907 Lilyan Valley	62701-0116
1015	15	Niger	Arkansas	East Port Callie	117026 Josh Gateway	66822-0221
1016	16	Mayotte	Texas	Altenwerthfort	109801 O'Reilly Grove	87203
1017	17	Latvia	Texas	Alyciabury	300267 Zander Stream	55177-6710
1018	18	Saint Martin (french Part)	North Carolina	Hadleybury	685736 Reese Stream	42606-5086
1019	19	Papua New Guinea	Montana	Langfurt	774398 Michale Knolls	20801
1020	20	Barbados	Texas	Joshuaborough	490096 Ernestina Burgs	54113-3175
1021	21	Belize	Montana	Deliastad	579530 Asha Landing	50460-2556
1022	22	Micronesia, Federated States of	Arizona	South Lake Alexandrobury	784618 Hills Haven	36660
1023	23	Jordan	Rhode Island	Garretton	262486 Larson Wells	08453
1024	24	Dominica	Kansas	Stantonhaven	312796 Sporer Curve	28063
1025	25	Lao People's Democratic Republic	South Dakota	Janaemouth	981399 Giovani Park	42302-4766
1026	26	Viet Nam	New Mexico	Brownberg	879221 Maymie Hill	37418-1482
1027	27	Cape Verde	Connecticut	Eldaberg	250204 Crona Burgs	47554-2635
1028	28	Cyprus	Tennessee	South Lake Elishire	781926 Gulgowski Ridge	20813
1029	29	Saint Kitts and Nevis	Iowa	West Lake Reyna	182430 Wintheiser Knolls	46368-8805
1030	30	Kenya	Tennessee	Harveyfurt	947218 Christophe Springs	78570-2105
1031	31	British Indian Ocean Territory	Ohio	Adonisview	16509 Ferry Shoals	54306-1141
1032	32	Cayman Islands	North Carolina	Herzogshire	889737 Ziemann Valleys	58233
1033	33	Argentina	Illinois	South Port Alessandraville	439098 Kunde Inlet	06502
1034	34	Azerbaijan	Missouri	Jerdeton	367539 Rafael Track	57600
1035	35	Slovakia	Wyoming	South Port Tevinshire	672323 Lloyd Extension	21482-5511
1036	36	Saint Barthélemy	North Carolina	South Port Melany	186222 Heathcote Harbors	86322-4843
1037	37	Antarctica	Ohio	Malcolmville	618712 Waelchi Spur	45574
1038	38	Qatar	Delaware	Kunzestad	840588 Marjory View	75707-8414
1039	39	Gabon	Idaho	West Port Curtmouth	680275 Hayes Radial	40621
1040	40	Greece	Missouri	South New Anastacioside	272896 Blanda Mountains	03527-5454
1041	41	Australia	Florida	South Lake Caitlynchester	654502 Marcia Via	77768-2417
1042	42	Equatorial Guinea	New Mexico	Ryanville	110564 Mara Lodge	84875
1043	43	Virgin Islands, British	Montana	North Port Javier	136421 Schroeder Park	47404
1044	44	Rwanda	Maine	Paigeland	256120 Lisette Coves	64412
1045	45	United States	Maryland	North New Thadburgh	493334 Frami Port	85335
1046	46	Mongolia	Pennsylvania	South Port Rettamouth	881929 Arlie Skyway	84404
1047	47	Spain	Rhode Island	South Port Elyssaberg	844297 Lillian Ways	45053
1048	48	Benin	Kentucky	South Lake Waylon	89050 Ebony Light	83641
1049	49	Poland	Kentucky	Elmobury	902260 Crawford Radial	43275-5404
1050	50	South Africa	Hawaii	South Lake Makenziefort	284839 Mavis Extension	88324
1051	51	Guyana	Tennessee	East Lake Henriette	70224 Volkman Path	61013-2107
1052	52	Turkmenistan	Arkansas	South Port Carrie	767052 Laney Light	73825-5067
1053	53	Gibraltar	Ohio	Prohaskachester	521329 Brisa Light	16450-1142
1054	54	Philippines	Nebraska	Domenicochester	691636 Kub Locks	65655-2671
1055	55	Cape Verde	Michigan	West Lake Nasir	725332 Zulauf Loaf	76484-6215
1056	56	Mexico	Indiana	Alexannestad	496893 Austin Point	30467-2774
1057	57	Samoa	Pennsylvania	Wilfredfurt	524015 Samson Ford	32021-7555
1058	58	Gibraltar	Kentucky	Jaychester	240148 Howell Via	03330-8731
1059	59	Cuba	Ohio	South New Larry	910747 Ubaldo Extension	50806
1060	60	Greece	Massachusetts	Langberg	76974 Cole Garden	05701
1061	61	Mauritania	Alabama	Toyview	78447 Dibbert Underpass	63802-0102
1062	62	New Zealand	New Mexico	East Port Allen	582667 Velma Lake	87568
1063	63	Sweden	Tennessee	West Lake Heath	872782 Roslyn Plain	51228
1064	64	Chile	New Hampshire	East New Rigoberto	125797 Stiedemann Haven	64288-5801
1065	65	Mongolia	North Carolina	Larkinstad	121690 Israel Parks	65813-2485
1066	66	Uruguay	Florida	Carleyview	416036 Stanton Trail	41704-0131
1067	67	American Samoa	New Mexico	East New Makenzieborough	782335 Imani Viaduct	31747-8104
1068	68	Norway	Michigan	Simonisstad	225567 Casper Manors	60125
1069	69	Nepal	Rhode Island	Lehnerchester	857467 Bins Mountains	84742-0678
1070	70	Korea, Democratic People's Republic of	Montana	West Port Maryam	827079 Morar Motorway	62076-6717
1071	71	Wallis and Futuna	Indiana	Brianside	189762 Kelsie Cove	63714-0007
1072	72	Hong Kong	Utah	Lindshire	724565 Dooley Valleys	50320
1073	73	Saint Vincent and The Grenadines	Oregon	West New Jensenchester	906720 Evans Forge	67723
1074	74	Macedonia, The Former Yugoslav Republic of	Kansas	Cassinport	365405 Cristian Meadow	18778-0813
1075	75	Ireland	South Dakota	East Port Rosetta	195466 Streich Neck	61552
1076	76	Myanmar	Idaho	North New Keely	979678 Roderick Run	16157-3824
1077	77	Greenland	Washington	Diegoland	186996 McGlynn Course	67363
1078	78	Taiwan, Province of China	Rhode Island	Buckridgechester	991250 Tremblay Pine	36356-8284
1079	79	Malta	Mississippi	Micheleside	273268 Terry Green	88556
1080	80	Uruguay	New York	East New Abigail	994437 Feil Place	60713
1081	81	Solomon Islands	Kansas	Hudsonberg	514630 Thaddeus Canyon	50077-7320
1082	82	Georgia	Colorado	North New Heavenside	592673 Murray Ramp	14871
1083	83	Netherlands	California	East Lake Kaden	951797 Feest Forges	00036
1084	84	Ukraine	Maine	West New Greggtown	393310 Mauricio Junctions	71871
1085	85	Austria	Utah	Gleasonview	307264 Sylvan Points	24655-4030
1086	86	Taiwan, Province of China	Louisiana	East New Jamal	28765 Conroy Ridge	51603-5548
1087	87	France	New Mexico	Ellaville	859206 Paolo Heights	06027-1148
1088	88	Monaco	Indiana	North Lake Kaylinhaven	885720 Rachel Trafficway	21631-0444
1089	89	Saint Pierre and Miquelon	Kansas	Harveyview	546544 Bartell River	25884
1090	90	India	New Hampshire	Nyahland	292514 Douglas Way	57682-5845
1091	91	Réunion	Utah	Weberbury	311394 Justina Estate	85172
1092	92	Morocco	Nebraska	Frankland	993138 Sipes Branch	10181
1093	93	Kuwait	Maine	Jesusburgh	482909 Keshawn Walk	72720-2287
1094	94	New Caledonia	Kentucky	North New Demetrisview	704203 Braeden Mall	43263-2284
1095	95	Madagascar	Montana	West New Keara	259094 Stoltenberg Motorway	51768
1096	96	Vanuatu	Maine	Bergefort	770743 Harvey Rapids	81672
1097	97	Mauritania	North Dakota	West New Cesar	667584 Rodger Track	33334
1098	98	Canada	Nebraska	Kuphalside	679639 Schaefer Creek	00616-8104
1099	99	Fiji	Florida	East Port Dominic	10840 Upton Forge	32020-0102
1100	100	Saint Helena, Ascension and Tristan Da Cunha	Maryland	West New Hubert	189820 Roslyn Isle	51423
1101	101	Grenada	Maine	West Port Caterinaburgh	612316 Grayce Course	27718
1102	102	Montserrat	Maryland	Amiratown	814488 Susan Trail	20053-4178
1103	103	Norway	Connecticut	South Lake Alexane	787805 Lavonne Shore	26571-8140
1104	104	Italy	Alaska	East Port Estevanstad	357844 Idella Place	32478-7445
1105	105	Slovakia	Kansas	West New Ryleybury	157918 Quigley Bridge	51324-6032
1106	106	Vanuatu	Maine	Gleasonfort	698375 Doris Spur	22347-4714
1107	107	Svalbard and Jan Mayen	Indiana	Laurelborough	115282 Bauch Tunnel	01018-5767
1108	108	Mongolia	Nebraska	North Lake Geovany	509094 Dallin Course	26447
1109	109	Taiwan, Province of China	Wisconsin	North New Javon	32233 Jaquan Turnpike	81867-0064
1110	110	Sao Tome and Principe	Texas	Evamouth	706009 Cordelia Garden	34581
1111	111	Pakistan	Pennsylvania	Feilborough	73473 Coralie Stravenue	32121
1112	112	Belgium	Florida	Shanellestad	864589 Mertz Knoll	54832
1113	113	Russian Federation	New York	Cormierport	406488 Milo Hills	51865
1114	114	Marshall Islands	Tennessee	South New Evelynberg	913518 Liana Lane	00600-6617
1115	115	Serbia	Kentucky	South Lake Shanaberg	842525 Aubree Station	38577-0488
1116	116	Greece	Georgia	North New Esther	219073 Jast Wells	02763
1117	117	Austria	New Jersey	North Lake Buddyfort	987693 Helga Trail	14135
1118	118	Sweden	Alaska	South New Laronland	615217 Reichel Brook	62340
1119	119	New Zealand	West Virginia	Runolfssonborough	916340 Barton Stream	13162
1120	120	Liechtenstein	Montana	Estaland	227993 Cummerata Ford	35142-6104
1121	121	Chile	Washington	North Port Wallaceville	378778 Larson Trail	67847
1122	122	Bolivia, Plurinational State of	Washington	East Lake Freidafort	876189 Eusebio Crossing	74670
1123	123	Malta	Virginia	Kadinton	998355 Oral Canyon	23203-8682
1124	124	Zambia	South Carolina	Anikaside	204354 Sporer Lakes	85778-5457
1125	125	Maldives	Maine	South Port Laury	546676 Bartell Park	33162
1126	126	Iceland	Illinois	Ricehaven	881265 Oren Falls	04522-8027
1127	127	Costa Rica	South Carolina	North Lake Itzelland	68889 Daugherty Ferry	76530-4321
1128	128	Swaziland	New Mexico	Kobeville	596963 Adam Path	43444
1129	129	Honduras	Hawaii	Lelandview	784102 Samara Unions	36725-8400
1130	130	Svalbard and Jan Mayen	West Virginia	South Lake Jakobbury	118940 Bernhard Stream	33647-4466
1131	131	Slovakia	Texas	Granthaven	508470 Marlee Brook	44764
1132	132	Greece	South Carolina	Dibbertmouth	952990 Juvenal Flats	05136
1133	133	Korea, Republic of	South Carolina	South Lake Friedaville	420906 Ferry Manor	87682-7076
1134	134	Bhutan	Massachusetts	West Port Deontaestad	63977 Mabel Brooks	33128
1135	135	Germany	Oklahoma	Markusfurt	974278 Schmeler Rapids	16033-4180
1136	136	Haiti	Maryland	Claudieville	991562 Eichmann Alley	57630
1137	137	Virgin Islands, U.S.	Vermont	West Port Sheldonchester	937770 Wiegand Divide	02641
1138	138	Estonia	Virginia	Jaunitamouth	721321 Raynor Mountains	53011
1139	139	United States	Arkansas	South Lake Curt	817379 Kovacek Lock	63531-7288
1140	140	India	New York	West Port Colleenton	404014 Johnston Shores	36732
1141	141	Israel	Nebraska	South New Ray	620485 Madalyn Spring	02544-3705
1142	142	Réunion	Rhode Island	Carlietown	102664 Anais Plains	75486
1143	143	French Southern Territories	Utah	West Port Yesenia	82082 Ally Plaza	26150-0723
1144	144	Micronesia, Federated States of	Maine	Kennithbury	134042 Judd Mews	35782-3201
1145	145	Barbados	Utah	Angiechester	445533 Rolfson Valley	61674
1146	146	Japan	North Carolina	South New Jeanstad	175727 Brain Ville	20862-2284
1147	147	Morocco	Tennessee	West Lake Cathyhaven	195966 Kautzer Flats	16806-5870
1148	148	Cyprus	Alaska	Pfannerstillstad	592265 Dovie Motorway	71133
1149	149	Gabon	Arizona	South New Lydiaborough	110709 Schultz Brook	20181
1150	150	Angola	Vermont	West New Tillmanborough	749509 Morissette Knolls	77431-3680
1151	151	Saudi Arabia	Kentucky	West Port Clarissaburgh	54951 Gerlach Pass	55278
1152	152	Monaco	Alabama	Weissnatshire	429608 Lemke Brook	76062-0388
1153	153	San Marino	Maryland	East New Ambrose	874679 Amira Club	53048-8431
1154	154	CuraÇao	Delaware	Emardborough	221555 Ryan Turnpike	53755-7657
1155	155	Finland	Indiana	Floridastad	95698 Allene Expressway	06306
1156	156	Nauru	Delaware	Murphyton	797804 Osvaldo Knoll	83824-3172
1157	157	Cyprus	Georgia	South Port Arnaldo	116622 Donnelly Forest	05342
1158	158	Taiwan, Province of China	West Virginia	Yadirachester	403787 Turner Spring	21336-7583
1159	159	Haiti	South Dakota	South Port Wiley	429033 Octavia Pass	72800-8866
1160	160	United States Minor Outlying Islands	Michigan	East New Belle	768107 Schneider Land	15437
1161	161	Dominica	Virginia	West New Narciso	406710 Mitchell Valleys	78228-8362
1162	162	Taiwan, Province of China	Rhode Island	East New Trevionberg	881506 Howe Cliffs	44257
1163	163	Bosnia and Herzegovina	Maine	South New Antwan	19844 McGlynn Pines	17221
1164	164	Italy	Maryland	North New Cordellside	336812 Hessel Center	16450-7507
1165	165	Japan	Wisconsin	North Port Herminia	839623 Rice Falls	46224-8376
1166	166	Pakistan	Tennessee	Grahammouth	753462 Jerde Fields	01336-8633
1167	167	Canada	Texas	Lefflerburgh	118645 Mallie Rapid	34182-8657
1168	168	Nepal	South Dakota	South New Candida	572340 Torrey Cape	21331-1001
1169	169	Oman	North Carolina	Melvinafort	577864 Katelynn Port	61408-2128
1170	170	Djibouti	North Carolina	West Port Idellbury	22899 Leannon Fords	22866-7833
1171	171	Argentina	Minnesota	North Port Wilhelmineton	357310 Krajcik Mount	77150
1172	172	Central African Republic	South Dakota	Blockfurt	961996 Ruecker Ridges	46432
1173	173	Yemen	Minnesota	Marcborough	616984 Raleigh River	73716-2148
1174	174	Botswana	Nebraska	Aaronborough	827150 Elliott Park	02763-5073
1175	175	Congo, The Democratic Republic of The	Georgia	North New Rick	218031 Carlee Canyon	77522
1176	176	Falkland Islands (Malvinas)	New Jersey	South Port Venaburgh	542643 Yoshiko Shoal	48337-1127
1177	177	Mali	Maryland	South Port Salvatore	158446 Reinger Fords	63635
1178	178	Falkland Islands (Malvinas)	Vermont	Millerton	570977 Selina Rapids	88213
1179	179	Jamaica	New Hampshire	Caspermouth	373660 Pierce Manors	22161-3345
1180	180	Venezuela, Bolivarian Republic of	Michigan	North Port Haleighfurt	636758 Jenkins Green	75270
1181	181	Burundi	New York	Demarcusfurt	725876 Felipa Shoal	53178-7684
1182	182	Tajikistan	South Carolina	Anthonychester	675479 Kuhic Turnpike	42576
1183	183	Chad	Ohio	South Lake Keven	927999 Gerda Meadow	73511-3742
1184	184	Italy	South Carolina	Coraborough	429973 Alanis Keys	61867-5511
1185	185	Angola	North Carolina	Grimesfurt	303258 Keara Flat	86830
1186	186	Kuwait	California	Hayestown	714198 Howe Circles	45814
1187	187	Kiribati	Michigan	West New Aurelie	107345 Skiles Centers	25136-8235
1188	188	Greece	Florida	Elainaland	411051 Buckridge Haven	01138-7883
1189	189	Ecuador	Ohio	North New Allene	946809 Grady Keys	66871-2704
1190	190	Pitcairn	Arkansas	Ricoview	313586 Jaquan Hill	00708-6577
1191	191	Cuba	Georgia	VonRuedenfort	28054 Electa Prairie	62551
1192	192	Wallis and Futuna	West Virginia	Schillerview	196378 Wiza Station	78651-5412
1193	193	Latvia	Arkansas	Schummbury	666917 Stoltenberg Glen	85276
1194	194	Montserrat	Virginia	South Lake Ednafort	243974 Eichmann Lane	66433
1195	195	Iraq	Kentucky	South New Paolo	770927 Cormier Coves	18507-4501
1196	196	Taiwan, Province of China	Delaware	Lindgrenmouth	657234 Rogahn Expressway	53473-5605
1197	197	Qatar	Pennsylvania	South Lake Robertashire	633119 Windler Neck	51351
1198	198	Andorra	Alaska	South New Davinport	334239 Lang Club	66214-4266
1199	199	Lebanon	Connecticut	North Port Reva	217222 Desiree Summit	50544-7403
1200	200	Albania	Alabama	Heaneymouth	333553 Sporer Crossing	24521
1201	201	Indonesia	Wyoming	Ahmedtown	55449 Kshlerin Road	10232
1202	202	Sint Maarten (dutch Part)	Arizona	East Lake Cristinaton	674636 Janessa Route	68662-1340
1203	203	Martinique	New Jersey	Horaceview	843953 Fisher Green	38763
1204	204	Thailand	Minnesota	East Port Hortense	360125 Fahey Mill	78643
1205	205	New Zealand	Georgia	Amariburgh	908535 Sipes Park	77861-7832
1206	206	Tajikistan	Montana	Marcellahaven	465194 Mertz Way	06440
1207	207	Micronesia, Federated States of	California	East Port Abebury	915243 Schumm Way	85108
1208	208	Burkina Faso	Hawaii	Blockhaven	420650 Gonzalo Manors	14711
1209	209	Comoros	Indiana	East New Sydnie	517584 Enrique Lock	11787-8852
1210	210	Isle of Man	Wisconsin	East New Madgemouth	484646 Yundt Expressway	80862-3531
1211	211	Cocos (Keeling) Islands	Hawaii	Timmyfurt	686819 Kamille Burg	32631-1010
1212	212	Saint Lucia	Ohio	North Port Susana	81982 Trycia Hills	76220
1213	213	Latvia	New Mexico	Mantestad	508532 Alan Passage	24427
1214	214	Kyrgyzstan	Alabama	North New Lonshire	340379 Ola Island	02327
1215	215	Trinidad and Tobago	Louisiana	South Port Jamie	225771 Hintz Shores	46248
1216	216	Palestine, State of	Minnesota	North Lake Augusta	241221 Maggio Parks	33481
1217	217	Lesotho	Mississippi	West Port Ashley	416545 Vandervort Springs	52651
1218	218	Niue	Wisconsin	Streichbury	906855 Travon Summit	61717
1219	219	Djibouti	Pennsylvania	South New Chelseyborough	781697 Mayert Grove	72588
1220	220	Germany	Missouri	Willhaven	965148 Gislason Motorway	54350-7588
1221	221	Western Sahara	Florida	West Lake Evanview	673514 Maiya Island	71052
1222	222	Russian Federation	Louisiana	West Lake Osbaldoton	598184 Barton Ranch	61136-5174
1223	223	Montserrat	Alabama	East New Fred	22648 Hermann Roads	82316
1224	224	Iran, Islamic Republic of	Delaware	East New Bernardo	845511 Gerlach Club	32018
1225	225	Georgia	New Mexico	North Port Marlin	562263 Janet Ports	22738-8876
1226	226	San Marino	Arkansas	Walterhaven	477292 Lauretta Glen	78526
1227	227	Martinique	Arkansas	Trompberg	57549 Myah Lock	33761-7410
1228	228	Taiwan, Province of China	Wyoming	West Lake Gilberto	169147 Viva Forges	48725
1229	229	Hong Kong	Iowa	East New Omari	640291 Konopelski Landing	07414-6102
1230	230	Sierra Leone	Colorado	Morissettehaven	389815 Cara Neck	86160-2807
1231	231	Czech Republic	Rhode Island	Bahringerview	950871 Daugherty Rapid	85642-7416
1232	232	Latvia	Connecticut	Satterfieldbury	646645 Claudine Plains	63600-5348
1233	233	Kyrgyzstan	Vermont	Amymouth	964560 Bergnaum Highway	67107
1234	234	Northern Mariana Islands	Illinois	East Lake Luzville	752489 Okuneva Extension	21580
1235	235	Qatar	New Jersey	East New Hansville	106509 Demarco Knolls	28180
1236	236	Venezuela, Bolivarian Republic of	Illinois	South Port Jody	65849 Doyle Mount	46705-8880
1237	237	Monaco	Georgia	South Port Romastad	463461 Tod Avenue	74111-4564
1238	238	Norway	Mississippi	Edenberg	990330 David Corner	62662-5460
1239	239	Switzerland	Colorado	West Port Aishahaven	137446 Simone River	84006-8735
1240	240	Monaco	Washington	West Lake Craigtown	644620 Rolfson Manor	05248
1241	241	Belarus	South Dakota	South New Brandi	47004 Kling Way	58386-2861
1242	242	Barbados	Iowa	East New Alena	448803 Cummings Rapid	32780-4501
1243	243	Saint Kitts and Nevis	Iowa	Kevenchester	742935 Rolfson Courts	28355-7771
1244	244	Italy	Michigan	Kozeyview	691889 Amaya Groves	30135
1245	245	Morocco	South Dakota	Roscoeland	61524 Shawna Walks	06501-2220
1246	246	Mali	Alaska	West Lake Metaland	813055 Lila Terrace	15286-8814
1247	247	Liberia	Delaware	West Lake Leilaniberg	395204 Willms Streets	12246
1248	248	Vanuatu	Arizona	Noemifort	213674 Lucio Cliffs	63428
1249	249	Uruguay	Maryland	East Port Roselyn	754192 Isadore Burgs	52345-1506
1250	250	Latvia	Delaware	Kobyfurt	79388 Wilderman Streets	08753-2750
1251	251	Micronesia, Federated States of	Arizona	Ivorymouth	777814 Carroll Ranch	46685
1252	252	Norway	Louisiana	North Port Royceside	329509 Koepp Alley	31556
1253	253	Vanuatu	Arizona	Filomenafort	14522 Shields Corner	74223
1254	254	Portugal	Kansas	Russelmouth	200994 Maudie Overpass	52405
1255	255	Cape Verde	West Virginia	Wittingfort	683650 Heidenreich Heights	05333-1587
1256	256	Honduras	Rhode Island	South Port Pollybury	532713 Hilll Dale	80101-1701
1257	257	Cuba	Wisconsin	Mayefort	671357 Margaretta Point	12682-5760
1258	258	Sweden	Indiana	East Lake Russtown	316359 Braxton Mall	03086
1259	259	Guernsey	Rhode Island	Haleyside	389641 Adams Dam	18345
1260	260	Western Sahara	Colorado	Mitchelton	878274 Nestor Pines	33557
1261	261	Guyana	Utah	East Port Jessicaton	301992 Elenor Camp	04784
1262	262	Argentina	California	East Lake Milton	581979 Morissette Locks	37268
1263	263	Bhutan	Maryland	Cletuston	323022 Mckenna Spring	18138-1523
1264	264	Jamaica	Texas	Harrisstad	913391 Leffler Passage	15286-0345
1265	265	Trinidad and Tobago	Florida	Nolanstad	207268 Gottlieb Lakes	88141-1760
1266	266	Korea, Democratic People's Republic of	Virginia	North New Renee	800435 Kaci Path	33863
1267	267	Isle of Man	Arkansas	Kihnchester	775104 Green Throughway	24188
1268	268	Martinique	Montana	West Port Maidaburgh	343883 Loy Harbor	21614
1269	269	Canada	Oklahoma	Ernserberg	750103 Lauryn Alley	87558-8740
1270	270	Colombia	Pennsylvania	Myaview	910847 Quinn Fords	10756
1271	271	Cocos (Keeling) Islands	New Hampshire	Shanellemouth	210636 Kuhic Hollow	68246-7673
1272	272	Saudi Arabia	Missouri	Paucekchester	593121 Albertha Manors	72644
1273	273	Belarus	Iowa	North Port Myronshire	442890 Collins Walks	21204
1274	274	Congo	Georgia	Zackeryborough	5675 Marks Green	54063-2383
1275	275	Congo	Louisiana	Edwardofurt	726849 Will Junctions	66414-2545
1276	276	Dominican Republic	Delaware	North New Dereckfort	350799 Wiegand Club	12520
1277	277	Falkland Islands (Malvinas)	Alabama	South New Hughmouth	167368 Ondricka Parks	46776-8722
1278	278	Norway	Oklahoma	East New Elaina	557276 Melyssa Road	73270-6545
1279	279	Barbados	New Mexico	Donaldburgh	119260 Susan Avenue	13554-6335
1280	280	Portugal	South Dakota	North Port Tinaport	112352 Brekke Valley	85837-3142
1281	281	El Salvador	Minnesota	West Port Leannaborough	112486 D'Amore Lodge	63125
1282	282	Dominica	Washington	North New Geovany	56608 Elvera Crossroad	81853
1283	283	Sao Tome and Principe	Florida	Jodiestad	471906 Ledner Locks	75312
1284	284	Austria	Pennsylvania	Idamouth	74705 Zelda Square	21876-3587
1285	285	Heard Island and Mcdonald Islands	Ohio	Bernadinestad	424264 O'Reilly Trafficway	27718
1286	286	New Caledonia	Washington	North Port Kacie	371290 Lonzo Gateway	77853-8104
1287	287	Benin	Connecticut	West New Margaretefort	103482 Nasir Harbors	36253
1288	288	Liechtenstein	Wisconsin	Farrellmouth	39734 Lesch Club	87400
1289	289	Mauritius	Montana	West Port Krystal	411342 Herta Grove	62883-6435
1290	290	Norfolk Island	New York	Maverickmouth	738131 Kemmer Lakes	15304
1291	291	Puerto Rico	New Hampshire	East New Karliville	708085 Pouros Pike	31543
1292	292	Portugal	Utah	South Lake Polly	885205 Koss Glens	40484-8021
1293	293	Brazil	Utah	Murrayfort	40021 Grimes Port	01456-7562
1294	294	Kiribati	Alabama	Veumburgh	41848 Tillman Manor	03173
1295	295	Estonia	Massachusetts	Ondrickatown	371481 Hagenes Forge	17341-8762
1296	296	Cameroon	Oregon	Corwinshire	287838 Kirlin Mill	75662-2266
1297	297	Kenya	Michigan	North Port Forrestport	545744 Halvorson Spurs	02136-0803
1298	298	South Africa	Mississippi	Bechtelarton	678023 Parker Motorway	57326
1299	299	Réunion	Utah	Welchchester	500436 White Wall	54785-7305
1300	300	Tajikistan	Texas	South Lake Ernieton	683072 Zieme Alley	06678-8528
1301	301	Serbia	Delaware	Jewessstad	429174 Turcotte Club	81440-7206
1302	302	Pakistan	New Jersey	North Lake Veldamouth	33481 Trever Hills	84753-3582
1303	303	Yemen	California	North Lake Jedside	104210 Rossie Terrace	00602
1304	304	Poland	Florida	South Port Tabitha	670943 Ron Fork	02863-0574
1305	305	Suriname	Alabama	Adrienport	225479 Sauer Orchard	34425-4543
1306	306	Trinidad and Tobago	Texas	Newtonland	399873 Mertz Road	67158-3543
1307	307	Cocos (Keeling) Islands	Alaska	West Lake Judsonside	882901 Smitham Valley	35662-1862
1308	308	South Africa	Arizona	Rafaelaview	15289 Ariel Island	24476
1309	309	Philippines	Virginia	East Lake Dedricmouth	288156 Johns Extension	75006
1310	310	Tokelau	Kansas	Streichport	665892 Jan Motorway	83485
1311	311	Nigeria	Texas	Windlerfort	561448 Emard Ford	65082-6175
1312	312	Macedonia, The Former Yugoslav Republic of	Massachusetts	Hegmannmouth	178710 Monserrate Plain	34837-6281
1313	313	Ecuador	Connecticut	Beahanmouth	517557 Hamill Drives	66764-5463
1314	314	Belgium	Arizona	South New Cynthia	884967 Lowe Center	78173-5288
1315	315	El Salvador	Oklahoma	North New Anjaliberg	731203 Runolfsson Walks	31115
1316	316	Peru	West Virginia	East Lake Marcellusview	6211 Rhea Estates	26542
1317	317	Tajikistan	Nevada	West Port Kattie	903002 Cummerata Loop	65172-2780
1318	318	Burkina Faso	Iowa	North New Reese	910693 Pfeffer Creek	48838-2117
1319	319	South Africa	Idaho	South Port Lavada	236029 Keebler Rapids	63215-6616
1320	320	Viet Nam	Nebraska	Wilkinsonstad	520736 Jennifer Prairie	31320
1321	321	Iran, Islamic Republic of	West Virginia	Albertaland	858041 Christiansen Ports	66333-4871
1322	322	Brazil	North Dakota	Kerlukemouth	336649 Crystel Center	38101
1323	323	Jamaica	Pennsylvania	Kiehnborough	760437 Alexandra Road	38312-3546
1324	324	Libya	Massachusetts	North New Lorichester	850999 Gibson Union	80473-1168
1325	325	Heard Island and Mcdonald Islands	Maryland	West Lake Nathanialbury	502445 Johnston Extension	45200
1326	326	Saint Vincent and The Grenadines	Vermont	Jamilmouth	380871 Schmeler Fords	03070-1147
1327	327	Syrian Arab Republic	Delaware	Clementinaberg	603641 Walker Pass	84345-4780
1328	328	Samoa	Wyoming	East New Mitchel	545033 Jacinto Corners	32443-1474
1329	329	Lao People's Democratic Republic	Colorado	Kiehnview	99231 Titus Gardens	32877
1330	330	Comoros	Mississippi	Matteoville	757793 Nolan Courts	50153-5737
1331	331	Sint Maarten (dutch Part)	Missouri	Johathanshire	309767 DuBuque Square	62485
1332	332	Dominican Republic	Arkansas	South New Kelliestad	246169 Dayana Ville	31286
1333	333	Hungary	New York	North Port Rudolphtown	87030 Dell Villages	86717-1202
1334	334	Mozambique	Ohio	South Lake Charleyshire	931660 Watson Locks	01273-1535
1335	335	Zambia	Utah	West Lake Rosalinda	939079 Koss Pike	72658
1336	336	Belize	Vermont	East New Domenicfurt	751212 Hilll Station	88522-0416
1337	337	Ukraine	Massachusetts	West Port Michele	913323 Gerlach Wall	54822
1338	338	Bolivia, Plurinational State of	Michigan	Medhurstberg	841043 Larry Bridge	31335
1339	339	Sri Lanka	California	Kemmerville	830423 Strosin Roads	25557
1340	340	Anguilla	Virginia	East Port Jeffery	606608 Spencer Village	11326
1341	341	Myanmar	Nebraska	East Port Laurence	916592 Hyatt Loaf	66234
1342	342	Saint Pierre and Miquelon	Connecticut	Kiehnfort	885585 Bailey Ranch	50244
1343	343	Moldova, Republic of	New York	North New Eda	89294 Turcotte Walk	50751-6684
1344	344	Lithuania	Vermont	Haleighshire	666432 Roberts Union	28487
1345	345	Slovenia	Idaho	Beierfurt	966312 Cesar Valleys	13813-2530
1346	346	Bolivia, Plurinational State of	Missouri	O'Reillyberg	178540 Daugherty Mill	23103
1347	347	Senegal	California	Yundtburgh	934059 Paxton Manors	16618
1348	348	Guinea-Bissau	New Jersey	South Port Jannieside	10280 Stokes Falls	41232
1349	349	Antarctica	Indiana	Kunzeport	623470 Torp Corner	68081
1350	350	Trinidad and Tobago	Utah	Bergstromshire	940372 Trinity Ranch	10340-4781
1351	351	Antarctica	Utah	Janeberg	716364 Windler Way	62086
1352	352	United Kingdom	Arizona	Guillermomouth	198005 Genevieve Lakes	86164
1353	353	Faroe Islands	New Jersey	Leuschkeshire	573572 O'Connell Flat	75181
1354	354	French Polynesia	Delaware	South Lake Kali	6663 Crawford Parkway	21064
1355	355	Cameroon	Missouri	East New Nicholefurt	120019 Anais Manors	47888-8304
1356	356	Virgin Islands, U.S.	Louisiana	South New Landenhaven	956520 Stroman Place	78210
1357	357	Serbia	Wisconsin	South New Marisolport	194834 Lia Passage	21141
1358	358	India	Virginia	Bufordberg	729310 Priscilla Parks	65267
1359	359	Papua New Guinea	Nevada	South New Blair	277086 Borer Fall	53307
1360	360	Cape Verde	Nebraska	Ratkefurt	744253 Lauriane Island	01801-1431
1361	361	Algeria	Indiana	Alvisport	446052 Axel Haven	68623
1362	362	Svalbard and Jan Mayen	Kentucky	East Lake Pinkieville	366564 Streich Wall	68583
1363	363	Sierra Leone	Oklahoma	North Port Kellifort	295884 Aaliyah Falls	45732-5557
1364	364	Sierra Leone	New Hampshire	South Lake Leonorport	388951 Jacobi Burg	62786
1365	365	Spain	Alabama	Lueilwitzshire	748711 Lela Club	34845
1366	366	Mauritania	Connecticut	South Port Vida	703508 Timmothy Village	16280-1248
1367	367	Macao	Maryland	Dachfort	394856 Rashawn Isle	70785
1368	368	Venezuela, Bolivarian Republic of	Nebraska	North Port Kiara	654439 Legros Canyon	62270
1369	369	Yemen	Rhode Island	Treutelstad	785548 Aida Rest	06204-0163
1370	370	Pitcairn	Virginia	North Port Celestineport	58710 Stracke Burg	06346-1745
1371	371	India	Utah	South Lake Maximostad	111267 Greenfelder Plains	43458-2048
1372	372	San Marino	Oklahoma	Sanfordhaven	942790 Nia Pines	13111-2327
1373	373	Chile	Kansas	Durganport	212193 Sam Pike	80846-5066
1374	374	Côte d'Ivoire	Colorado	Lynchland	699726 Jannie Gardens	86062-1707
1375	375	Peru	Arkansas	Bertramburgh	838853 Considine Keys	64287-2567
1376	376	Oman	Nebraska	West New Ashafurt	64288 Shany Plain	64321-2231
1377	377	Bulgaria	North Dakota	South Port Margareteland	628400 Blanda Mews	60142-4050
1378	378	Kuwait	Georgia	Antonettaside	874174 Shields Way	78742-7050
1379	379	Kazakhstan	Oklahoma	North New Chasity	267733 Valentin Circles	21708-2421
1380	380	Holy See (Vatican City State)	Colorado	Ogaview	966189 Rosenbaum Knolls	53667-2518
1381	381	Nigeria	New Hampshire	Schoentown	614428 Hettie Cliffs	72235-4338
1382	382	Ghana	Washington	East Lake Petefort	73668 Wilfredo Ridge	12045
1383	383	Liberia	Montana	Aurorefurt	269761 Keenan Club	12323
1384	384	British Indian Ocean Territory	Colorado	East Port Coty	55136 Sawayn Field	35621
1385	385	Belarus	Missouri	Dietrichview	110334 Mckenna Forges	71728
1386	386	Czech Republic	Arizona	West Lake Tevinside	275993 Cole Shore	81386
1387	387	Uzbekistan	Utah	Maciland	569880 Schaden Points	70767
1388	388	United States Minor Outlying Islands	Kansas	South Port Cleveshire	303053 Earnest Heights	28116
1389	389	Norfolk Island	North Carolina	West Lake Alexandre	913041 Roob Point	65357
1390	390	Kiribati	Minnesota	North Lake Gussieland	852107 Maddison Parks	60063
1391	391	Congo, The Democratic Republic of The	Iowa	Elouiseville	89953 Jovan Wells	53727-5212
1392	392	Kazakhstan	Kansas	Bernhardburgh	6027 Damaris Mill	73522
1393	393	United Kingdom	Alabama	East New Gerardomouth	391112 Gutkowski Isle	66223
1394	394	Saint Kitts and Nevis	Washington	South New Oren	913853 Keira Extension	44675-7326
1395	395	Isle of Man	Hawaii	Faymouth	136362 Lois Cliff	13886
1396	396	Korea, Republic of	Idaho	West New Aureliahaven	111027 Kerluke Glen	52185-6050
1397	397	Kenya	Nebraska	South Port Helenatown	732247 Schinner Forks	04502-1303
1398	398	Hungary	California	South New Josephberg	368262 Morar Flats	53015
1399	399	Brunei Darussalam	Arkansas	Alexishaven	143006 Elliot Crest	42306
1400	400	Tajikistan	Illinois	Jaedenland	397379 Gideon Ford	00413-2157
1401	401	Sint Maarten (dutch Part)	New Jersey	North New Mariah	317425 Antoinette Harbors	23250-2831
1402	402	Iceland	Kansas	Paytonland	818701 Sandra Villages	16023-1517
1403	403	Ireland	Arkansas	Heaneyside	239993 Connelly Parkways	81046
1404	404	Bahamas	New Jersey	North Lake Blanche	727348 Kerluke Heights	28276
1405	405	Belgium	Virginia	West Lake Lurlineshire	969007 Rath Mountain	50313
1406	406	Dominica	Arkansas	North Lake Tristianburgh	580760 Vance Lodge	12682-0618
1407	407	Liechtenstein	Arkansas	Kuphalview	416948 Crooks Squares	66824-3104
1408	408	Qatar	Rhode Island	Pollichchester	296272 Lakin Mills	40573
1409	409	Romania	Tennessee	Kianabury	26954 Aubrey Street	68628-1527
1410	410	Uganda	Wyoming	North Lake Adolf	163187 Elinor Trafficway	81778-0742
1411	411	Luxembourg	North Dakota	Pedroburgh	696517 Tyreek Curve	14213
1412	412	Nicaragua	Nebraska	Evertville	717886 Boehm Hills	81587-2585
1413	413	Comoros	Delaware	South New Nicklausmouth	72248 Schroeder Bypass	46033-7837
1414	414	Somalia	Georgia	East Port Abbeymouth	463446 Rippin Crossing	10522-2133
1415	415	Gambia	Oregon	Veronicatown	430800 Pearline Shoals	71836-4807
1416	416	Zimbabwe	Pennsylvania	Kevenland	262970 Anibal Ways	73447
1417	417	Vanuatu	Delaware	Dewittburgh	999131 Schulist Row	68832
1418	418	Maldives	Pennsylvania	East Lake Conradton	819535 Gretchen Summit	52684
1419	419	Monaco	Michigan	North New Ava	198069 O'Reilly Ways	65335-1764
1420	420	Syrian Arab Republic	Alabama	South Lake Philip	146576 Williamson Summit	81334
1421	421	Madagascar	Wisconsin	North Port Greg	288244 Thad Creek	88118-7144
1422	422	Saint Barthélemy	Vermont	South New Adelbert	77942 Bruen Prairie	83675-8748
1423	423	Germany	New Mexico	Ardenchester	994158 Linda Ridges	38514
1424	424	Uganda	Nebraska	Boriston	133838 Schoen Turnpike	03310-5802
1425	425	Dominican Republic	Maryland	Johnsonview	269861 Gulgowski Mountain	53161-3001
1426	426	Comoros	Virginia	North Port Saigebury	604651 Earnestine Shoals	31705-5570
1427	427	Sint Maarten (dutch Part)	New Mexico	West Lake Pearlhaven	299314 Lubowitz Falls	80365
1428	428	Belize	North Carolina	West New Roscoe	351097 Timmothy Plain	61483
1429	429	Lesotho	Mississippi	Andresfurt	143882 O'Kon Extension	23162-4786
1430	430	Australia	Michigan	East Port Dangeloside	474726 Elda Knoll	64636-7016
1431	431	Ghana	Michigan	Mertzshire	626986 Thiel Roads	28117-4822
1432	432	Haiti	Ohio	Randalmouth	250452 Kozey Circles	60582
1433	433	Bulgaria	Idaho	Grantshire	190347 Smitham Bridge	18102-7661
1434	434	Japan	Alabama	Christianaberg	258018 Ayla Branch	50753-5726
1435	435	Colombia	Nevada	Aufderharmouth	76809 Kale Manor	22730
1436	436	Guam	Maryland	Sipesville	709943 Nitzsche Center	67302
1437	437	Northern Mariana Islands	Illinois	Enachester	74293 Lacy Mill	30488
1438	438	Romania	Oregon	South New Waltonton	634736 Pollich Rapids	21848-8608
1439	439	El Salvador	Hawaii	Zulaufview	146433 Langosh Camp	14676-2037
1440	440	Norfolk Island	Connecticut	West Port Felixmouth	462603 Rutherford Circle	44875
1441	441	Cape Verde	Mississippi	North Lake Evangeline	465406 Mann Ramp	73525-4473
1442	442	Lebanon	Minnesota	Rosarioview	537602 O'Reilly Keys	27334-6432
1443	443	Congo	Ohio	Dominiqueport	718396 Isaac Points	36154-5206
1444	444	Ecuador	New Jersey	South Lake Pasqualeland	225004 Cora Terrace	06587
1445	445	Cape Verde	New Mexico	East New Edgardo	202073 Abby Garden	57331
1446	446	CuraÇao	Massachusetts	Hauckbury	121859 Bashirian Valleys	82548
1447	447	Marshall Islands	Indiana	Ceciliatown	823189 Steuber Square	02072
1448	448	Guinea	North Dakota	Keeblerberg	5395 Alexandre Radial	16574-7526
1449	449	Congo, The Democratic Republic of The	Illinois	North Port Kingfurt	121760 Demetrius Groves	85716-2408
1450	450	Réunion	Idaho	East Port Revamouth	375887 Alfreda Spur	58151-6573
1451	451	Cocos (Keeling) Islands	Kansas	North New Fosterton	898840 Bradly Harbors	87441-5157
1452	452	Malawi	Washington	East New Kevinport	793340 Elisha Loop	73275
1453	453	Fiji	New Mexico	Cathrineberg	661889 Rachael Bypass	48320-4430
1454	454	Djibouti	Wyoming	North Port Aidaport	79161 Guido Path	35330
1455	455	French Guiana	Tennessee	West New Margaretport	496322 Swift Skyway	32357
1456	456	Micronesia, Federated States of	Missouri	Xandershire	757314 Spinka Track	65461
1457	457	Marshall Islands	Wyoming	Koelpinshire	811742 Macie Summit	44675-7716
1458	458	Western Sahara	Vermont	East Port Blakeburgh	788057 Kerluke Mission	31831-6853
1459	459	Timor-leste	Georgia	Shanelland	45595 Cora Garden	67466-7586
1460	460	Greenland	Idaho	Thielmouth	295950 Theresa Point	82633-2432
1461	461	Guyana	Colorado	Jalonmouth	250888 Anna Walks	48260-0148
1462	462	Libya	Montana	North New Jon	699869 Jackson Burgs	21817
1463	463	Montenegro	New Mexico	South New Bennie	273593 Morar Branch	52800
1464	464	Falkland Islands (Malvinas)	Nebraska	East Lake Isadore	801363 Langosh Shores	74045
1465	465	Korea, Democratic People's Republic of	New Hampshire	Maggiefurt	597839 Daphne Route	86461-7308
1466	466	Nauru	North Carolina	Schuppechester	830919 Zelda Canyon	00717-6248
1467	467	Svalbard and Jan Mayen	Louisiana	Manteland	96255 Roberta Creek	53678-2002
1468	468	Bosnia and Herzegovina	Florida	Cesarchester	455892 Phyllis Freeway	71542-0042
1469	469	Cuba	California	Whitneychester	924296 Tillman Rest	01652
1470	470	Zambia	New Hampshire	Osinskimouth	589022 Rath Drive	65070
1471	471	Mozambique	Virginia	Brennonstad	469212 Ramona Harbor	30122-5268
1472	472	Guadeloupe	North Dakota	Lolaborough	506396 Luciano Lodge	62548
1473	473	Colombia	Ohio	Dickensmouth	131092 Hosea Junctions	36061
1474	474	Svalbard and Jan Mayen	Washington	Harberton	41018 Arno Ports	86154
1475	475	India	Delaware	East Port Aniyah	659500 Neoma Grove	81665-8325
1476	476	New Zealand	Mississippi	Paytonfurt	253700 Cathy Vista	85351
1477	477	Guinea-Bissau	New Hampshire	North New April	903582 Dane Key	87751
1478	478	Northern Mariana Islands	Mississippi	South New Cassandraville	68527 Anabel View	83160-3775
1479	479	Holy See (Vatican City State)	North Carolina	East Lake Velvaborough	317763 Eliane Isle	08217-4518
1480	480	Bangladesh	Hawaii	West New Rubyburgh	85981 Mante Land	44442
1481	481	Macedonia, The Former Yugoslav Republic of	South Carolina	East Port Madgehaven	805733 Homenick Parks	14205-4715
1482	482	Andorra	North Carolina	Greenfelderland	529414 Kiehn Vista	11322-6510
1483	483	Panama	New York	Nikkoberg	319963 Abbott Manor	00733-2667
1484	484	Moldova, Republic of	New Mexico	Ashtonmouth	512966 Lori Cove	60044-4053
1485	485	Cayman Islands	Arizona	South Port Heleneland	816834 Buddy Mountains	26146-8778
1486	486	Burundi	Arkansas	Thielmouth	177701 Leora Manors	38324
1487	487	Liechtenstein	Kansas	Carmelaland	273872 Zieme Curve	81073-2544
1488	488	United States	West Virginia	South Port Buddy	899009 Alysha Terrace	86044
1489	489	Algeria	Washington	East Port Ardenburgh	590237 Dicki Curve	66145-8654
1490	490	Bahamas	South Carolina	Kossmouth	847021 Quigley Turnpike	81051-8621
1491	491	Niger	South Dakota	Nitzschefort	439000 Crist Plain	28745
1492	492	Tunisia	Florida	Turnerberg	888743 Prohaska Pine	60577-3814
1493	493	Samoa	Wyoming	Pourosview	226461 Ismael Overpass	77251-4380
1494	494	Lithuania	Arizona	Jordynview	650474 Donny Road	58853-4434
1495	495	Falkland Islands (Malvinas)	Oklahoma	Roycehaven	797889 Arely Route	78121-5166
1496	496	Ecuador	Tennessee	Cloydburgh	329451 Hazel Garden	10235
1497	497	Kuwait	Kentucky	Wizaside	283070 Elisabeth Station	82171-0203
1498	498	Cyprus	Hawaii	North Lake Marvin	393046 Eliza Drive	23647-3185
1499	499	Chile	Massachusetts	East Port Modestashire	847205 Waters Mission	16638
1500	500	Zambia	Illinois	South Lake Baileeside	318644 Glen Well	05242-7678
1501	1	Costa Rica	Hawaii	Gerholdton	927511 Velda Gateway	78510
1502	2	Hong Kong	Oregon	Greenfurt	609243 Nadia Center	53380-1038
1503	3	Timor-leste	South Dakota	Kunzeborough	640343 Mathias Stravenue	64055
1504	4	Taiwan, Province of China	Nevada	West Port Raegan	981699 Kyla Green	86800
1505	5	Cape Verde	Idaho	South Lake Dino	123180 Bernadine Squares	02578-1402
1506	6	Virgin Islands, U.S.	Nebraska	Bethanyfurt	90895 Rosina Drive	74627-1288
1507	7	Saint Lucia	South Carolina	Justicestad	824298 Feeney Via	47400-8787
1508	8	Chile	Connecticut	Raynorshire	317588 Hahn Spur	44301
1509	9	Micronesia, Federated States of	Mississippi	McDermottburgh	848430 Hand Run	40345
1510	10	Maldives	Arizona	West Lake Maidaport	597584 Otto Ramp	37501
1511	11	Austria	Florida	Jovanyberg	241968 Osinski Track	01601-2703
1512	12	Peru	Idaho	East New Madiefort	565670 Hayley Route	22001
1513	13	Italy	North Dakota	Hayesberg	800652 Nolan Haven	71213
1514	14	Guadeloupe	North Carolina	Queenton	921101 Greenholt Village	84758-8354
1515	15	Dominica	Kentucky	Billyside	54508 Breitenberg Grove	07113-5544
1516	16	Cyprus	South Carolina	Dickiville	401901 Conn Camp	84871-0325
1517	17	Iceland	Alaska	Ziemannport	554390 Quitzon Knolls	20820-3141
1518	18	Peru	Nebraska	East Lake Rubyebury	381404 Leuschke Divide	34112
1519	19	Mauritius	Missouri	Jazlynfurt	364100 Monahan Place	58405
1520	20	Equatorial Guinea	Louisiana	Edwardmouth	562757 Jasper Knolls	40741-2601
1521	21	Romania	Colorado	Margaretview	89808 Wolf Park	15012
1522	22	Pitcairn	Kansas	Willmsburgh	948999 Schoen Haven	44722
1523	23	Lithuania	Nebraska	West Port Keagan	221368 Rau Club	75743
1524	24	Saint Kitts and Nevis	Florida	Noelmouth	487861 Hansen Manors	46734
1525	25	Turks and Caicos Islands	Vermont	Gulgowskiton	196929 Elmo Falls	31257-2202
1526	26	United States Minor Outlying Islands	Mississippi	Wymanchester	62783 Jedidiah Parkways	50212-0276
1527	27	South Sudan	Illinois	Aubreyside	317878 Kennedi Neck	08238
1528	28	Uzbekistan	Idaho	Denesikside	395308 Pat Hollow	54488-0134
1529	29	Jamaica	North Carolina	North Lake Davon	989357 Charley Drives	68061-2171
1530	30	Afghanistan	New Mexico	South Lake Mohammedside	841592 Heidenreich Ramp	16830-3056
1531	31	Korea, Republic of	Alaska	East New Sigrid	870644 Marisa Shore	85574
1532	32	Cuba	North Carolina	North New Annamaeview	634485 Candelario Points	84484
1533	33	Guinea-Bissau	South Carolina	Karlton	554945 Powlowski Ridge	17101
1534	34	Congo	Georgia	North Port Keanustad	205959 Merritt Path	77474
1535	35	French Polynesia	Hawaii	East New Margaretteland	860275 Rosendo Street	60882
1536	36	Tonga	Louisiana	West Lake Dawn	757112 Ana Union	08466-1753
1537	37	Andorra	Oregon	South Lake Alexandro	76578 Gregg Crossing	83471
1538	38	Tuvalu	Illinois	South Port Alvafurt	650950 Beulah Parkways	86756-6116
1539	39	Belarus	Utah	Gibsonberg	272291 Prohaska Alley	16007
1540	40	Mexico	North Dakota	Raegantown	293247 Savannah Park	01655
1541	41	Cape Verde	Missouri	West Port Bernardo	336610 Dolly Fall	36036
1542	42	Central African Republic	Michigan	North New Alfredtown	969429 Blaise Hill	81076-7672
1543	43	Guam	Kentucky	Monserrateberg	656949 Micah Rapids	05561-6213
1544	44	Bahamas	Colorado	Zacheryborough	983506 Brad Light	22014
1545	45	Chad	Florida	South Lake Faustino	544999 Maggio Expressway	63776
1546	46	Malta	Colorado	West New Charity	336662 Deven Heights	05585-3031
1547	47	Armenia	Washington	North New Georgianna	825174 Constantin Ford	61808-5871
1548	48	Czech Republic	New Mexico	North New Cletushaven	453871 Susie Lane	08364
1549	49	Honduras	Alaska	Elissaside	295336 Trevor Points	68155
1550	50	Cook Islands	Indiana	Alessandramouth	608547 Feil Greens	66735
1551	51	Benin	Hawaii	North Lake Marcel	165551 Hermiston Shoal	72571-2863
1552	52	Chad	Rhode Island	Prohaskaside	96843 Linnea River	60867-8753
1553	53	Sierra Leone	North Carolina	South New Patricia	438928 Rosalind Mill	07344-2255
1554	54	Zambia	California	Hammesbury	982492 Hills Cape	37162
1555	55	Kazakhstan	Nevada	South Port Nicolas	979609 Mann Way	67255
1556	56	Falkland Islands (Malvinas)	West Virginia	Farrellfurt	69242 Witting Lake	54012
1557	57	Armenia	South Dakota	Anastaciofort	857566 Bogisich Ferry	16007
1558	58	Faroe Islands	Pennsylvania	West Lake Nelson	53524 Wisoky Junction	58241-2802
1559	59	Malaysia	Wyoming	South Lake Fredericfort	609431 Runolfsdottir Wells	66473
1560	60	Norway	Louisiana	Leannonborough	359985 Stroman Shoal	11486-0561
1561	61	Namibia	Michigan	Luluside	431728 Baumbach Expressway	11278-8810
1562	62	Uzbekistan	Pennsylvania	Treutelburgh	966602 Keegan Center	45673-8526
1563	63	Chile	Washington	Carolynbury	762052 Esperanza Drive	52628-5223
1564	64	Sudan	Alabama	South Lake Anastasiashire	992968 Will Square	51856
1565	65	Japan	Mississippi	Laronmouth	559348 Wiza Lake	36247
1566	66	Swaziland	Texas	North Port Elouiseborough	465169 Grady Extensions	33805
1567	67	Nigeria	Ohio	Colliermouth	852785 Koch Rue	30503
1568	68	Russian Federation	Wyoming	East Port Aniyah	970694 Alessia Spurs	14078
1569	69	Western Sahara	Michigan	Johnston	613565 Mraz Drives	81702-1610
1570	70	Cape Verde	Louisiana	Fidelberg	558005 Keyshawn Lake	12722
1571	71	Peru	South Dakota	West New Haileyfurt	126160 Kautzer Knoll	04812-2160
1572	72	Sao Tome and Principe	Pennsylvania	Margaretthaven	865602 Kshlerin Orchard	08847
1573	73	Togo	Arizona	VonRuedenbury	806668 Christiansen Ways	10453-7823
1574	74	Romania	Indiana	North New Reuben	29527 Ashleigh Ways	48125
1575	75	Israel	Michigan	East Port Oswaldshire	878701 Eichmann Viaduct	78643
1576	76	Honduras	Hawaii	Johnsfurt	271709 Bosco Brook	24548
1577	77	Guyana	Idaho	Tayaport	93872 Benjamin Spurs	47064
1578	78	Timor-leste	New York	Vandervortside	896895 Norberto Parks	78831
1579	79	South Georgia and The South Sandwich Islands	Indiana	Samanthaborough	421370 Moore Fork	17631
1580	80	Hong Kong	South Dakota	Hirthemouth	889844 Carroll Extensions	45821-5037
1581	81	Central African Republic	Minnesota	North Port Willie	28949 Beier Divide	28552
1582	82	South Sudan	Rhode Island	Caleighton	786083 Williamson Road	71528-4540
1583	83	Lesotho	Nebraska	East Lake Oda	430493 Merl Forge	34837
1584	84	Saudi Arabia	Maryland	Hahnside	411667 Estrella Pass	74340
1585	85	Senegal	Hawaii	West New Elfriedahaven	635250 Patience Harbor	44521-5846
1586	86	Maldives	Wyoming	Goyettefurt	773537 Verlie Rapids	65355
1587	87	CuraÇao	Virginia	Hagenestown	547483 Mante Freeway	63360
1588	88	Monaco	Hawaii	Abbottmouth	739301 Bahringer Burg	27750-7555
1589	89	Burkina Faso	Arizona	West New Vaughnfort	685263 Audrey Hills	60353
1590	90	Bermuda	Colorado	North New Madaline	870826 Schamberger Glens	31110
1591	91	Nauru	Pennsylvania	West Lake Jarrett	837705 Kris Ford	50201-0212
1592	92	Timor-leste	Oklahoma	Ezequielmouth	861919 Cremin Glens	60114-5785
1593	93	Benin	Tennessee	East Lake Ivah	901338 Cora Mount	44866-6643
1594	94	Togo	Kansas	South Port Makenzie	250219 Chelsie Flat	65630-5118
1595	95	Tonga	Vermont	Leannonshire	838092 Morissette Estates	20237
1596	96	Malawi	Kentucky	West Port Aprilfort	576566 Wilma View	35853
1597	97	Malaysia	New Mexico	West New Kelvin	207007 Maggio Crescent	05221-6105
1598	98	Burundi	Wisconsin	Jazminland	324061 Orn Summit	15012-3825
1599	99	Cocos (Keeling) Islands	Oregon	Allenville	772388 Ruby Via	22167-3106
1600	100	Nepal	Massachusetts	East Lake Reese	174291 Raymundo Stream	51010-6771
1601	101	Portugal	New York	Shanybury	609586 Amely Circle	86311-4704
1602	102	Antarctica	Michigan	East Lake Daynafort	650104 Beahan Crest	25862
1603	103	Libya	Alabama	Francobury	17621 Deja Trail	73187
1604	104	Saint Vincent and The Grenadines	Maine	South New Coraliehaven	767329 Theron Coves	78244-3173
1605	105	Malta	Oregon	East Lake Ansleyville	987624 Cremin Square	70528-3554
1606	106	Albania	Georgia	Prudenceport	290431 Kirlin Meadow	16762
1607	107	Gibraltar	Iowa	East Lake Myrna	803117 Domenico Rapids	82085
1608	108	French Polynesia	Rhode Island	Labadiemouth	233550 Senger Junction	84045
1609	109	Nigeria	Arizona	Keeleystad	646419 Alfonzo Center	45481
1610	110	Burundi	Kansas	West New Deliabury	868922 Connor Meadow	10034-1602
1611	111	Moldova, Republic of	New Jersey	East Port Wanda	3298 Emory Forks	68727
1612	112	Luxembourg	Arizona	East New Magnoliaville	512566 Carley Trace	18647-5468
1613	113	Denmark	Missouri	Bodetown	737093 Kemmer Canyon	78475
1614	114	Botswana	South Dakota	East Port Ron	326559 Haag Light	64608
1615	115	Antarctica	Alabama	North Lake Soledad	251732 Braden Corners	42231
1616	116	Nigeria	New Mexico	North New Emiliaberg	9196 Veum Crossroad	27132-8642
1617	117	Romania	Hawaii	North New Keanuborough	661802 Don Springs	55585-1367
1618	118	Indonesia	Florida	Kuhictown	960442 Dashawn Turnpike	15415
1619	119	Qatar	Nevada	East New Evie	714324 Lora Place	50453
1620	120	United Kingdom	Washington	East Port Riverfurt	10481 Lakin Rapids	21030
1621	121	Azerbaijan	Alabama	North Port Rosalynport	107585 Osborne Key	46033-2305
1622	122	Turks and Caicos Islands	Nevada	North Lake Lurabury	65599 Zemlak Harbors	25350
1623	123	Bahamas	Massachusetts	Kautzerside	269133 Erdman Rapids	18045
1624	124	Tunisia	Washington	Armstrongchester	956934 Johnston Garden	06300-6631
1625	125	Burkina Faso	Texas	South Port Belle	186786 Flatley Ferry	44110
1626	126	San Marino	Alabama	Paucekland	341014 Veum Overpass	65168-3165
1627	127	Saint Kitts and Nevis	Delaware	Sunnybury	816473 Zulauf Fields	38266
1628	128	Saint Kitts and Nevis	Wyoming	East Port Kevin	569949 Hailee Causeway	24685-6521
1629	129	Barbados	Alabama	Greggland	20139 Pacocha Road	67465
1630	130	Cyprus	Rhode Island	Schinnerland	446041 Ezequiel Shoal	31118
1631	131	Tokelau	New Hampshire	Rempelland	458313 Courtney Expressway	00256-8002
1632	132	Bulgaria	Mississippi	Ismaelburgh	861331 Shawna Greens	16121
1633	133	Latvia	North Carolina	Johnnieville	614560 Brennan Burgs	38304
1634	134	South Georgia and The South Sandwich Islands	Connecticut	South Lake Adellborough	563188 Turner Meadow	78757-1182
1635	135	Yemen	Washington	Noemiemouth	168557 Hickle Hollow	87402-6314
1636	136	Slovakia	Maryland	Reinastad	886632 Leuschke Brook	66744
1637	137	Mayotte	West Virginia	North New Jefferey	284765 Jamel Heights	86328
1638	138	Zambia	New Jersey	North Lake Yasmeen	431829 Macie Course	34111
1639	139	Qatar	Massachusetts	Huelsmouth	645866 Rosenbaum Corners	67863-0132
1640	140	Serbia	North Dakota	Schadenchester	59053 Wilmer Lodge	38132
1641	141	Jordan	Michigan	Rosenbaumville	693329 Reynold Harbor	15281-0221
1642	142	Jordan	New Hampshire	West Port Allanchester	906896 VonRueden Rapids	12747-8640
1643	143	South Africa	Colorado	South Port Dimitribury	562983 Heath Heights	10724
1644	144	Oman	Arkansas	East Port Broderickchester	953476 Beatty Union	16006-2535
1645	145	Palau	Massachusetts	Krisstad	749895 Cayla Bridge	86745
1646	146	Viet Nam	New Hampshire	East Lake Edwardo	82575 Feest Brooks	06711-8703
1647	147	Namibia	New York	East New Bert	118550 Aufderhar Alley	57535
1648	148	Albania	Oregon	South New Lethafurt	865433 McGlynn Plaza	27687
1649	149	Djibouti	Wyoming	Schaeferbury	166465 Kris Fort	58836
1650	150	Lao People's Democratic Republic	West Virginia	West Port Ari	784435 Evalyn Walk	35042-5564
1651	151	Western Sahara	Kansas	South Port Gerald	60619 Dillan Junction	28621-8662
1652	152	Kenya	Wyoming	Ernietown	527409 Hauck Pass	68217
1653	153	Sweden	Idaho	Sipesview	143627 Bauch Cove	88233
1654	154	India	Hawaii	McCulloughstad	317342 Lelah Mill	46746
1655	155	Guyana	Iowa	Emmetburgh	746945 Nadia Points	62052-6001
1656	156	Saint Lucia	Kentucky	East New Anabeltown	796069 Yolanda Vista	33357-6373
1657	157	Taiwan, Province of China	Ohio	Luettgenside	192757 Hammes Summit	55300-1714
1658	158	Ecuador	Iowa	Shanahanshire	412919 Hansen Grove	78755-3258
1659	159	Azerbaijan	Florida	Audiefurt	807225 Wiza Centers	21077-2471
1660	160	Argentina	Kentucky	East Lake Rowlandville	239191 Altenwerth Streets	58038
1661	161	Guinea	Arkansas	Medhurstmouth	369492 Bridget Lake	06201-6243
1662	162	Korea, Republic of	New Jersey	West New Petermouth	190550 Langworth Valleys	02044
1663	163	Nepal	Iowa	Hobartchester	771116 Floyd Pines	83583
1664	164	United States Minor Outlying Islands	Mississippi	Schroedermouth	141416 Emil Ville	01271-8762
1665	165	Liechtenstein	Wisconsin	Aniyaport	367339 Savannah Track	13362-1044
1666	166	Guatemala	South Dakota	Schaeferport	329218 Ali Islands	02022-7035
1667	167	Honduras	Ohio	West Lake Jaydon	96794 Friesen Key	01531
1668	168	Burkina Faso	Mississippi	South New Sean	609111 Howell Dam	63864
1669	169	Nepal	Maine	East New Cristian	764503 Cremin Roads	46307
1670	170	Liechtenstein	Idaho	South Lake Bayleestad	535016 Shea Fields	72105-1532
1671	171	India	Tennessee	South Port Brian	538796 Hudson Dale	83881
1672	172	Malta	Delaware	North Port Elian	852397 Heathcote Landing	86675-5321
1673	173	Greece	New York	West Lake Darlenestad	7947 Borer Inlet	53072-5444
1674	174	Belgium	New Jersey	East Port Spencerberg	670246 Schowalter Mount	12726-0232
1675	175	Central African Republic	Wyoming	Allanland	582355 Prosacco Tunnel	22636
1676	176	Uruguay	Connecticut	West Lake Clarissashire	657828 Jettie Ford	12020
1677	177	Greece	Massachusetts	South Port Maddison	393970 Astrid Prairie	87210
1678	178	Afghanistan	Texas	Harleyshire	686685 Olen Terrace	50228-4565
1679	179	Cayman Islands	West Virginia	Beckerberg	6778 Cartwright Track	65300
1680	180	Poland	Connecticut	South New Michealchester	270320 Bayer Point	38354-0584
1681	181	Wallis and Futuna	Maine	Turnerberg	172273 Denesik Mews	80088-4134
1682	182	Jamaica	North Dakota	Geoffreyport	263334 Reichert Meadows	75306-1020
1683	183	United States Minor Outlying Islands	North Dakota	Lockmanfort	130853 Orlo Pass	42268-7632
1684	184	Mali	Arizona	North Lake Mariafort	27780 Alvah Pines	71521
1685	185	United Kingdom	Indiana	Cristshire	281189 Filomena Estate	01745
1686	186	Hong Kong	Kentucky	North Lake Lavinia	145817 Caleb Squares	17305-6602
1687	187	Philippines	Alabama	East Lake Louveniachester	421642 Bogisich Avenue	02858-1547
1688	188	Netherlands	California	Schuppeshire	760819 Hershel Square	00664-6106
1689	189	Nicaragua	New Mexico	Justicetown	503353 Letha Brooks	56632-3013
1690	190	Congo, The Democratic Republic of The	West Virginia	West Port Ulises	524665 Mann Tunnel	25158
1691	191	Philippines	Michigan	Janiehaven	576895 Klocko Cape	07158
1692	192	Korea, Republic of	New Hampshire	West Port Herminia	25503 Candace Fork	56501-3343
1693	193	Poland	Wyoming	North Port Jazmyn	25225 Rubie Drive	73524-7834
1694	194	Antigua and Barbuda	Virginia	West Lake Loycestad	160491 Lindgren Plain	51417
1695	195	Israel	Rhode Island	Ratkebury	623123 Clementine Roads	35542
1696	196	Svalbard and Jan Mayen	Tennessee	Hiramchester	650940 Abernathy Inlet	55814
1697	197	Vanuatu	Arkansas	Jewessfort	543971 Smith Falls	46068-5278
1698	198	Greenland	Iowa	East Lake Monroeport	147955 Lenna Meadow	68208-3781
1699	199	New Zealand	Tennessee	Medhurstburgh	507613 Esperanza Lock	32428
1700	200	Saint Kitts and Nevis	Colorado	Phyllisville	545908 Teagan Camp	76282
1701	201	South Sudan	Colorado	West Lake Estaville	623517 Smitham Spurs	14768-4670
1702	202	Sri Lanka	Nebraska	Schowalterland	656205 Gorczany Loaf	31532
1703	203	Kiribati	Arkansas	Blandaport	132554 Blanda Shores	08417-3458
1704	204	Namibia	Minnesota	Jedediahbury	208003 Rutherford Highway	58786
1705	205	Réunion	Pennsylvania	East New Myrtice	955424 Mohr Flat	57616-1565
1706	206	Macao	Oklahoma	East New Hunter	927364 Reynold Rue	41133-8521
1707	207	Greenland	North Carolina	Cristobalborough	584032 Nestor Unions	75247-7246
1708	208	Serbia	Massachusetts	West New Mireyatown	527740 Hegmann Viaduct	37067
1709	209	France	North Carolina	East Lake Estrella	509983 Grimes Skyway	17314-8548
1710	210	Burundi	Utah	Linneamouth	22765 Mathilde Via	02300-6515
1711	211	China	Indiana	South Port Alexanderland	309376 Blanche Road	54116-1738
1712	212	Israel	Nebraska	East Port Greenbury	566141 Tatyana Viaduct	24021
1713	213	Pakistan	Nebraska	Funktown	391159 Will Pike	86356
1714	214	Gabon	Alabama	Faustinomouth	661711 Domenic Dale	33015-1583
1715	215	Uruguay	Nevada	West New Royalport	311395 Chris Gardens	83087-5818
1716	216	Slovenia	New Jersey	East Lake Dulce	477959 Prohaska Trafficway	44218-8771
1717	217	Korea, Republic of	Missouri	East Lake Zeldahaven	50019 Edwina Rest	61335-6120
1718	218	Comoros	New Jersey	East Lake Theresia	673261 Schmeler Mountains	80883
1719	219	Brazil	Utah	Streichchester	751202 Roob Court	17701
1720	220	Egypt	Texas	West Port Danial	752053 Kautzer Dam	10864-3332
1721	221	Israel	New Hampshire	East Lake Cheyanne	702820 Gaylord Gateway	76465
1722	222	Cayman Islands	South Carolina	East New Tate	638182 Roob Ridge	77561
1723	223	Antigua and Barbuda	Colorado	Hilpertmouth	26747 Jacobs Trafficway	40017
1724	224	Belarus	Texas	Makaylashire	620208 West Hills	46736-1544
1725	225	Northern Mariana Islands	Texas	North Port Cassidyhaven	198599 Schmeler Valley	60334
1726	226	Niue	Virginia	Dereckburgh	753032 Johnston Ways	33544-6361
1727	227	India	Delaware	North Lake Juanita	83744 Hintz Court	58706
1728	228	Réunion	Vermont	North Port Carey	65713 Kertzmann Isle	36360-3526
1729	229	Grenada	Arizona	Ondrickatown	780412 Terrence Drive	40607-4285
1730	230	Congo	Idaho	Mariotown	738783 Mateo Lake	50688
1731	231	Dominican Republic	Iowa	Elijahside	378976 Windler Forge	40256
1732	232	Afghanistan	Florida	East New Columbus	628840 Ebert Camp	73327
1733	233	Djibouti	Arkansas	Rolfsonhaven	388479 Haag Fields	48574
1734	234	Bonaire, Sint Eustatius and Saba	Kansas	West Lake Briannefort	420612 Schmeler Green	06372-5267
1735	235	Samoa	Idaho	East New Leamouth	304873 Nathanael Loaf	68178-2673
1736	236	South Sudan	Louisiana	Hansenmouth	734713 Jones Pass	23242
1737	237	India	California	Vitoburgh	879910 Genevieve Ridges	48610-8401
1738	238	Faroe Islands	Mississippi	Taureanberg	986736 Cali Course	40080-4851
1739	239	Heard Island and Mcdonald Islands	Washington	West New Leslie	775879 Isaias Fords	50631
1740	240	Mozambique	South Dakota	South Port Ebbamouth	282766 Kali Landing	24538-2813
1741	241	Dominican Republic	Georgia	Larkinchester	208752 Deron Mews	27766-3147
1742	242	Norfolk Island	Connecticut	North Port Enochtown	470788 Glover Drives	87738
1743	243	Singapore	California	Davisport	600056 Sabryna Heights	34533
1744	244	Fiji	Iowa	North Port Rene	600003 Weissnat Port	21615
1745	245	Tuvalu	Louisiana	North New Mervin	758901 Macejkovic Shoals	46627-5007
1746	246	Singapore	California	Schuppeton	830906 Haley Viaduct	64127-8013
1747	247	Nauru	Colorado	East New Grayce	85812 Jana Squares	33237-5355
1748	248	Ukraine	New Mexico	South Port Enrique	794193 Francesco Well	84786-7326
1749	249	Macedonia, The Former Yugoslav Republic of	New Jersey	Josefinaside	702878 Feeney Streets	75102
1750	250	Nigeria	New Mexico	East New Shyanneport	665382 Brekke Hollow	37877
1751	251	France	Wyoming	East New Chris	260150 Odell Highway	11026-6684
1752	252	Djibouti	Connecticut	Caterinafurt	330791 Labadie Causeway	77850-2858
1753	253	Comoros	Oregon	South New Judge	107820 Effertz Orchard	37046-4186
1754	254	San Marino	South Carolina	Greenburgh	66582 Tatum Brook	41742
1755	255	Russian Federation	Washington	Yundthaven	901673 Mortimer Green	57056-0438
1756	256	Estonia	Massachusetts	North Lake Kelsieland	654810 Cole Wall	42868
1757	257	Aruba	Washington	Florenciofort	461935 Kay Point	22832
1758	258	Saudi Arabia	South Dakota	Reingerborough	794082 Rowe Estates	02858-4682
1759	259	Costa Rica	Rhode Island	Creminville	140306 Sigmund Trafficway	65085
1760	260	Montenegro	Wyoming	West Lake Mayshire	145265 Ondricka Spur	74743-7508
1761	261	Marshall Islands	New York	West Port Mavisville	413226 Bauch Skyway	06502
1762	262	Russian Federation	Illinois	East Lake Deja	713184 Jacey Light	32347-1026
1763	263	Belarus	Idaho	South Port Jamesonborough	611603 Chaim Trafficway	06420
1764	264	Heard Island and Mcdonald Islands	Ohio	West New Aiden	715353 Van Harbor	11066-7835
1765	265	Jordan	Nebraska	Windlerborough	544004 Halvorson Knoll	56378
1766	266	Macedonia, The Former Yugoslav Republic of	Georgia	South Lake Clovis	172555 Avis Meadow	78841-6670
1767	267	New Zealand	Pennsylvania	West Port Blanca	714349 Aurelia Walk	50215-2285
1768	268	Spain	Ohio	South New Vaughnland	965718 Quinton Place	80787-0520
1769	269	Guatemala	Missouri	West Port Joborough	617839 Olson Skyway	82753
1770	270	Cayman Islands	Indiana	North Lake Eliseofort	274648 Tressa Brook	57306
1771	271	Poland	Alaska	Jordynview	963043 Maye Ports	04244-5408
1772	272	Botswana	California	Trantowbury	603337 Lia Valleys	17336
1773	273	Guyana	Indiana	Ashtonton	201920 Phoebe Turnpike	75277
1774	274	Qatar	Michigan	North New Destany	30631 Emmanuel Terrace	43823-0063
1775	275	American Samoa	Nevada	North New Zella	896965 Pollich Forest	74210
1776	276	Australia	Alaska	Eichmannville	38363 Cole View	30422-8126
1777	277	New Zealand	Washington	North Lake Seamus	4930 Kristopher Drive	13271
1778	278	Kyrgyzstan	Delaware	West New Hershelstad	624337 Kovacek Street	21678
1779	279	Honduras	South Carolina	East Lake Helen	900045 Melyna Overpass	63710-6048
1780	280	Suriname	Arkansas	Harleyburgh	196832 Nolan Tunnel	82802
1781	281	Vanuatu	South Carolina	Mabellemouth	987730 Icie Stream	13643-2758
1782	282	Bosnia and Herzegovina	South Carolina	North New Vaughnchester	161123 Heaney Brooks	74852
1783	283	British Indian Ocean Territory	New Mexico	East Port Gersonbury	916359 Torp River	46811-0315
1784	284	Guinea	Iowa	Cartwrightbury	837872 Langworth Mission	10165
1785	285	Colombia	Delaware	East Lake Toby	625931 Braulio Burg	54276
1786	286	Austria	Indiana	North Port Kennedy	25198 Rodriguez Roads	56382-6645
1787	287	Panama	Nevada	Okunevachester	994704 Leora Shores	86554
1788	288	Timor-leste	Alaska	Lindgrenshire	777700 Willard Route	01575
1789	289	Botswana	Ohio	Toychester	13986 Anne Mews	32668-3454
1790	290	Vanuatu	Georgia	Kovacektown	786037 McCullough Canyon	78043
1791	291	Martinique	Nebraska	Nicholaushaven	837333 Eino Mount	60077
1792	292	United Kingdom	Nevada	South New Claud	463886 Carole Land	42680
1793	293	Romania	Kentucky	South New Adonis	129695 Jewess Crest	24502-5410
1794	294	Kenya	Ohio	Kulasfurt	372171 Dillon Throughway	47330
1795	295	Australia	California	North New Jazmynside	64421 Windler Ways	71015-3663
1796	296	Singapore	Wisconsin	Katlynnstad	339060 Ross Key	44446-1754
1797	297	El Salvador	Mississippi	Weimannbury	625278 Ava Knoll	31101-2643
1798	298	Dominica	Kansas	West Lake Marlene	643641 Russel Skyway	23301
1799	299	Bulgaria	Maine	Stoltenbergland	131363 Robyn Club	28852
1800	300	Åland Islands	Kansas	East New Ezekielville	279966 Goyette Common	02644
1801	301	Svalbard and Jan Mayen	Arizona	Kubtown	180439 Miller Corners	75715
1802	302	Namibia	Arkansas	Padbergton	999731 Nona Cliffs	25437
1803	303	Luxembourg	Iowa	South Lake Aishaside	917938 Jenkins Village	43733-8168
1804	304	Dominica	Indiana	Tyrellburgh	448108 Marquise Points	03280-8140
1805	305	Zambia	Pennsylvania	Lylaville	958126 Lehner Junctions	56704-2282
1806	306	Saudi Arabia	Pennsylvania	South New Hubert	84327 Jewel Terrace	75117
1807	307	Samoa	Nevada	McLaughlinberg	176545 Harris Loaf	64330-0246
1808	308	Spain	Arkansas	West Lake Orlando	198173 Ruecker Valley	31010-6817
1809	309	Jersey	Rhode Island	East Lake Jerrell	866091 Steuber Hill	22805
1810	310	Holy See (Vatican City State)	Alaska	Hickleland	773463 Noe Estates	22323-3370
1811	311	Chad	South Carolina	East New Zackmouth	772078 King Rapids	47576-4702
1812	312	Sint Maarten (dutch Part)	Kentucky	Jacobsbury	708795 Carter Walk	82853-3012
1813	313	Belarus	Arkansas	Lehnermouth	652203 Stoltenberg Fields	70886-0373
1814	314	Sweden	Maine	Maribelberg	644023 Langosh Fort	55183-2635
1815	315	Ethiopia	Texas	South Lake Robin	649 Schamberger Dale	83157
1816	316	Bulgaria	Alaska	West Lake Suzanne	745214 Steuber Villages	17743
1817	317	French Guiana	Maryland	Medhurstchester	483999 Evans Viaduct	07506-6636
1818	318	Somalia	Montana	North New Tyler	504618 Jacinthe Hill	74028
1819	319	Timor-leste	Florida	Rutherfordfurt	540579 Hassie Parkways	83481-1046
1820	320	Hungary	Vermont	Aniyahmouth	495176 Lehner Ramp	14048
1821	321	Saint Kitts and Nevis	Wyoming	West Lake Tatyanamouth	94057 Will Freeway	12063
1822	322	Yemen	Kentucky	Macejkovicbury	356572 Demarcus Brooks	01135
1823	323	Aruba	Colorado	Berniershire	767877 Roob Port	33262
1824	324	Jamaica	Kentucky	Lakinmouth	901281 Stehr Ferry	34451-5730
1825	325	Ukraine	Vermont	Denesikside	173006 Sharon Mews	18055
1826	326	Myanmar	Alabama	Peterhaven	68560 Ziemann Oval	21070-2805
1827	327	Panama	Alaska	Rowenaton	32140 Torphy Cape	54547-5833
1828	328	Bhutan	Utah	South New Salliechester	104093 Karianne Forges	68512-1268
1829	329	Wallis and Futuna	Georgia	South New Tanner	357370 Antonetta Creek	01727-0787
1830	330	Lao People's Democratic Republic	Indiana	Boscoburgh	910664 Baylee Gateway	63625
1831	331	Liberia	California	North Lake Eleanora	845713 Winfield Estates	04076-7286
1832	332	South Africa	Michigan	West Port Emmy	305515 Merlin Loaf	23542-1686
1833	333	Heard Island and Mcdonald Islands	West Virginia	North New Korybury	450904 Martina Unions	66148-4144
1834	334	Uganda	Ohio	Laceyberg	416755 Ophelia Spur	75150
1835	335	Sierra Leone	Iowa	West Lake Jenniebury	363853 Destany Radial	52208-7711
1836	336	Cape Verde	New Mexico	South New Elmer	497752 Julie Estate	76382
1837	337	Oman	Vermont	Kaleyburgh	256736 Sheridan Manors	63117-2024
1838	338	Saint Vincent and The Grenadines	New Jersey	East Port Terrellberg	429391 Laney Port	81666
1839	339	Lao People's Democratic Republic	New York	East Port Siennafort	61109 Demetris Field	81752
1840	340	Singapore	Massachusetts	North Lake Kimberlyfort	154512 Zaria Path	62066
1841	341	Malta	Montana	East Port Elizabeth	570237 Collier Park	01558-4340
1842	342	Fiji	West Virginia	North Port Audreyton	477487 Kian Walk	13666-6562
1843	343	Yemen	Idaho	North New Cathrynshire	600405 Glenda Skyway	48781
1844	344	Guatemala	Montana	Wittington	393845 Deion Track	06762
1845	345	Portugal	Maine	Schneiderburgh	960919 Murazik Locks	00105
1846	346	El Salvador	New Jersey	South Lake Marion	353915 Chyna Viaduct	51156-7707
1847	347	Congo	Kentucky	Barneyville	810206 Constance Ferry	45052
1848	348	Slovenia	Wyoming	North New Ayla	173910 Bosco Green	17855-1166
1849	349	Bangladesh	North Dakota	Marshallton	89894 Reichert Corners	21341
1850	350	United Arab Emirates	Indiana	Wiegandton	845891 Mireya Cliffs	51773
1851	351	Ireland	Nevada	Thielton	244425 Rosendo Ridges	33241
1852	352	United States	Utah	East Port Kamille	572670 Tromp Shoals	66665-8521
1853	353	Georgia	Louisiana	East Lake Joyceberg	201537 Mayer Courts	76285-3226
1854	354	Botswana	Montana	Ewaldland	49149 Kassulke Rest	81150-2822
1855	355	Jersey	Wisconsin	North New Idell	436138 Andre Island	57600
1856	356	Guinea-Bissau	Nevada	Karleechester	741290 Marvin Trace	06020-7037
1857	357	Rwanda	South Dakota	East New Garrettbury	210697 Jerry Landing	13880
1858	358	Djibouti	Pennsylvania	Aureliashire	516495 Hector Ferry	37841
1859	359	Russian Federation	Pennsylvania	South Lake Alessandraton	326548 Aurore Light	56517-1425
1860	360	Japan	Arkansas	North Port Emmanuelton	553964 Cronin Valleys	84283
1861	361	Eritrea	West Virginia	Hageneshaven	148210 Matilda Ford	26886-4710
1862	362	Uganda	Michigan	Deckowstad	173227 Isobel Squares	36604
1863	363	Kyrgyzstan	Wisconsin	North New Estell	585458 Loma Place	34387
1864	364	Rwanda	Mississippi	Lebsackborough	684512 Kerluke Field	47612
1865	365	Albania	Connecticut	East New Jordanchester	67261 Stehr Junction	50550
1866	366	South Africa	Nebraska	Euniceport	311879 Ottilie Field	17761
1867	367	Slovenia	New Jersey	Webermouth	483008 Payton Junction	30847
1868	368	Sierra Leone	Oklahoma	East New Dallinville	393380 Rippin Crescent	40544-3575
1869	369	Denmark	North Carolina	South New Mark	959933 Kris Camp	04501
1870	370	Holy See (Vatican City State)	North Dakota	West Lake Amina	161147 Reichel Falls	73005-0283
1871	371	Belize	Vermont	Lyricmouth	489486 Gutkowski Islands	64056-0102
1872	372	Colombia	Alaska	Marleechester	921433 Pete Fords	16741
1873	373	Poland	Oregon	West Port Vernatown	812856 Klocko Grove	84007-2428
1874	374	Comoros	Louisiana	Jacobsville	641420 Darryl Falls	84523-5770
1875	375	Ghana	Oklahoma	Schultzshire	266755 Beahan Forge	45888-4528
1876	376	Lesotho	Idaho	Hellershire	254602 Wisozk Drive	54408
1877	377	Chad	Delaware	Nolanport	65323 Gaylord Forest	58624-1270
1878	378	Palestine, State of	Mississippi	West New Christian	208001 Letha Summit	81425
1879	379	Central African Republic	Wisconsin	Seamusview	811324 Cole Mall	87372
1880	380	Burkina Faso	Oregon	Aglaeton	247929 Jayden Via	63161
1881	381	United Kingdom	Alaska	East New Sonny	956792 Braeden Junction	36871-2327
1882	382	Cape Verde	New Hampshire	South Lake Karibury	930023 Angelita Throughway	71233
1883	383	Finland	Virginia	North New Shayne	529136 Hettie Extension	38431
1884	384	Albania	Pennsylvania	North Port Giaberg	253337 Zboncak Heights	26472-0066
1885	385	Azerbaijan	Texas	East New Eleanora	474039 Norbert Spring	00250
1886	386	Paraguay	South Carolina	Cummingsburgh	626177 Nitzsche Course	21430-0210
1887	387	Vanuatu	Wyoming	North New Damian	358989 Kemmer Creek	24611-4244
1888	388	Andorra	Wisconsin	West Lake Trisha	482722 Stamm Harbor	53465
1889	389	Angola	New Mexico	Jonesmouth	903692 Gorczany Fields	17326-6507
1890	390	Guinea-Bissau	Kansas	West New Bartholome	879625 Isaac Spur	13356
1891	391	Uruguay	Vermont	East Port Quinnshire	136643 Gideon Trail	20311
1892	392	Guinea-Bissau	California	South Lake Roymouth	860138 Leonie Curve	66378
1893	393	Cambodia	Massachusetts	South Lake Danial	363049 Maybelle Island	14278-6235
1894	394	El Salvador	Illinois	West Lake Elianbury	368442 Salvador Unions	77287
1895	395	Indonesia	New Mexico	North Port Ryannview	307610 Bogisich Walks	85863
1896	396	Senegal	Nebraska	West Port Virgil	862668 Cordelia Drive	74166-8275
1897	397	Chile	Nebraska	North New Elmira	802673 Yost Union	80347
1898	398	Côte d'Ivoire	Hawaii	Lulaview	445316 Koss Mall	37136-5481
1899	399	Korea, Democratic People's Republic of	Oregon	South Lake Crawford	889843 Bednar Light	32035-6771
1900	400	Equatorial Guinea	Georgia	Lenorachester	960945 O'Keefe Coves	14675
1901	401	France	Texas	East Lake Isabellton	136460 Chaz Spur	14178
1902	402	Greenland	Pennsylvania	Antoneland	109226 Oga Flats	44121
1903	403	Spain	New Mexico	Romagueraport	644198 Zella Lodge	25351
1904	404	Andorra	South Carolina	Jairomouth	325604 Prohaska Wells	38217-3735
1905	405	Bonaire, Sint Eustatius and Saba	Hawaii	South Lake Carlie	270844 Lesley Squares	32663-5110
1906	406	Mexico	West Virginia	South Port Demondton	457568 Leatha Streets	30456
1907	407	Åland Islands	Maryland	East New Juddton	905074 Ramiro Way	15433-0286
1908	408	American Samoa	Wyoming	North Port Marleybury	260590 Mitchell Parkways	08267
1909	409	Bouvet Island	Utah	Luellaview	391347 Domingo Curve	77646-4642
1910	410	New Caledonia	Georgia	East Port Naomi	306635 Koch Points	40117-5531
1911	411	Sierra Leone	Indiana	West New Reidmouth	129449 Eleanore Locks	13830
1912	412	Saudi Arabia	Hawaii	South Lake Brigitteville	587067 Bergnaum Motorway	88437-6075
1913	413	Djibouti	Ohio	East Lake Carmellafurt	779197 Bridgette Expressway	35250-7044
1914	414	Benin	Rhode Island	Osbaldoland	151492 Fritsch Trafficway	80405-8570
1915	415	Malaysia	North Dakota	Denesikside	555890 Jacobi Mill	62477
1916	416	Myanmar	Montana	Carsonfort	439843 Stiedemann Port	51634
1917	417	Guyana	Idaho	North Lake Jewellton	12070 Mikel Road	65200-2120
1918	418	Uruguay	Kansas	East New Bernadetteton	851550 Anderson Forges	20133
1919	419	Faroe Islands	North Carolina	North Lake Corneliusmouth	327570 Smith Drives	85015-5517
1920	420	New Zealand	Massachusetts	Herbertfurt	196497 Arnoldo Ports	55630-5632
1921	421	Turkey	Rhode Island	North New Loniebury	647230 Dominique Plains	61261-0448
1922	422	Portugal	New York	South New Hollie	867292 Corkery Loaf	54067-3602
1923	423	French Southern Territories	Michigan	South Port Yazmin	994347 Hettinger Loop	86516-4666
1924	424	Taiwan, Province of China	Florida	West New Stephany	881602 Eleanora Light	60855
1925	425	Guatemala	Alaska	South Lake Theresa	791638 Eileen Place	77203-5616
1926	426	Netherlands	New Mexico	Donnyshire	939329 Cara Pines	52123-3386
1927	427	Saint Lucia	Oregon	Hamillmouth	337634 Maximilian Lock	22423-7734
1928	428	Sweden	Louisiana	Dachside	262150 Kuvalis Drives	43188-3426
1929	429	Germany	Hawaii	West Lake Denishaven	412649 Rebeca Isle	14581-3835
1930	430	Sierra Leone	Illinois	South New Kaitlin	550252 Willard Inlet	44858
1931	431	Micronesia, Federated States of	Minnesota	Cartwrightfort	917039 Gerda Centers	45037
1932	432	Angola	Texas	Brandyborough	990364 Ian Forge	03306
1933	433	Bosnia and Herzegovina	New Mexico	Harbermouth	442604 Ziemann Cliffs	50565-7116
1934	434	Wallis and Futuna	West Virginia	East Lake Grayce	30561 Runte Divide	35245
1935	435	Virgin Islands, British	Nebraska	North Lake Julius	837678 Annamarie Wall	16063
1936	436	Faroe Islands	Ohio	Bashirianview	393948 Ines Trace	14871
1937	437	Antigua and Barbuda	Minnesota	Xavierfurt	619306 Ernser Circles	00537-0811
1938	438	Serbia	Kansas	Rueckertown	7555 Tyshawn Parks	38302-7287
1939	439	Estonia	Mississippi	South Port Julioview	660947 Sonya Walks	01325-4804
1940	440	Bhutan	Illinois	North Lake Marcoschester	364723 Lyda Islands	22418-4632
1941	441	Korea, Republic of	Nebraska	North Lake Crystel	435223 Quitzon Forges	45778
1942	442	Sri Lanka	Alabama	North Port Prudencechester	396927 Keshaun Island	07204-5303
1943	443	Georgia	Alaska	South Lake Lerafort	588863 Nicholaus Rapid	32176-5264
1944	444	Libya	Tennessee	West Lake Averymouth	118048 Buckridge Inlet	61074-3055
1945	445	Kuwait	Nevada	Nathanialborough	466745 Colton Valley	46056-4433
1946	446	Cameroon	West Virginia	Kuvalisborough	994115 Else Walks	75025-4244
1947	447	Wallis and Futuna	Mississippi	Hipolitoland	758883 Littel Drive	28532
1948	448	Colombia	Michigan	South Port Katheryn	30835 Orval Station	01041-6116
1949	449	South Sudan	Maine	West Port Alvahside	544948 Balistreri Valleys	74712-6827
1950	450	Seychelles	Minnesota	North Port Emilieborough	890249 Kub Glens	70276
1951	451	Korea, Democratic People's Republic of	Minnesota	East Lake Friedamouth	22916 Lew Key	20046-0835
1952	452	Trinidad and Tobago	Georgia	Hoppestad	46699 Herzog Centers	75315
1953	453	Timor-leste	Maine	Giuseppeport	98761 Bauch Stream	55334-6734
1954	454	Vanuatu	Nebraska	South Lake Maevefort	917331 Coralie Rapids	11785
1955	455	Cambodia	New Hampshire	Chazland	762867 Christiansen Trail	65402-8511
1956	456	Madagascar	Oklahoma	East Port Leland	171390 Bashirian Mall	70318-8352
1957	457	Croatia	Tennessee	Kozeystad	752785 Edgar Ford	58762
1958	458	New Caledonia	Florida	North New Caleigh	469334 Lockman Pines	48273-8850
1959	459	Somalia	Pennsylvania	Magnoliaberg	164299 Federico Land	86028-6246
1960	460	Kiribati	Idaho	West New Lilyan	936436 Trystan Corner	07030-2728
1961	461	Singapore	Delaware	Weissnatburgh	427102 Roob Wells	47843-3748
1962	462	Venezuela, Bolivarian Republic of	Mississippi	Erinmouth	890767 Schmeler Hollow	85544
1963	463	Tokelau	South Carolina	South New Delfinamouth	458232 Christiansen Villages	02287-3740
1964	464	Bermuda	Wisconsin	East Lake Harley	399994 Terry Locks	11332
1965	465	Slovenia	Minnesota	Pricetown	860350 Farrell Landing	11272-3225
1966	466	Saint Lucia	Arkansas	Goyettestad	217467 Esther Burg	11034-4110
1967	467	Grenada	Colorado	Titusburgh	230216 Alexandro Oval	01308-8480
1968	468	Hong Kong	Iowa	Runteview	111415 Kennith Coves	67447-7747
1969	469	Norfolk Island	North Carolina	West Lake Lesley	972141 Letitia Path	08361-0881
1970	470	Sri Lanka	Michigan	West Port Melbaberg	819880 Tavares Islands	16778
1971	471	Marshall Islands	Massachusetts	East Lake Veda	363721 Mohr Coves	36854
1972	472	Senegal	Nevada	North Port Nikolasmouth	178330 Lindgren Field	46211
1973	473	Cook Islands	North Dakota	South Lake Astridport	199850 Mariano Grove	60746
1974	474	Holy See (Vatican City State)	Utah	Considineberg	970819 Wiza Points	38148-7087
1975	475	Guinea-Bissau	Kansas	Catherinehaven	833562 Luciano Squares	75284-0787
1976	476	Korea, Republic of	Vermont	Janyfort	883755 Andy Expressway	04325
1977	477	Uganda	Minnesota	North New Harveyfurt	894357 Zora Bridge	78740
1978	478	Cameroon	Kentucky	North Port Clementine	962112 Price Shoal	67442-0688
1979	479	Mali	Massachusetts	Cameronville	639027 Maxwell Flats	11774-1570
1980	480	Belize	Delaware	Smithammouth	653794 Schiller Alley	68432-6415
1981	481	Mongolia	Alaska	West Lake Lupemouth	292912 Glover Point	18034
1982	482	Saint Barthélemy	Texas	West Lake Ona	653114 Bashirian Cove	38053-1136
1983	483	Maldives	Iowa	South Port Sylvia	252975 Elias Avenue	73835
1984	484	Gibraltar	Indiana	North Lake Erling	726096 Price Spring	40577-0670
1985	485	Argentina	Kentucky	North Port Vernie	131126 Kuhlman Groves	50638-4448
1986	486	Mayotte	Oklahoma	Rowefurt	531548 Concepcion Plaza	46356-4420
1987	487	Guadeloupe	North Dakota	North New Charles	746465 Rutherford Glen	11672
1988	488	Grenada	New Jersey	South Port Sheila	801879 Cindy Bypass	54754-8123
1989	489	Algeria	Michigan	West Lake Laynefurt	718445 Treutel Glens	26733
1990	490	Nauru	North Carolina	Durganport	498055 Hilpert Flat	82368-2205
1991	491	Virgin Islands, U.S.	New Mexico	Jedediahville	438778 Danielle Cape	86150-7571
1992	492	Tonga	West Virginia	Reillyborough	413085 Blick Mill	42234
1993	493	Mozambique	Wisconsin	Marvinton	548102 Boehm Knoll	34802
1994	494	Saint Kitts and Nevis	New Mexico	West Port Leone	639780 Alysa Skyway	12636-5742
1995	495	Holy See (Vatican City State)	West Virginia	West Port Norval	621154 Kimberly Knolls	37260-4731
1996	496	Sint Maarten (dutch Part)	Louisiana	East Port Westley	172705 Barton Park	74034
1997	497	Greenland	Illinois	South Port Andrew	28606 Mueller Unions	88783-0343
1998	498	Mauritius	Missouri	East New Jameymouth	837384 Rubye Manors	85326
1999	499	Colombia	Pennsylvania	West Port Brianne	448795 Pink Port	56088-2161
2000	500	Turks and Caicos Islands	New Jersey	East Port Adrianna	477107 Bradford Neck	38512-6548
2001	501	Bhutan	Ohio	Sibylmouth	170964 Ebert Streets	11157-8841
2002	502	Western Sahara	Minnesota	Kennamouth	586215 Vivian Flat	20787
2003	503	Equatorial Guinea	Massachusetts	Toreyburgh	630233 Heidenreich Route	33745-3847
2004	504	Bermuda	Ohio	Pouroschester	372339 Anderson Oval	44035-3588
2005	505	Macedonia, The Former Yugoslav Republic of	Utah	Andersonfort	844505 Lockman Key	01086-5407
2006	506	Suriname	Alaska	North Port Dane	181705 Mayert Camp	51328
2007	507	Barbados	New Jersey	Ivahaven	690335 Dooley Fords	21622-2001
2008	508	Uruguay	Virginia	Lerastad	596143 Domenick Way	87186-4002
2009	509	India	Kentucky	Devanchester	914413 Pablo Shore	78233-1224
2010	510	Wallis and Futuna	Florida	Shanahaven	351031 Arnoldo River	82371
2011	511	Timor-leste	South Carolina	South Lake Ben	878954 Spencer Brook	22048
2012	512	Hong Kong	Montana	Roweville	8085 Alvina Ways	67446-6218
2013	513	Slovakia	Nevada	South New Alleneville	322838 Dudley Vista	20108-8054
2014	514	Belize	Illinois	West Lake Diana	895526 Amanda Junction	73048-2038
2015	515	Dominica	Texas	Robyntown	13872 Sallie Avenue	18634
2016	516	Cayman Islands	Arkansas	South Port Fredrickside	409614 Olson Gateway	53748
2017	517	Bermuda	New Jersey	Wunschtown	569444 Jayda Gateway	56822
2018	518	Falkland Islands (Malvinas)	Maine	Annamaeland	211367 Alverta Views	70016
2019	519	Panama	Connecticut	North Lake Madieville	790041 Izaiah Bypass	02504
2020	520	Guadeloupe	Maryland	Ignaciochester	105150 Albert Pass	57387-2544
2021	521	Malta	West Virginia	Ullrichburgh	787929 Hahn Knolls	68337-0853
2022	522	Costa Rica	Idaho	Skilesmouth	346923 Kennedi Fields	62181-3460
2023	523	Tonga	Texas	Hildahaven	870903 Joel Lock	63152
2024	524	Sierra Leone	Pennsylvania	South Port Florencefurt	612877 Alysha Club	38083-8413
2025	525	Czech Republic	Pennsylvania	Pricefort	117773 Bruen Island	81451
2026	526	Turkmenistan	Illinois	South Lake Benberg	270252 Shields Shoal	12865
2027	527	Bermuda	Pennsylvania	Leuschkeside	237711 Adela Bridge	14001
2028	528	Turkmenistan	Michigan	Bartellberg	27833 Balistreri Mountain	37538
2029	529	China	Virginia	Kacieberg	668548 Parker Spring	24573-0563
2030	530	Honduras	Mississippi	Muellershire	123597 Tevin Dale	02532
2031	531	United Kingdom	Idaho	Effertzton	916567 Durgan Circles	28382
2032	532	Senegal	Oklahoma	Dickensport	914145 Goodwin Estate	36247
2033	533	Norfolk Island	Iowa	Russelville	78914 Evalyn Shoal	87071
2034	534	Malawi	Pennsylvania	Bufordhaven	685964 DuBuque Valleys	16176-7226
2035	535	Bahrain	Maryland	Antonetown	405966 Purdy River	74241
2036	536	Bonaire, Sint Eustatius and Saba	Texas	South Lake Lizethfort	423755 Goodwin Manors	20600
2037	537	Timor-leste	Tennessee	Jenatown	987373 Rau Forks	36523
2038	538	Lao People's Democratic Republic	Pennsylvania	South New Savanna	251839 Rodrick Stravenue	03625
2039	539	Cape Verde	Wyoming	South New Britneyhaven	9398 Catharine Crescent	01130-1284
2040	540	Côte d'Ivoire	New Jersey	East Lake Efrain	229342 Evangeline Lodge	63566-7074
2041	541	Belize	Arkansas	Sengerbury	510218 Emmie Cliff	34047-2414
2042	542	Pakistan	Connecticut	East Port Devyn	171299 Paucek Harbor	87633-1575
2043	543	Bonaire, Sint Eustatius and Saba	Alabama	Littleshire	385334 Gleason Motorway	82128
2044	544	Central African Republic	Connecticut	North Port Efren	659727 Julianne Village	73267
2045	545	Trinidad and Tobago	New Jersey	East New Myrtie	170810 Murl Spring	48512
2046	546	Cayman Islands	Tennessee	South New Ceasarmouth	900761 Haven Expressway	74770
2047	547	Malawi	Utah	East Lake Hollie	808444 Lucy Burg	01721-6758
2048	548	Wallis and Futuna	Iowa	North Lake Novellashire	461707 Madalyn Point	58677
2049	549	South Sudan	Minnesota	North Port Randiborough	401556 Kilback Rue	34175-5515
2050	550	Albania	New York	Blockhaven	904422 King Loaf	61073
2051	551	Congo	Arizona	East New Evertside	261412 Breitenberg Ways	51887-0581
2052	552	Armenia	New Mexico	West Port Jayden	310095 Susana Common	15527-5075
2053	553	China	Idaho	Hirthefort	560839 Dorian Motorway	74816-4175
2054	554	Monaco	Utah	Weissnatchester	192493 Reichel Lane	06176-6478
2055	555	Iraq	California	Velmaview	739028 Romaguera Views	85648
2056	556	Macao	Rhode Island	North New Keenanland	354690 Lennie Fords	17256
2057	557	China	Alabama	North Lake Magnoliastad	78651 Stamm Meadow	14031
2058	558	Cayman Islands	Arizona	Pfefferborough	484792 Ziemann Streets	08127-3180
2059	559	Tonga	New York	Dejamouth	364677 Ebert Spring	65187-4633
2060	560	India	Alaska	West Lake Marisol	4822 Lynch Station	73028-3075
2061	561	Iran, Islamic Republic of	Connecticut	South Port Brannonport	534423 Frami Freeway	45420
2062	562	Solomon Islands	Maryland	East Lake Floybury	13112 Brady Unions	37034
2063	563	Cameroon	Alabama	Dachberg	624924 Rath Mount	62453-6517
2064	564	Comoros	Montana	South Lake Lazaroton	704919 Burnice Throughway	74185-7225
2065	565	Netherlands	Texas	North Port Ladarius	256877 Ferry Loaf	13163
2066	566	Dominica	North Dakota	East Lake Paige	405393 Arvel Pine	87714-6778
2067	567	Peru	Montana	North New Brandiview	375424 Hauck Villages	82516
2068	568	Bahrain	California	Marcofort	432565 Alene Vista	16861-1187
2069	569	Ukraine	Missouri	Predovicport	301420 Wolff Groves	64811
2070	570	Latvia	Massachusetts	Huelview	923542 Morar Ferry	18663-2800
2071	571	Spain	Alaska	Ofeliafurt	567576 Rosenbaum Forges	07746
2072	572	Sweden	Arizona	Verniehaven	157510 Heathcote Locks	70716-7523
2073	573	Pitcairn	Utah	West Lake Jaleel	82972 Rowe Knoll	01278-1550
2074	574	Saint Pierre and Miquelon	Iowa	Klockoville	130854 Camille Green	20387-5133
2075	575	Saint Kitts and Nevis	Wyoming	North New Connorchester	221433 Preston Crossroad	03238-4131
2076	576	Greece	Wisconsin	North Port Ettieborough	566375 Deckow Stream	75623-3283
2077	577	Somalia	Massachusetts	South New Tyraville	772091 Florian Circles	70233-1233
2078	578	Falkland Islands (Malvinas)	West Virginia	South Port Domenicotown	470317 Adriana Ways	78416
2079	579	Mali	Kansas	Carolport	463553 Brent View	05335-0507
2080	580	Iceland	Texas	East Lake Laurence	735470 Osborne Ranch	14768
2081	581	Eritrea	New York	South Lake Priscilla	575977 Turner Rapid	41570-5016
2082	582	Oman	Colorado	South Port Garnettfort	633111 Marcia Well	71080-3204
2083	583	Netherlands	Nevada	North Lake Delfinaburgh	370144 Wilfrid Rapids	16606-6453
2084	584	Comoros	Nebraska	Fisherfurt	910994 Laura Dam	06327
2085	585	Togo	Missouri	Moenmouth	704228 Gerry Radial	57723-7141
2086	586	Moldova, Republic of	Montana	Lulachester	76112 Kuhic Flats	42580
2087	587	Lao People's Democratic Republic	Illinois	East New Joaquin	577012 Abbott Cove	25333
2088	588	Mexico	Tennessee	South Lake Barton	553549 Daugherty Summit	70868
2089	589	Tokelau	Tennessee	South New Peterland	459327 Yazmin Field	41124-2556
2090	590	Liberia	Mississippi	South Port Sabrynamouth	330413 Von Trafficway	25555-0414
2091	591	Bermuda	South Dakota	West New Jillianmouth	90054 Janet Lake	71363
2092	592	Malawi	New Jersey	Hirtheland	252608 Chaim Extensions	31476
2093	593	Cape Verde	Montana	East Lake Jeffereyfort	164724 Ignacio Port	03434-3601
2094	594	Kazakhstan	Pennsylvania	South Lake Chetview	38067 Rowan Well	31148-3044
2095	595	Ghana	Vermont	Erickborough	693895 Goyette Forge	80261
2096	596	Zambia	New Jersey	South Port Ernestineshire	424868 Della Plain	85551
2097	597	Rwanda	Tennessee	South New Kathryntown	301016 Rippin Gateway	43427-7732
2098	598	Brazil	Florida	Antoniomouth	536838 Feest Islands	44765
2099	599	Pakistan	Tennessee	Veronicaville	759321 Luisa Knoll	22782
2100	600	New Caledonia	Minnesota	South New Morgan	892377 Oberbrunner Run	50887
2101	1	Antarctica	Texas	Rolfsonhaven	491250 Daniel Rapids	56542-6611
2102	2	Latvia	Colorado	Rueckerburgh	872166 Johns Pine	65310-7346
2103	3	Czech Republic	Nebraska	Burdetteview	507608 Ibrahim Orchard	30362-0404
2104	4	Macedonia, The Former Yugoslav Republic of	Oklahoma	Jenkinschester	463800 Adams Turnpike	38511-2034
2105	5	Wallis and Futuna	Nevada	North Port Zelda	807430 Judge Course	05115-0702
2106	6	Indonesia	Delaware	West New Lorine	975583 Darren Hollow	30620
2107	7	Vanuatu	Idaho	Fadelhaven	370807 Hackett Glen	82840-7356
2108	8	Egypt	Hawaii	North Port Noelia	259028 Dooley Vista	33561-0671
2109	9	Jordan	Tennessee	Dewittborough	441273 Moore Cape	31414-7346
2110	10	Hungary	North Dakota	Mireyahaven	362762 Rosella Circles	45455-6557
2111	11	Wallis and Futuna	Missouri	East New Allene	594660 Mariane Villages	23344-1237
2112	12	Turkey	Virginia	Trantowberg	662920 Sabrina Canyon	34125-2137
2113	13	Belgium	Montana	Emiefurt	973167 Ernser Ports	64414-3402
2114	14	Virgin Islands, British	Wyoming	East Lake Gerry	295598 Dietrich Landing	12234-7126
2115	15	Ireland	South Carolina	Henritown	494439 Liza Lodge	10285
2116	16	Samoa	Illinois	Johnstontown	438335 Weimann Mews	54883
2117	17	Saint Helena, Ascension and Tristan Da Cunha	New York	North Port Jessie	860760 Paxton Drive	73525-6526
2118	18	Paraguay	Illinois	South New Micah	415856 Ibrahim Ramp	50511-4814
2119	19	Solomon Islands	Arkansas	East New Sonnychester	687430 Earnestine Ridges	56314
2120	20	Cayman Islands	Arkansas	North New Doris	579347 Bertram Vista	58285
2121	21	Armenia	Missouri	East New Charley	245701 Ethyl Viaduct	67430
2122	22	Bhutan	Alabama	South Port Cordellmouth	136503 Mateo Dale	70136-4706
2123	23	Italy	Delaware	South Port Claudland	411953 Dickens Crescent	28117-3463
2124	24	San Marino	Wyoming	South New Corrinemouth	305157 Pagac Groves	00122
2125	25	Norway	North Dakota	West Port Lamar	281445 Lola Flat	17763-4844
2126	26	Denmark	Oklahoma	Hagenesville	66804 Gracie Estates	72427
2127	27	Sudan	Maryland	South Port Judeshire	796084 Stella Valleys	35614
2128	28	Greece	Kentucky	East Port Marlonborough	54417 Ernesto Heights	01115
2129	29	Romania	Maine	North New Emely	47983 Roberts Stream	45241
2130	30	Gambia	Washington	Whiteton	424390 Langosh Brook	08236-6177
2131	31	Georgia	Massachusetts	Drakefort	77936 Moen Key	78208
2132	32	Madagascar	Oregon	Zackfurt	923338 Irving Mountain	83500
2133	33	French Southern Territories	Maryland	East Port Bill	709286 Flavie Crossroad	62222-8548
2134	34	Falkland Islands (Malvinas)	New Jersey	Aliviaburgh	656593 Morissette Trafficway	65314-8677
2135	35	Israel	Missouri	Florencebury	781189 McLaughlin Key	48444
2136	36	Korea, Democratic People's Republic of	Alabama	Murazikside	38325 Bernier Light	57358-2571
2137	37	Sweden	Minnesota	North Port Dorianside	283059 Fadel Parkways	87883-2646
2138	38	Bhutan	North Carolina	North Port Llewellyn	619109 Kari Mall	35264-0131
2139	39	Panama	Rhode Island	Kovacekmouth	361907 Stroman Course	16524
2140	40	Georgia	Hawaii	Nadiamouth	238843 Zieme Mount	82178
2141	41	Bhutan	Utah	West New Waynefurt	259283 Elva Pines	05405
2142	42	New Caledonia	Texas	North Lake Keon	947367 Runolfsson Burgs	60658-6774
2143	43	Holy See (Vatican City State)	Washington	South New Noelia	382760 Ilene Junctions	04545
2144	44	Holy See (Vatican City State)	Kansas	West New Imanimouth	804120 Cecile Flats	70571
2145	45	Saint Helena, Ascension and Tristan Da Cunha	Oklahoma	Donnellyberg	823184 Terry Causeway	88738
2146	46	Bosnia and Herzegovina	Texas	North Lake Rick	582782 Emely Lane	78864-4720
2147	47	Dominican Republic	New Hampshire	Andersonport	30321 Altenwerth Vista	18344
2148	48	Argentina	Ohio	Monserrateland	711201 Mireille Views	68416-5773
2149	49	Comoros	Arkansas	East New Eleanora	205229 Brady Junctions	24244-2044
2150	50	India	Vermont	East Lake Austyn	8546 Reba Course	15207
2151	51	Cocos (Keeling) Islands	Illinois	Hickleberg	829561 Conn Rapid	63836-2610
2152	52	Togo	Kansas	South New Vincenzaland	7402 Mraz Ferry	08070
2153	53	South Georgia and The South Sandwich Islands	Illinois	Cormiermouth	412147 Rashawn Streets	34447
2154	54	British Indian Ocean Territory	Iowa	West Lake Raymundochester	987425 Moshe Gardens	44754-0220
2155	55	French Polynesia	North Dakota	Schmidtburgh	240186 Huel Neck	18273
2156	56	Australia	Maine	Sterlinghaven	635988 Gennaro Crescent	07243-0037
2157	57	Yemen	New Jersey	West Lake Shannon	904690 Doyle Passage	82703
2158	58	Kenya	Rhode Island	Odachester	354372 Hoeger Valley	06370
2159	59	Hong Kong	Kentucky	Hunterborough	897085 Vilma Radial	38538
2160	60	Philippines	New York	North Port Traceview	719676 Von Walk	01757-3240
2161	61	Malawi	New Hampshire	West New Mckenzieton	571654 Lafayette Lodge	77650-3133
2162	62	Mali	North Dakota	North New Nakiaton	342873 Beatty Loop	82647
2163	63	Iran, Islamic Republic of	Illinois	Cristophermouth	292339 Keebler Creek	70841-0157
2164	64	Tonga	New Jersey	West Lake Nicoletteshire	461674 Zboncak Knoll	22310
2165	65	Bonaire, Sint Eustatius and Saba	Alaska	Luzton	704720 Jettie Lights	22078
2166	66	Romania	Alabama	Ortizshire	263866 Fritsch Roads	08157-2425
2167	67	New Caledonia	New Jersey	Pagacland	760065 Gaylord Orchard	38604
2168	68	Mayotte	Kentucky	Elinorhaven	500346 Wallace Branch	56507
2169	69	Togo	Nevada	Arnoldfort	59153 Rau Unions	37562-7100
2170	70	Burkina Faso	Oklahoma	North Port Roxanne	408603 Hills Plain	57280
2171	71	Mali	Connecticut	Kingport	796858 Lynch Parks	12840
2172	72	Saint Kitts and Nevis	Missouri	Vandervortton	56517 Dayna Manor	53223
2173	73	Antarctica	North Carolina	Revaside	252614 Dayne Camp	26618
2174	74	Niue	Kentucky	Leuschkeland	16065 Dietrich Plains	62341
2175	75	Nauru	Ohio	West Lake Danaton	198018 Miles Inlet	12246
2176	76	Norway	Illinois	East Lake Annetteport	943744 Dillan Estate	38415
2177	77	Greece	New York	Schroedershire	532342 Zelda Shores	70437
2178	78	Falkland Islands (Malvinas)	Wyoming	Angusshire	408596 Mueller Streets	83582
2179	79	San Marino	Connecticut	West New Reta	232069 Abbie Crescent	60880
2180	80	Taiwan, Province of China	North Carolina	North New Joana	114119 Block Pine	22685-7718
2181	81	Pakistan	Colorado	Jakubowskimouth	1569 Rudolph Plaza	53341
2182	82	Latvia	California	East Lake Elliot	187949 Goodwin Shores	15551-4741
2183	83	Oman	California	Nolanhaven	361634 Melvin Heights	36187-2058
2184	84	Vanuatu	Louisiana	North Lake Ramiroland	249065 Dawn Meadows	62161
2185	85	Barbados	Mississippi	West New Scarlett	399643 Trisha Drive	78125
2186	86	Mauritius	Illinois	North Lake Hipolitoville	383977 Zoe Meadows	53471
2187	87	Belize	Florida	North Port Fredrick	374418 Minnie Haven	84654-6480
2188	88	Croatia	New York	Ellenhaven	342581 Loy Tunnel	47767
2189	89	Congo	Georgia	Lincolnport	708134 Porter Crossing	46304
2190	90	Guadeloupe	California	Monahanside	993065 Baumbach Loaf	33415
2191	91	Nauru	Oregon	South Lake Maggiemouth	819554 Mariam Shore	30366
2192	92	Haiti	Nevada	West Port Barbara	85541 Jast Corners	37570-2822
2193	93	Fiji	Ohio	Claudhaven	14169 Jed Pass	87618
2194	94	French Polynesia	Tennessee	Boyerville	69384 Frankie Overpass	84725-8235
2195	95	Mozambique	West Virginia	Erikmouth	150250 Clint Forks	42808
2196	96	Romania	Mississippi	West Lake Ima	384644 Lawrence Fords	38381
2197	97	Kenya	Utah	West Port Ima	952691 Devyn Throughway	21441-5512
2198	98	Croatia	Rhode Island	South Port Narciso	621457 Garry Branch	64181-4450
2199	99	Burkina Faso	Louisiana	West New Zena	741606 Darryl Causeway	47878
2200	100	Guinea-Bissau	Maryland	South New Jairo	534502 Geovany Land	05410-7150
2201	101	Sierra Leone	Delaware	East Lake Yadiraland	101360 Cartwright Lakes	00476
2202	102	Kenya	Oklahoma	West New Jon	593182 Bailey Street	62568-7844
2203	103	Georgia	Nebraska	North New Dixie	341990 Koepp Track	66826
2204	104	Zambia	Nevada	Yostport	141407 Jewess Villages	35360
2205	105	Åland Islands	Minnesota	South New Kallietown	804217 Kirlin Corners	31182
2206	106	Guam	Vermont	North Lake Adellashire	387884 Elnora Cliffs	16042-4104
2207	107	Cocos (Keeling) Islands	South Carolina	Hellerstad	735854 Mertie Expressway	50018
2208	108	Israel	Montana	Gerhardtown	760832 Larson Canyon	37251
2209	109	Burundi	Maine	East New Lamar	716606 Spinka Pines	36155
2210	110	South Africa	Alaska	Schroederview	883371 Kenneth Drives	51256
2211	111	Lesotho	Arizona	North New Williamside	58914 Marlon Ferry	14741-2441
2212	112	Poland	South Carolina	Paucekburgh	551673 Olen Lodge	43128
2213	113	Tunisia	Minnesota	South New Donnellbury	450996 Stokes Harbor	66331-8621
2214	114	Zambia	Rhode Island	West New Percyfort	266016 Koepp Harbor	02185-3604
2215	115	Singapore	Minnesota	East New Palma	439760 Roberto Estate	48471
2216	116	Taiwan, Province of China	South Carolina	Clayport	119951 Effertz Lodge	65342
2217	117	Rwanda	South Dakota	North New Juanita	22110 Dibbert Camp	47810
2218	118	Burundi	Kentucky	South Port Lawson	816040 Gottlieb Junction	86072
2219	119	Moldova, Republic of	Arkansas	South Lake Breanna	176365 Angelina Circles	73714-2567
2220	120	Slovakia	Michigan	Konopelskimouth	273234 Hauck Flats	77420-4882
2221	121	Slovakia	Alabama	Brionnaberg	556654 Leonor Summit	12574-5024
2222	122	Croatia	Wisconsin	East Port Christianchester	499653 Sean Motorway	62366
2223	123	Nepal	Ohio	Caesarport	265901 Beatrice Mall	76307-8437
2224	124	American Samoa	Michigan	West Port Augustusfort	354413 Lemuel Groves	01566-1318
2225	125	Portugal	New Jersey	East New Hortenseton	874316 Timmothy Oval	61463
2226	126	Russian Federation	North Dakota	East Lake Johnpaulside	826015 Gulgowski Squares	10755-6403
2227	127	Cocos (Keeling) Islands	Delaware	South Lake Johntown	19556 Reilly Fords	35216
2228	128	Venezuela, Bolivarian Republic of	Florida	Jonchester	317461 Hansen Hills	38156-8823
2229	129	Spain	Washington	East New Jermeychester	206581 Wiegand Lights	60538
2230	130	Latvia	South Dakota	Carmenfort	967882 Hamill Drives	26731-3434
2231	131	Venezuela, Bolivarian Republic of	Rhode Island	Lauriannestad	376722 Raynor Port	55214-8008
2232	132	Jersey	Vermont	Hintzfurt	869977 Casper Gateway	70472
2233	133	Spain	Connecticut	West New Theodore	171554 Ondricka Curve	50621
2234	134	Liberia	Oregon	North New Benshire	95335 Patience River	26540-1342
2235	135	Peru	Tennessee	North Lake Delphineport	531946 Kreiger Shoal	67860
2236	136	Slovenia	Wyoming	West Lake Katelynn	515296 Rex Throughway	85606
2237	137	Hungary	Michigan	South Port Lonnyland	274001 Monahan Junction	88547
2238	138	Israel	Vermont	Schuppeburgh	345873 Zulauf Parkways	64865
2239	139	Hong Kong	New York	East Lake Maybellestad	660937 Herman Manor	72212-7736
2240	140	Romania	Idaho	West New Adaborough	83771 Hermiston Dam	07630
2241	141	South Sudan	Indiana	Haliemouth	100311 Lakin Station	44686-5021
2242	142	Cambodia	Montana	Lynchmouth	182796 Judy Turnpike	57000-4356
2243	143	United States	Delaware	North Port Seth	253915 Stoltenberg Lane	08571-8000
2244	144	Belize	Hawaii	Haleyburgh	53466 Annalise Ways	83237
2245	145	Cyprus	Louisiana	Maggioburgh	713378 Baumbach Flat	83870
2246	146	Congo	Missouri	Guillermofurt	138248 Kory Canyon	22323-7750
2247	147	Albania	Wyoming	West Port Wilburn	580811 Beatty Mountains	32100
2248	148	Guinea	Ohio	Jeraldside	801699 Heller Stream	55750
2249	149	Hungary	Virginia	East Port Edisonville	791825 Schneider Meadow	71715
2250	150	Belgium	Nevada	South New Julienview	157028 Bechtelar Rapid	87716
2251	151	Norway	Vermont	Skylarville	260747 Schiller Green	36017
2252	152	Oman	North Dakota	Wilkinsonborough	877213 Bednar Terrace	34866
2253	153	Malawi	Pennsylvania	Kelsieland	969235 Goyette Underpass	68446-7007
2254	154	Myanmar	New Mexico	West New Vanessaborough	525332 Waelchi Estates	68052-7505
2255	155	Saint Kitts and Nevis	New Jersey	South New Dell	636699 Satterfield Lake	33803-4634
2256	156	Nepal	Montana	East New Jennings	532162 Wisozk Bypass	43520
2257	157	Monaco	Alaska	Hoppeborough	277043 Hegmann Mountains	27270
2258	158	Mauritius	Ohio	Boyerton	494024 Moen Row	24436-7532
2259	159	Somalia	Wyoming	Coleside	427246 Bergnaum Mountain	85182
2260	160	Sri Lanka	Iowa	East Port Thurmanfort	215245 Norris Oval	05084
2261	161	Cape Verde	Pennsylvania	West New Madelynnchester	770076 Glover Centers	64317
2262	162	Netherlands	Oklahoma	Helmertown	702991 Zulauf Springs	23844
2263	163	Brazil	Oregon	Handmouth	841895 Lou Dale	32672
2264	164	Swaziland	Maine	North Lake Jeromyborough	907749 Terry Corner	83775
2265	165	Bolivia, Plurinational State of	New York	East New Enidstad	57321 Jones Underpass	52412
2266	166	Saudi Arabia	Minnesota	West New Bernardburgh	877733 Hal Forest	54502
2267	167	Mayotte	Tennessee	Sheldonton	213620 Gilbert Radial	67566
2268	168	Gabon	Florida	Tysonchester	433213 Windler Gardens	20221
2269	169	Azerbaijan	Tennessee	East New Filiberto	225963 Oberbrunner Turnpike	33715-4021
2270	170	Egypt	Kentucky	West Port Guido	112857 Aurelia Crossroad	60466
2271	171	Montenegro	Ohio	Larkintown	251184 Jakubowski Terrace	40615
2272	172	Saint Helena, Ascension and Tristan Da Cunha	Virginia	Braunview	307924 Oberbrunner Crossroad	83675
2273	173	Netherlands	Missouri	West New Maximillia	245401 Ullrich Rapids	63165-4678
2274	174	Belize	Vermont	Kiehnview	708813 Billie Motorway	62212
2275	175	Korea, Republic of	Maryland	Mohrchester	129846 Batz Tunnel	40038
2276	176	Guadeloupe	South Dakota	North Lake Josiahborough	906844 Predovic Well	00655-2768
2277	177	Holy See (Vatican City State)	New Mexico	Hammesville	570461 Van Avenue	31254
2278	178	Belarus	Alabama	West New Albinland	65201 Elissa Plaza	05808
2279	179	Saint Martin (french Part)	Maryland	South Port Karahaven	519093 Krista Squares	36531-1685
2280	180	Switzerland	West Virginia	Fritschfurt	131323 Ankunding Alley	35472-3374
2281	181	Pakistan	Washington	Pollichmouth	717298 Adelia Streets	87060
2282	182	Korea, Democratic People's Republic of	Ohio	North New Evemouth	842475 Williamson Throughway	23562
2283	183	Equatorial Guinea	Texas	South Port Kelsihaven	807173 Melyna Springs	55508-7831
2284	184	Syrian Arab Republic	Delaware	Greysonhaven	969645 Lois Club	77774
2285	185	Faroe Islands	Ohio	Reginaldborough	486135 Skylar Loaf	06387-3464
2286	186	Lao People's Democratic Republic	California	Christianmouth	258300 Kali Wall	01674-1603
2287	187	Slovakia	Colorado	Timmothyfort	467598 Feeney Ports	75160
2288	188	Portugal	Indiana	West New Alyson	100530 Loren Canyon	22410
2289	189	Zambia	Nevada	Douglastown	785469 Lakin Mews	02677-1383
2290	190	Montserrat	Virginia	McCulloughberg	323514 White Shores	48886-1528
2291	191	Cook Islands	Louisiana	Gaylordbury	910011 Marilie Gateway	22565
2292	192	Iceland	Alaska	North Port Beatrice	198357 Trantow Drives	76138
2293	193	Luxembourg	Montana	South New Theo	496364 Nathan Spur	20047
2294	194	Nicaragua	Connecticut	Steuberbury	115248 Crist Valley	66012-1144
2295	195	Mexico	Oklahoma	Modestoshire	922038 Oga Vista	33686
2296	196	Afghanistan	Oregon	North New Carlottabury	601887 Hagenes Throughway	21054
2297	197	Eritrea	Montana	North Lake Violettefurt	320116 Altenwerth Greens	70300
2298	198	Macao	Vermont	Rogahnton	39957 Wolff Cape	38876-5537
2299	199	Micronesia, Federated States of	Maryland	North Lake Margret	315785 Lockman Plain	38253-4776
2300	200	Botswana	Missouri	East Port Abbieburgh	506192 Satterfield Ville	67778-2866
2301	201	Haiti	New Jersey	Staceymouth	299285 Turcotte Stream	28331-5303
2302	202	Brunei Darussalam	Idaho	West New Ariel	682590 Gutmann Island	15011-5180
2303	203	Saint Pierre and Miquelon	Montana	West Lake Clarabelle	585789 McLaughlin Motorway	70307-0084
2304	204	Belize	Connecticut	Gilbertostad	582172 Dayton Spurs	11420-0115
2305	205	Bhutan	Oregon	Jaststad	127566 Uriah Ville	00734-5020
2306	206	Kenya	New Mexico	East Port Carlo	259708 Yost Oval	16134
2307	207	Åland Islands	California	Streichfort	125707 Monahan Roads	30307-8285
2308	208	Guernsey	California	Hellerstad	748151 Bernhard Falls	64347-3723
2309	209	Singapore	Missouri	North Lake Marquisefort	822067 Orland Junctions	82813-5500
2310	210	Tunisia	Nebraska	Omerside	80064 Conner Canyon	61165-0860
2311	211	Germany	New Hampshire	North Lake Josianeburgh	831287 Skiles Alley	27600
2312	212	Tanzania, United Republic of	Illinois	Markshaven	145795 Felicity Green	20724-0655
2313	213	Bosnia and Herzegovina	Wisconsin	Shayneside	158896 Nia Place	54077-7853
2314	214	Tajikistan	Kentucky	North Port Peytonfort	428979 Ryan Ferry	88118
2315	215	Sierra Leone	South Carolina	Colebury	864438 Carleton Islands	17718
2316	216	Cameroon	Alabama	East Lake Marietta	779839 Lane Centers	64236
2317	217	Palestine, State of	New Jersey	South New Merl	194316 O'Connell Trafficway	07623-8424
2318	218	Heard Island and Mcdonald Islands	Wisconsin	South New Piperport	661614 Gutkowski Island	31486-7424
2319	219	United States	Washington	West New Luluberg	637655 Bechtelar Ways	11236
2320	220	Liechtenstein	Oklahoma	South New Luciousbury	775884 Akeem Crossing	68650
2321	221	Guam	Montana	Wileychester	425697 Bayer Dale	62751-2670
2322	222	Sint Maarten (dutch Part)	Vermont	East Lake Leonora	367457 Nikita Key	41556
2323	223	Zimbabwe	Illinois	South New Elisachester	835311 Allan Ways	33184-6243
2324	224	Ukraine	Ohio	East Port Akeemchester	422165 Schumm Cove	88307-4433
2325	225	Pitcairn	Nebraska	Reubenton	408939 Vern Coves	80762
2326	226	Canada	Nebraska	Dickinsonmouth	585274 Welch Isle	83260-2671
2327	227	Korea, Democratic People's Republic of	Ohio	West Port Bud	350343 Sauer Ways	77588-5344
2328	228	Qatar	Nevada	South New Fernandoland	171132 Ciara Isle	44585
2329	229	San Marino	Tennessee	South Lake Jaylen	186054 Miracle Knolls	76146-2560
2330	230	United States	South Dakota	East Lake Lavina	493080 Hermiston Light	44402
2331	231	Saudi Arabia	Nevada	Gibsonmouth	933041 Morar Place	37570
2332	232	Bahamas	Wisconsin	Beerville	748891 Wilber Grove	23206
2333	233	Tunisia	Massachusetts	South New Josianne	238911 Brenda Loaf	40532
2334	234	Mauritius	Pennsylvania	East New Natshire	135111 Nikolaus Islands	60126-4480
2335	235	Zambia	Mississippi	Cronabury	370602 Brekke Prairie	43441-6754
2336	236	Nicaragua	Nebraska	Abelardotown	769231 Hettinger Pines	31165
2337	237	Comoros	Kansas	Veumchester	80196 Reina Field	68264-0835
2338	238	Lebanon	Montana	Ericaton	791775 Khalil Plaza	17131-0807
2339	239	Lebanon	Washington	East Port Gilbert	51162 Armani Club	03010-6031
2340	240	Tunisia	Arkansas	Jaylonburgh	56963 Jedidiah Harbor	16071
2341	241	Yemen	Utah	Obiefurt	124499 Haley Junctions	40640
2342	242	Thailand	Nevada	Pierceland	174138 Dach Hills	64573
2343	243	Poland	Vermont	West Lake Gradyland	886250 Schowalter Burg	66681
2344	244	Uganda	Michigan	Orinfort	992806 Crooks Shoal	41762-6111
2345	245	Georgia	New York	Smithland	822677 Ayana Well	73172-5836
2346	246	Guinea-Bissau	Missouri	West Port Jabarishire	574151 Roob Corners	46302-1616
2347	247	Colombia	Wisconsin	West Lake Fredfort	430837 Kraig Union	62183-2564
2348	248	Germany	Florida	West Lake Cristina	327781 Schmitt Rest	37118-2318
2349	249	Spain	West Virginia	West Port Groverview	222692 Johnston Ferry	47346
2350	250	Togo	Vermont	West New Lillianaborough	761140 Alejandrin Dale	62863
2351	251	Saint Lucia	Virginia	Mantemouth	629494 Kiehn Viaduct	82812
2352	252	Italy	Kansas	East New Brooke	336202 Santina Summit	50654
2353	253	Cameroon	Maryland	North Lake Lorenachester	868090 Hirthe Oval	68780
2354	254	Niue	New Hampshire	Priceshire	405080 Ryleigh Alley	26051-7420
2355	255	Mongolia	Delaware	East New Autumn	484373 Streich Junction	07383-8326
2356	256	Bulgaria	Texas	Antoniamouth	719343 General Fall	43133
2357	257	Cook Islands	South Carolina	East Lake Amberberg	73286 Wilderman Estate	73401-0457
2358	258	Norfolk Island	Mississippi	Selmerburgh	955679 Nikolaus Lake	87718-8576
2359	259	Paraguay	North Carolina	West Lake Kristin	435175 Stacy Mission	01313
2360	260	Madagascar	Idaho	Eichmannburgh	785242 Triston Place	46114
2361	261	Taiwan, Province of China	Louisiana	East Lake Rosetta	199701 Sallie Valley	24045
2362	262	Svalbard and Jan Mayen	Kentucky	Nyasiaburgh	96768 Stanton Crossroad	87063-1318
2363	263	Tokelau	North Dakota	Madelynstad	870218 Cole Park	12831
2364	264	British Indian Ocean Territory	Pennsylvania	Skileston	124857 Medhurst Common	70568
2365	265	Réunion	Alabama	West New Aniyahland	756738 Mills Light	47818
2366	266	El Salvador	Nebraska	Alexaneview	849914 Cindy Ferry	36747-6770
2367	267	Singapore	Kansas	Aufderharshire	550584 Dena Via	22421
2368	268	Aruba	Georgia	East Port Beth	942717 Shields Park	51030
2369	269	Congo, The Democratic Republic of The	Kentucky	Terrencehaven	351944 Mac Centers	44418
2370	270	Slovenia	Utah	East Port Monteton	153960 Berge Landing	35202-4325
2371	271	Guam	Utah	Hirammouth	917694 Alexandro Cove	83665-7060
2372	272	Comoros	Kentucky	North New Cooperville	524403 Daugherty Trafficway	35046-7078
2373	273	Isle of Man	Oregon	Jensenfort	800455 Christop Port	15066-0760
2374	274	Nepal	North Dakota	Princessborough	35655 Amelie Pines	82434-6243
2375	275	Djibouti	Iowa	West Port Faustofort	399116 Valentine Viaduct	01745
2376	276	Croatia	Tennessee	Shanahanburgh	726774 Arianna Glens	53628-3117
2377	277	Benin	Wyoming	South Port Susannaburgh	236018 Alize Fork	65110
2378	278	El Salvador	North Dakota	West New Dorothyborough	959811 Torphy Meadows	57880
2379	279	Burkina Faso	Colorado	South New Gerald	416494 Balistreri Coves	84112-1485
2380	280	Italy	Montana	Rosemarieberg	572180 Waelchi Tunnel	32772
2381	281	Mexico	Louisiana	North Lake Jaden	358020 Kulas Pines	86200-2414
2382	282	Mayotte	Alabama	Aaronton	608919 Towne Fall	47613-7734
2383	283	Nicaragua	North Dakota	North Port Idaville	657455 Nathen Radial	23260
2384	284	Cameroon	Minnesota	North New Carmine	155864 Spinka Route	88336
2385	285	Andorra	Missouri	North New Bettye	81510 Johnnie Unions	83185
2386	286	Morocco	Pennsylvania	Karinaborough	83544 Gibson Trafficway	66038-5778
2387	287	Virgin Islands, British	Idaho	North New Christopherside	593106 Waters Greens	24118
2388	288	Réunion	Alabama	Janellemouth	643540 Metz Overpass	71241
2389	289	Luxembourg	Delaware	South New Shyannetown	234823 Tremblay Trace	44633
2390	290	Saint Barthélemy	Montana	North New Kade	917440 Justine Trafficway	45720
2391	291	El Salvador	South Dakota	Damaristown	860904 Macejkovic Spur	41017
2392	292	Lithuania	Rhode Island	West Lake Vellaborough	282592 Cartwright Court	11684-7243
2393	293	Guam	Nebraska	South Lake Coleman	707617 Jayce Forge	38026-1532
2394	294	Maldives	Oklahoma	South Lake Lysanneborough	523721 Schuppe Tunnel	27583-7736
2395	295	Cayman Islands	Alaska	North New Eloisefort	684475 Borer Viaduct	57811
2396	296	Åland Islands	Rhode Island	North Port Silasland	172542 Leannon Light	12882
2397	297	Cocos (Keeling) Islands	Maryland	Rubiemouth	420635 Carson Freeway	78081
2398	298	Italy	Wyoming	Hillardville	319606 Champlin Street	02777-2375
2399	299	Romania	Ohio	East Lake Willowburgh	913007 Jake Field	33022
2400	300	Dominica	Tennessee	Carterside	905953 Kuphal Spur	81370-4167
2401	301	Malaysia	Tennessee	West Port Arno	110724 Meda Course	54215
2402	302	Belarus	Ohio	Jacqueston	194209 McCullough Road	00311-1388
2403	303	Réunion	Massachusetts	West New Leonie	42932 Spinka Passage	08167
2404	304	Gabon	South Dakota	Rupertbury	859910 Alvis Lock	23604-8358
2405	305	Portugal	Texas	North Port Ellie	603515 Donnelly Well	71201-5127
2406	306	Côte d'Ivoire	Florida	Schowalterfurt	495827 Edwina Circles	67776
2407	307	Kiribati	Tennessee	Loweburgh	195000 Wiegand Squares	58004
2408	308	Guernsey	Georgia	East New Frida	664876 Streich Expressway	21605-8362
2409	309	Slovenia	Georgia	DuBuqueport	218161 Emard Ridges	01380
2410	310	Mongolia	Minnesota	South New Aiden	997655 Amparo Dam	35770
2411	311	Gibraltar	Massachusetts	Botsfordmouth	965399 Vernon Mills	20152
2412	312	Austria	Ohio	North New Erin	789566 Paige Avenue	78753
2413	313	Australia	Vermont	North Lake Kyramouth	59851 Jennie Lock	20332
2414	314	Pakistan	Pennsylvania	West Port Sandrineport	595067 Irma Summit	26308
2415	315	Belgium	Ohio	Leannland	499408 Elmore Keys	04138
2416	316	Kenya	New York	East New Kaymouth	190249 Joaquin Springs	66801-1704
2417	317	Equatorial Guinea	Connecticut	Robelview	34259 Lazaro Course	04458-4656
2418	318	Malaysia	West Virginia	Beerside	405432 Weber Gateway	31272
2419	319	Madagascar	Michigan	West New Gilbertfurt	940280 Kovacek Loaf	55852
2420	320	Netherlands	Massachusetts	North Port Rico	295564 Edmond Drives	86623
2421	321	South Georgia and The South Sandwich Islands	Virginia	East Lake Crystelchester	900380 Jakob Creek	82023
2422	322	Costa Rica	Hawaii	Collinsside	822463 Dach Centers	03670
2423	323	Virgin Islands, U.S.	Kentucky	Waltonberg	10676 Boyer Street	45566-3440
2424	324	Moldova, Republic of	New Jersey	South New Rosalinda	268256 Nicolas Mission	62363
2425	325	Puerto Rico	Ohio	South Lake Wernerville	197186 Timothy Lights	61166-6225
2426	326	Taiwan, Province of China	Wisconsin	West New Marcport	640058 Steuber Glen	61746-1008
2427	327	Liberia	Oregon	North New Darlene	448880 Mills Square	88505-1358
2428	328	Guam	Michigan	West New Eribertoside	82872 Issac Plaza	70842-6116
2429	329	Barbados	Iowa	Virgilmouth	957325 Ewell Light	44680-0671
2430	330	Nauru	Vermont	East New Reid	855946 Tamara Gardens	18030-7570
2431	331	Faroe Islands	Alabama	West Lake Titusborough	154189 Lilly Path	12686-2178
2432	332	Uganda	Mississippi	East New Laurie	298722 Schneider Stravenue	63005-3481
2433	333	Antarctica	New Jersey	Hansentown	940733 Meredith Pass	07325
2434	334	Swaziland	North Dakota	North Lake Claudia	73000 Kertzmann Drives	72326-0016
2435	335	Hungary	Ohio	North Lake Luigiport	825819 Schumm Hollow	04860
2436	336	Guatemala	Florida	Marksville	722699 Robin Expressway	02544
2437	337	Azerbaijan	Nevada	North New Ona	224395 Cade Fork	42186
2438	338	Chad	Montana	West Lake Jadyn	553190 Quigley Loaf	13228
2439	339	Iran, Islamic Republic of	Oklahoma	Damienport	939157 Marcella Common	11380-8457
2440	340	Libya	Illinois	South Port Thomas	359761 Rashawn Branch	66087
2441	341	Australia	Missouri	Legrosmouth	828868 Cruickshank Crossing	35583-7745
2442	342	Ecuador	South Dakota	Kobystad	188731 Kshlerin Wall	84641
2443	343	Seychelles	Kentucky	North New Adrian	888744 Vandervort Row	36876
2444	344	French Polynesia	Mississippi	Rippinville	381699 Pacocha Ranch	73018
2445	345	Syrian Arab Republic	Utah	South Lake Gretchen	4924 Caleb Union	42685
2446	346	United States Minor Outlying Islands	Ohio	Kesslerport	122135 Heidenreich Shore	33081-5063
2447	347	Bouvet Island	Georgia	South New Harmony	299327 Weissnat Light	03387-0406
2448	348	Armenia	Virginia	North Lake Juston	328499 Funk Estate	23523
2449	349	Sierra Leone	South Carolina	South Lake Travis	205205 Mante Common	06182-7433
2450	350	Niger	New Mexico	North New Edd	892727 Eugenia Roads	84748-6836
2451	351	Ukraine	Arkansas	Spinkaville	535580 Kiehn Springs	32346-1428
2452	352	Zambia	Hawaii	Jacobiberg	230299 Bahringer Harbors	43502-1370
2453	353	Honduras	Alabama	Porterside	690593 Jennie Roads	40071
2454	354	Liechtenstein	Virginia	Walshstad	301437 Gleason Stream	78630
2455	355	Turkey	Wyoming	Stiedemannbury	464109 Gerhold Radial	01858
2456	356	Algeria	Washington	Leoraburgh	887505 Greenfelder Well	44218
2457	357	Guatemala	North Dakota	South Lake Torreyhaven	48868 Cruickshank Unions	34016-1114
2458	358	United States Minor Outlying Islands	California	Effertzberg	371925 Hickle Wall	55634
2459	359	San Marino	Idaho	Veumtown	629492 Schoen Pines	71316-1823
2460	360	Holy See (Vatican City State)	Louisiana	South New Adelbert	417353 Eduardo Parkways	64146
2461	361	Namibia	Connecticut	North Port Marvin	779742 Vivienne Rapid	00370
2462	362	Haiti	Delaware	Anjalishire	342894 Collier Brooks	70054-8753
2463	363	Northern Mariana Islands	Oregon	Willstad	508451 Johns Ports	32134-1406
2464	364	Bahamas	Georgia	East New Noemie	216918 Botsford Forest	77763-4137
2465	365	Falkland Islands (Malvinas)	Kansas	Rennerburgh	578165 Adele Junctions	40424
2466	366	Indonesia	Florida	West New Destineeborough	62134 Lucius Glen	41655
2467	367	Zimbabwe	Kansas	East New Bayleemouth	682531 Ella Plain	56453-6571
2468	368	Holy See (Vatican City State)	West Virginia	Mitchellmouth	361222 Bins Pike	23474-2853
2469	369	Greece	Washington	East Lake Norwoodchester	713654 Vidal Glen	07306
2470	370	Austria	Idaho	Mekhitown	900412 Rice Harbors	33226
2471	371	Saint Lucia	Montana	Justynmouth	580324 Koby Orchard	07007
2472	372	Colombia	North Dakota	Jakubowskiton	130653 Konopelski Oval	32700-5182
2473	373	Benin	Alaska	Hammesville	221453 Willow Roads	62387-1466
2474	374	Saint Martin (french Part)	Alabama	South Port Eulaville	507882 Daniela Mountains	81107-0511
2475	375	Aruba	Wyoming	Kohlerview	234394 Jacobson Causeway	11080
2476	376	Norfolk Island	Delaware	West New Jaydenborough	740477 Reina Glen	65781-7517
2477	377	Nicaragua	Alaska	East New Cathryn	680154 Luigi Brooks	32061
2478	378	Samoa	Rhode Island	North Lake Clay	639639 Stamm River	56456
2479	379	Saint Lucia	Missouri	Nienowland	241545 Aiyana Pass	63145
2480	380	Libya	Maine	South New Gayfort	44591 Reichert Loop	24633
2481	381	Canada	Iowa	Orvalton	596574 Muller Overpass	33151-6763
2482	382	Denmark	Tennessee	West Lake Eliseoport	207943 McGlynn Trafficway	03716-1860
2483	383	Bosnia and Herzegovina	South Carolina	South Port Bridgetteport	202563 Blanca Inlet	16222-8518
2484	384	Brazil	Florida	North New Shanonburgh	854300 Murray Crossroad	18471-4003
2485	385	Colombia	New York	Luettgenmouth	952933 Cruz Pass	83800
2486	386	Svalbard and Jan Mayen	Maryland	South Port Fletcherburgh	517819 Quincy Knoll	63503
2487	387	Sweden	Louisiana	Joannieberg	436276 Leo Unions	15844-8425
2488	388	Jordan	Virginia	Jastport	647724 Cormier Junctions	00826-5268
2489	389	Maldives	Hawaii	Allenfort	532929 Johns Heights	68485-2463
2490	390	Cuba	Minnesota	Andreville	306489 Kiehn Center	36060
2491	391	Bangladesh	Illinois	Schillerhaven	590559 Salvatore Springs	07810-0877
2492	392	Saint Lucia	Washington	East Port Jerome	979791 Ward Road	20344
2493	393	Central African Republic	Wyoming	Cassinshire	889125 Marilie Viaduct	66530
2494	394	Guatemala	Hawaii	Evangelineland	590681 Hettinger Trace	68180
2495	395	Bosnia and Herzegovina	Illinois	East Port Lea	517968 Keebler Valley	62873-4077
2496	396	Nepal	Wisconsin	South Port Stephon	44397 Johnson Vista	23413
2497	397	Ghana	New Jersey	West Port Keltonside	663544 Oberbrunner Manor	83827
2498	398	Cayman Islands	California	Schillerborough	972622 Steve Knoll	27561
2499	399	Kenya	Louisiana	South Lake Lavern	60208 Leuschke Bypass	60111-7407
2500	400	Lebanon	Minnesota	Mackenzietown	610719 Kassulke Row	78434-7844
2501	401	Guernsey	Wisconsin	West Port Zack	240951 Rubie Ramp	00870-5140
2502	402	Jordan	Louisiana	North Lake Jonatanville	191686 Stoltenberg Crossing	16011-2704
2503	403	Equatorial Guinea	North Dakota	Koelpinside	601675 Klein Lodge	02588
2504	404	Denmark	Idaho	Kadinview	334685 Alexys Burg	40663-3555
2505	405	Uzbekistan	Missouri	West Port Emmetshire	598949 Adalberto Hollow	12414
2506	406	United States Minor Outlying Islands	Virginia	North New Mckennamouth	434015 Marcelina Crescent	14838
2507	407	Trinidad and Tobago	Massachusetts	Kimhaven	613968 Krajcik Glens	21327-4421
2508	408	Saint Vincent and The Grenadines	Vermont	Wymanburgh	10826 Weissnat Rue	07446
2509	409	Timor-leste	West Virginia	South New Oralburgh	816840 Spinka Unions	77264
2510	410	Gabon	Maine	South New Emanuel	402481 McCullough Lakes	57628
2511	411	San Marino	Iowa	West Port Gracielatown	254330 Dominic View	45167-2470
2512	412	Benin	Colorado	Kingmouth	56078 Elvera Light	68635
2513	413	Honduras	Tennessee	West New Dereck	198485 Amira Fort	07848-3805
2514	414	Palau	Idaho	West Port Lindseyport	929371 Greenfelder Haven	78103-7826
2515	415	Bahrain	Texas	East Lake Norberttown	537251 Mohamed Ferry	26205-8820
2516	416	Cameroon	Alaska	Roymouth	542530 Shanel Views	05077
2517	417	Cuba	Oklahoma	Reillyside	323464 Eunice Avenue	44048
2518	418	Greece	Mississippi	Wavamouth	767324 Bahringer Plain	85850
2519	419	Malaysia	Missouri	West Lake Sabrynafurt	290514 Fahey Estate	75551
2520	420	Tokelau	Wisconsin	Cortneyborough	652900 Bruen Row	72481
2521	421	Holy See (Vatican City State)	Tennessee	South Port Carymouth	51132 Eudora Garden	08312-7573
2522	422	Turkey	Rhode Island	Harrisville	890473 Barton Branch	15533-3546
2523	423	French Guiana	Oklahoma	Wilmerfort	871710 Terence Center	64513-2570
2524	424	Guyana	Wyoming	Schummborough	48333 Magnolia Shoals	58473-6776
2525	425	Åland Islands	Minnesota	West Port Gracielachester	266948 Bettye Well	20441
2526	426	France	Virginia	Predovicstad	145499 Angela Hill	20514-3676
2527	427	Turkey	Arizona	South New Vernon	408500 Kohler Track	30216-8330
2528	428	Micronesia, Federated States of	New Hampshire	West New Adell	276596 Kilback Fall	75004
2529	429	Oman	New Hampshire	West Port Devanton	768242 Ryan Throughway	70220
2530	430	Honduras	North Dakota	Adamsshire	134780 Jenkins Inlet	06546
2531	431	Nigeria	Minnesota	West Lake Chadd	858199 Ana Trail	17840-1386
2532	432	Qatar	Connecticut	South Lake Geovannybury	697635 Wanda Grove	66245
2533	433	Tanzania, United Republic of	Maine	North Port Kelleyhaven	266969 Bulah Via	02543
2534	434	Cameroon	Indiana	East New Camren	90095 Dickinson Parks	65820
2535	435	Christmas Island	Tennessee	West New Kaylin	390777 Ellis Stravenue	81063-6227
2536	436	Afghanistan	Colorado	Giovannafort	133914 Mante Ports	87188-6353
2537	437	Dominica	Minnesota	North Lake Bria	122380 Beahan Isle	57748
2538	438	Malaysia	Colorado	South New Foster	209852 Braulio Ridge	56868-6277
2539	439	Armenia	Montana	North New Sterlingfurt	236347 Gilberto Road	31744-7254
2540	440	Eritrea	Washington	East Port Eleazarview	893890 Franecki Springs	25357-3705
2541	441	Malta	Iowa	Morissettebury	160782 Travis Knolls	62428
2542	442	Saint Lucia	Rhode Island	Ricardobury	595279 Benedict Falls	85620-3428
2543	443	Sweden	Utah	Clydeport	153523 Smitham Canyon	20385
2544	444	Finland	Colorado	South Lake Rosalia	438249 Williamson Ramp	62341-4626
2545	445	Malaysia	Minnesota	East Port Tyrelville	123947 Travon Mount	32321
2546	446	Bermuda	North Carolina	South Port Eltaton	682510 Pansy Viaduct	88708
2547	447	Saint Lucia	Florida	West Port Xavier	524939 Joaquin Circles	75086-7600
2548	448	El Salvador	New Mexico	West Lake Madieport	905796 Sarai Divide	02234
2549	449	Rwanda	Iowa	Gersonview	842581 Wolff Mission	50100
2550	450	Luxembourg	South Carolina	Lavernaport	400855 Bruen Drive	72814-8111
2551	451	Holy See (Vatican City State)	Colorado	South Lake Lyricfort	970189 Alejandrin Avenue	30641
2552	452	Rwanda	Montana	Grantchester	964487 Waylon Extension	85780
2553	453	Pitcairn	Maryland	South New Jaiden	479209 Estella Loaf	30413-0104
2554	454	Cape Verde	New Hampshire	Abbotthaven	161525 Giovani Via	83034
2555	455	Iran, Islamic Republic of	Arkansas	West Lake Otto	14657 Stamm Unions	26824-5054
2556	456	Burundi	Delaware	Bodeport	240326 Little Forges	30030
2557	457	Switzerland	Alaska	West Lake Cortneyport	748694 Carrie Corners	64205
2558	458	Montenegro	Louisiana	North Port Jermeybury	942573 Marilyne Canyon	07378-2661
2559	459	Kuwait	South Dakota	Abigailview	317786 London Extensions	83332-3745
2560	460	Malaysia	Alaska	Luettgenburgh	50836 Stoltenberg Glen	04772
2561	461	Palestine, State of	Oklahoma	Jaclynfurt	413198 Elaina Ville	61700-2167
2562	462	Morocco	Maine	West Port Demetrisland	398362 Dare Route	34226
2563	463	Peru	Alaska	Dakotaton	58259 Loma Unions	35614-2387
2564	464	Nigeria	Arkansas	North New Nikitaport	792465 Hermann Cliff	71764-0125
2565	465	Malaysia	South Carolina	Lafayettemouth	327105 Goldner Path	61402
2566	466	Trinidad and Tobago	West Virginia	Lemkeview	984343 Zachariah Mountains	17247-2572
2567	467	Kuwait	South Dakota	North Port Ellie	498596 Larson Route	86167
2568	468	Palestine, State of	New Mexico	West New Alexys	770753 Marguerite Land	72173
2569	469	Cocos (Keeling) Islands	Virginia	East Lake Ray	66013 Hills Pine	05362
2570	470	Pakistan	Iowa	Graciebury	114848 Becker Shores	04561-2137
2571	471	Afghanistan	Oklahoma	North Lake Maryjanemouth	773526 Ryan Brook	62768-2800
2572	472	Malta	Virginia	North New Theodore	970926 Sandrine Haven	00213-2807
2573	473	Namibia	Colorado	Micahmouth	848509 Alvina Park	15313
2574	474	Vanuatu	Louisiana	North Lake Marianne	259466 Heathcote Trace	03771-0448
2575	475	Cameroon	Wyoming	South Port Arielle	876378 Osinski Forge	51111-2407
2576	476	Aruba	Washington	Osvaldofurt	10009 Stracke Mill	22848
2577	477	Bangladesh	Montana	West Port Rheatown	787354 Dallin Locks	35573-7231
2578	478	Italy	South Dakota	North Lake Thad	710204 Nicholaus Via	15141-6232
2579	479	Uruguay	Washington	North Port Mallie	290876 Gerhold Avenue	15634-6631
2580	480	Belarus	South Carolina	East Port Estaton	337235 Demetrius Court	17311-7718
2581	481	French Southern Territories	Florida	Javierfort	672275 Bernhard Way	15785
2582	482	Qatar	New Mexico	East Port Cheyenne	593059 Haleigh Well	24233-1866
2583	483	Malta	West Virginia	North Port Creolaland	468945 Erdman Hollow	44622
2584	484	Wallis and Futuna	Nevada	East Port Graham	597520 Magnus Haven	37835-0300
2585	485	Ethiopia	North Dakota	Gusikowskishire	966420 Anabel Garden	68235
2586	486	Korea, Democratic People's Republic of	Rhode Island	South Port Henry	771143 Clint Knoll	45622-3074
2587	487	Kazakhstan	Indiana	Rethamouth	302831 Barrett Walk	75871-0700
2588	488	Madagascar	New Mexico	West Port Lloydmouth	309562 Walsh Forge	36648
2589	489	Serbia	Ohio	Mosciskihaven	750940 Volkman Common	37165
2590	490	Benin	New Jersey	East Lake Guy	151490 Gaylord Cape	03137-5763
2591	491	Saudi Arabia	Georgia	West Lake Pete	460981 Kuhn Villages	68513-3877
2592	492	Palau	New Mexico	South New Phyllis	211417 Gracie Prairie	34846
2593	493	Tanzania, United Republic of	Alaska	North New Maia	879177 Stehr Ferry	31640
2594	494	Mauritania	Delaware	North Port Eloyfort	469788 Konopelski Via	40270-4102
2595	495	Bahrain	North Dakota	Stellastad	209139 Baumbach Corners	88535-2036
2596	496	Virgin Islands, U.S.	Missouri	Braunport	168017 Armstrong Inlet	62183-2715
2597	497	Tanzania, United Republic of	Maine	Perryview	181219 Michale Oval	26631-7028
2598	498	Yemen	Alabama	North Lake Masontown	226511 Beier Forges	56556-6175
2599	499	Hong Kong	Washington	West Port Zachariah	861205 Enola Motorway	40578
2600	500	Brazil	Washington	South New Santinoport	897892 Donavon Terrace	55018
2601	501	Cayman Islands	Rhode Island	Reichertmouth	529897 Sporer Mill	44102-7707
2602	502	Armenia	Wyoming	Pinkport	461401 Orlo Flats	40768-8056
2603	503	Brazil	Arizona	West Lake Neilmouth	389064 Doyle Rapids	36458-3772
2604	504	Bahamas	Maryland	Rainaton	689133 Murphy Lakes	64747-5622
2605	505	Jersey	Florida	Gerardoshire	202085 Keebler Heights	11772
2606	506	Brunei Darussalam	Wyoming	North New Orie	861159 Wilhelm Crossroad	33634
2607	507	Mexico	Utah	Framistad	773877 Shaina Mountain	73463
2608	508	Afghanistan	Oregon	West Lake Junefort	996961 Era Burgs	67231
2609	509	Lithuania	Georgia	Raytown	400471 Toni Ridge	86210-6061
2610	510	Nepal	Maine	West Port Alfonsohaven	299859 Juliana Prairie	50563-6757
2611	511	Dominican Republic	Arkansas	West Port Dinaport	924628 Medhurst Spring	17871-3320
2612	512	Marshall Islands	New York	Schmittborough	869283 Fritsch Villages	46268
2613	513	Mayotte	Nebraska	South Port Earnest	836221 Flatley Fords	10346
2614	514	Niue	Delaware	Noreneville	873201 Dina Walk	43603
2615	515	Sierra Leone	New Hampshire	Abbotthaven	589320 Murray Wells	51357-8018
2616	516	Tonga	Arkansas	West New Alan	276214 Stracke Squares	70278-8400
2617	517	American Samoa	Maryland	Rodriguezhaven	999707 Frami Trail	50272-3134
2618	518	Colombia	Illinois	West Lake Kattiestad	12965 Schumm Union	53802
2619	519	South Georgia and The South Sandwich Islands	New Hampshire	Schroederfort	554112 Evert Plaza	24451
2620	520	Indonesia	Arizona	Millertown	796359 Doris Centers	46111
2621	521	Canada	Virginia	East Lake Santiago	214401 Hessel Junctions	07266-1710
2622	522	Bulgaria	West Virginia	South New Leslyville	988981 Carter Trail	55230
2623	523	Argentina	South Carolina	West Lake Alexandroside	800700 Rowe Corners	44807
2624	524	Grenada	Arkansas	East Port Stanfordburgh	671921 Thiel Lake	24342-1168
2625	525	Eritrea	New Mexico	North New Coyland	962300 Runte Spur	21570-4484
2626	526	Comoros	Virginia	East New Kale	270913 Hilario Rest	07120
2627	527	Tunisia	Texas	Lehnerland	200173 White Ford	52801-6782
2628	528	Jersey	Idaho	East Port Tiannaberg	386963 Pfeffer Curve	75516
2629	529	Kiribati	South Dakota	Minafort	510925 Gorczany Trail	30621
2630	530	Chad	North Dakota	Daughertyton	374015 Jacobs Spring	21065-1755
2631	531	Finland	Texas	South New Jade	285249 Dietrich Canyon	88145-6426
2632	532	Zambia	South Carolina	Nyahport	628463 Kaylie Divide	32273-0843
2633	533	Belgium	Delaware	North Port Alice	156827 Cathrine Parkways	60838
2634	534	Egypt	New Hampshire	East Port Laneymouth	489625 Oberbrunner Lodge	85850
2635	535	French Guiana	Vermont	Chanelleland	795032 Donnelly Pass	14327
2636	536	Malawi	Ohio	Leefurt	522584 Julien Fields	58124
2637	537	Czech Republic	Indiana	Yvonneville	543442 Tracey Corner	42253-0783
2638	538	Paraguay	Arkansas	DuBuqueborough	421515 Block Parks	56665
2639	539	Switzerland	Oregon	Bethtown	360034 Witting Port	02775-1587
2640	540	Benin	Tennessee	East Lake Lynn	312760 Bergnaum Knoll	23086-1831
2641	541	Finland	North Carolina	Samsontown	253809 Bernadine Drive	45351-2180
2642	542	Jamaica	Nebraska	Wittingtown	936393 Milan Divide	58058
2643	543	Macao	New Mexico	East Lake Donnie	560354 Aufderhar View	08516
2644	544	Sierra Leone	Minnesota	Lowebury	475715 Schneider Shores	16343-4672
2645	545	Saint Lucia	Colorado	East Port Effie	126532 Sandra Valleys	22007-3746
2646	546	Mauritania	Delaware	Brantburgh	968791 Devin Springs	73241-7281
2647	547	Bulgaria	Maryland	East Lake Martina	946849 Waters Overpass	84564
2648	548	Samoa	Wyoming	Joeville	343335 Estella Via	11667
2649	549	Guinea-Bissau	Louisiana	Shayneton	883537 Liam Point	77263
2650	550	Belarus	Maryland	South Lake Wilfred	947267 Roberts Spurs	61523-6728
2651	551	Argentina	Minnesota	Cruickshankville	648301 Upton Lodge	45020-2715
2652	552	Ethiopia	Mississippi	West Lake Allieshire	175516 Rohan Avenue	78408
2653	553	Liechtenstein	South Dakota	West New Tara	797982 Hettinger Grove	04425-2063
2654	554	Indonesia	Connecticut	South New Mallorytown	503791 Lockman Knoll	82847-0235
2655	555	Germany	Arkansas	Dominiquebury	855218 Lorena Fork	27735-1227
2656	556	Madagascar	Ohio	East Port Davion	583452 Roberto Passage	28301
2657	557	Cyprus	Vermont	East New Christyside	399086 Crooks Forges	75316
2658	558	Peru	Florida	Fatimabury	869322 Jenkins Walk	37366-5116
2659	559	Kenya	Massachusetts	Kathleenburgh	389611 Shaniya Key	77340-8316
2660	560	Belgium	Texas	East New Constantinfort	406651 Victor Pike	87221-6444
2661	561	Cambodia	Hawaii	Kerlukestad	116349 Grayce Pike	76088
2662	562	Malta	New Hampshire	Sabinamouth	367256 Theron Ville	65604
2663	563	New Zealand	Alabama	Daughertychester	841786 Emard Harbor	23254
2664	564	Congo, The Democratic Republic of The	Florida	Ashleighville	784492 Stehr Stravenue	01713
2665	565	Brunei Darussalam	Maryland	West Lake Barry	459618 Marjory Place	13382-6776
2666	566	Madagascar	South Dakota	South Lake Annamouth	316161 Lily Cape	25327-6214
2667	567	Eritrea	Kentucky	Cassandraton	450739 Botsford Haven	55576-7224
2668	568	Serbia	Idaho	Metaview	468326 Retta Gateway	02503-1756
2669	569	Yemen	New Mexico	South New Mayraville	257806 Littel Branch	48376-8436
2670	570	Faroe Islands	North Dakota	West Lake Yvonne	620306 Ziemann Mission	13682
2671	571	Nepal	New Jersey	East Port Adam	698670 Lakin Coves	51737
2672	572	Holy See (Vatican City State)	Florida	West Port Russ	804185 Lambert View	87744-5078
2673	573	Norfolk Island	Pennsylvania	South Lake Carminemouth	47744 Josephine Common	65638-0570
2674	574	Burkina Faso	New Jersey	North Lake Sonia	829813 Rickie Track	54082
2675	575	Australia	Washington	Paucekburgh	730762 Dibbert Vista	62553
2676	576	Sudan	Louisiana	South Port Rickeyborough	102702 Elizabeth Pass	00572-0057
2677	577	Åland Islands	Missouri	Brannonchester	103124 Ruthie Place	32444-1820
2678	578	Maldives	Nevada	Marvinton	835292 Flossie Land	50563
2679	579	Sierra Leone	Mississippi	South Lake Queeniestad	223442 Prosacco Club	42640-3357
2680	580	Afghanistan	Montana	East Lake Leonardo	346637 Dawson Highway	64028-2374
2681	581	Central African Republic	Idaho	Sophiebury	372606 Hessel Haven	01584
2682	582	Italy	Missouri	South Lake Alvahberg	746367 Okey Burg	68261-6451
2683	583	Haiti	Ohio	Emmerichfurt	696813 Hessel Groves	48513
2684	584	CuraÇao	North Carolina	South New Hiramport	790364 Peyton Shoals	28680
2685	585	Chad	Maine	Alexiefurt	350393 Walker Shoal	28026
2686	586	Trinidad and Tobago	Florida	South Lake Estell	338183 Watsica Ferry	66632-6443
2687	587	Liechtenstein	Alabama	East New Elzaside	904924 Shields Gateway	71821
2688	588	Turks and Caicos Islands	Colorado	Ismaelbury	502506 Lilly Rest	80806
2689	589	Swaziland	Hawaii	North Lake Mohammadstad	785360 Alysa Shores	18040-6154
2690	590	Tanzania, United Republic of	Virginia	North Port Elliotfort	561147 Bergstrom Roads	23577-6513
2691	591	Bahamas	Kansas	East Lake Juddstad	279196 Toy Knoll	50565
2692	592	Singapore	Nevada	West Port Joseph	207367 Stoltenberg Radial	51412-1727
2693	593	Cape Verde	South Dakota	Tremblayshire	787746 Ansel Cape	40664
2694	594	Thailand	California	North Port Leone	480614 Anais Mission	70055
2695	595	Bonaire, Sint Eustatius and Saba	Hawaii	Jonesside	168823 Reagan Oval	04540
2696	596	Honduras	Maryland	South Port Monty	783019 Pierre Spur	64752
2697	597	Mexico	Kentucky	North Lake Kanefurt	767647 Van Pines	25428
2698	598	Yemen	Arizona	North Lake Brandonberg	466132 Keebler Spurs	87004-3417
2699	599	Djibouti	Rhode Island	South New Giles	546063 Elva Plaza	86668-6361
2700	600	Mayotte	California	South New Alan	298081 Janie Wells	77475
2701	601	Croatia	Louisiana	Wisozkville	433414 Hackett Wells	52180-6358
2702	602	Germany	Oregon	West Port Kelvinborough	909067 Madonna Circles	51135-3602
2703	603	Nicaragua	Idaho	Kimberg	335687 Vivien Wall	13532-4812
2704	604	Chile	Mississippi	Cartwrightbury	437751 Thompson Skyway	37632-6238
2705	605	Iraq	Delaware	Cordellville	142523 Williamson Manor	85244
2706	606	Bouvet Island	Maine	East Lake Roslyn	817701 Dorothea Crest	26286-6372
2707	607	Tuvalu	Louisiana	West Lake Daniellaland	462752 Harris Key	50338-5050
2708	608	Spain	Kentucky	North Port Alden	531122 Leonardo Views	83284
2709	609	Guatemala	Louisiana	East Lake Griffinhaven	620896 Keebler Causeway	52744
2710	610	Antigua and Barbuda	Massachusetts	Milfordside	246503 Rohan Glen	24511-2516
2711	611	Tanzania, United Republic of	Oregon	Tanyaport	265175 Christiansen Plaza	55645-7324
2712	612	Australia	West Virginia	North Port Nyaville	672491 Wuckert Ridges	42817-0150
2713	613	Holy See (Vatican City State)	Virginia	South Lake Neomaborough	64506 Twila Radial	05220
2714	614	Korea, Democratic People's Republic of	Mississippi	North Lake Gaetanomouth	481781 Levi Groves	32327
2715	615	Holy See (Vatican City State)	Michigan	Mauriciofort	843841 Lina Station	75117
2716	616	Qatar	Delaware	North Port Jeanieshire	88926 Gilda Ridges	53300
2717	617	Cocos (Keeling) Islands	Washington	Summerport	443849 Jacobi Mountains	03304
2718	618	Romania	Alabama	West Lake Ocie	167357 Rosemarie Drives	33884-2415
2719	619	Slovakia	Kentucky	Welchtown	383099 Norma Pine	35057-4744
2720	620	Czech Republic	Kentucky	Giovannyborough	594929 Katrina Groves	26464
2721	621	French Polynesia	Washington	South New Rebekabury	831168 Bashirian Orchard	54342
2722	622	Zambia	Maryland	East Lake Katlynn	383145 Frami Passage	48341-3331
2723	623	United Kingdom	Vermont	East New Wainofort	640931 Brenda Mill	45860
2724	624	Algeria	Florida	East Lake Cheyenne	207345 Jillian Trafficway	38448
2725	625	Netherlands	Arizona	South Port Carmelton	98071 Julianne Streets	10242-6757
2726	626	Anguilla	Vermont	South Lake Arnulfo	404761 Donna Avenue	41770-2881
2727	627	Martinique	Oregon	East New Mollieside	623435 Bruen Junction	37578
2728	628	Saint Martin (french Part)	North Dakota	Gillianton	993844 Crooks Walk	32034-3844
2729	629	Mongolia	Kansas	South Lake Elbertside	379876 Jamison Club	43237-4884
2730	630	Guadeloupe	Arkansas	Alfredhaven	412090 Hansen Island	71842
2731	631	Namibia	North Dakota	East New Nayeli	602808 Parker Orchard	82525
2732	632	Libya	Washington	South Port Ayanaland	581063 Elena Streets	16428
2733	633	India	Wyoming	West Port Milestown	136956 Geo Mountains	25026
2734	634	Bonaire, Sint Eustatius and Saba	Louisiana	North New Genesis	31045 Mante Neck	40841
2735	635	Uzbekistan	California	Lubowitzfort	705594 Kristian Port	33247-0206
2736	636	Greece	Kansas	North Lake Lue	501307 Alayna Ports	16600-2123
2737	637	Maldives	Maryland	Leschborough	95227 Ernser Avenue	06828
2738	638	Kiribati	South Carolina	North Port Retaburgh	51490 Schulist Pines	07761-8230
2739	639	Lao People's Democratic Republic	Utah	Eichmannberg	439889 Funk Springs	06764-1725
2740	640	Azerbaijan	New Hampshire	West New Erica	33877 Alda Creek	61758-8105
2741	641	Ukraine	Maryland	Jewessberg	793240 Ebert Fields	74344-6402
2742	642	United Kingdom	Tennessee	Lakinland	677201 Perry Loop	62347
2743	643	Bosnia and Herzegovina	Missouri	West New Evalynborough	645979 Kuhic Alley	61462
2744	644	Martinique	Iowa	Smithhaven	675162 Kessler Village	87800
2745	645	Mauritania	New Jersey	North Lake Alexane	712967 Jeanie Fork	57008
2746	646	Guinea-Bissau	Utah	McDermottside	182066 Kautzer Wells	40805
2747	647	Syrian Arab Republic	Wyoming	Dietrichshire	454581 Howe Neck	58682-1707
2748	648	Turks and Caicos Islands	Colorado	West New Tyresestad	77418 Aiyana Place	77850-8277
2749	649	Iraq	North Dakota	Wisokyfurt	635661 Kreiger Trafficway	62048
2750	650	French Guiana	Utah	Annamarieview	691528 Stoltenberg Spring	68113
2751	651	Montenegro	Iowa	Hickleberg	897003 Elena Locks	37680
2752	652	Jamaica	New Mexico	McCluremouth	364634 Anabel Unions	13401-2662
2753	653	British Indian Ocean Territory	Delaware	Funkside	405778 Abbott Gateway	04654-0816
2754	654	Djibouti	Missouri	North Port Granvilleshire	474464 Johnson Crest	10411
2755	655	Trinidad and Tobago	Pennsylvania	Leuschkeland	902871 Isaias Gateway	34554
2756	656	Saint Pierre and Miquelon	New Hampshire	West New Golden	148845 Kilback Fork	37526-1860
2757	657	Oman	Delaware	North Port Watson	361591 Garrick Key	41613-2168
2758	658	Western Sahara	Tennessee	Ernserville	665062 Boehm Overpass	65853-5815
2759	659	Western Sahara	Maine	South Port Natview	49158 Mitchell Ville	33876
2760	660	Korea, Democratic People's Republic of	Massachusetts	Rosinaside	845884 Metz Gardens	65762-5274
2761	661	Svalbard and Jan Mayen	North Carolina	O'Connellhaven	188936 Doyle Knolls	17407
2762	662	Gibraltar	California	West Lake Herman	173551 Lelah Point	32438-3112
2763	663	Saint Helena, Ascension and Tristan Da Cunha	Florida	Marceloton	72160 Padberg Estate	23553-8880
2764	664	Timor-leste	Massachusetts	South Lake Mozelle	189650 Ward Ranch	28157-3261
2765	665	Viet Nam	Virginia	Mitchellbury	647628 London Street	20686
2766	666	Falkland Islands (Malvinas)	North Dakota	South Lake Jasperbury	863667 Reggie Ford	45448
2767	667	Bonaire, Sint Eustatius and Saba	Ohio	West New Mariam	268460 Gerlach Hollow	88777-0245
2768	668	Guinea-Bissau	Oklahoma	East New Lonzotown	807433 D'angelo Square	37333-8867
2769	669	Saint Pierre and Miquelon	Utah	West New Busterville	146844 Reginald Spur	85102-8815
2770	670	Poland	Colorado	South Lake Arleneview	19358 Ledner Walks	72421-6280
2771	671	Taiwan, Province of China	Kentucky	South New Geo	312489 Ludie Gateway	12116
2772	672	Burkina Faso	Missouri	Alexysview	462900 Hattie Spurs	02081-5614
2773	673	Portugal	Tennessee	Kautzerland	635838 Fahey Center	00300
2774	674	Malta	Utah	South Port Jazmin	432346 Murazik Circles	28165
2775	675	Morocco	Washington	Bradfordborough	704576 Wayne Junctions	07656-3304
2776	676	Finland	Iowa	Flavieborough	787764 Ashly Corners	05401
2777	677	Paraguay	Oregon	Hillsstad	858973 Judson Spurs	36582
2778	678	Nauru	Connecticut	Shanahanmouth	369349 Nader Field	70007-2152
2779	679	Greenland	Connecticut	West New Winston	870721 Armani Path	52186-5571
2780	680	Turkey	Hawaii	Hammesmouth	403290 Cassin Rapid	18673
2781	681	Spain	Oklahoma	Emmerichborough	90242 Roxane Glens	22658-4678
2782	682	Honduras	Tennessee	Stammton	834595 Heathcote Ford	37756
2783	683	Croatia	Florida	Hahnfort	781829 Gaylord Fort	87526-6062
2784	684	Sweden	Maryland	Leannonbury	161627 Mann Ports	38454
2785	685	Ecuador	Maryland	O'Reillyland	788469 Pinkie Knolls	74013
2786	686	Cape Verde	New Hampshire	South Port Vinnieburgh	94699 Hoppe Forges	42555
2787	687	Taiwan, Province of China	Indiana	Danielachester	299347 Dietrich Center	26052
2788	688	Moldova, Republic of	Minnesota	Hiltonland	437289 Koelpin Centers	71224-2088
2789	689	South Georgia and The South Sandwich Islands	Missouri	South Port Jewelview	409794 Roman Knoll	52054
2790	690	Mozambique	New Mexico	Reillyside	422266 Mellie Trafficway	85468-0835
2791	691	Sao Tome and Principe	North Dakota	West Lake Aureliahaven	383582 Eloy Circle	80880
2792	692	Mauritania	Virginia	West Lake Lomaberg	233615 Alberto Ramp	80758-1654
2793	693	Virgin Islands, British	Michigan	West Lake Larueside	492266 Colin Motorway	84053
2794	694	Turks and Caicos Islands	Virginia	Dorthamouth	258965 Karl Land	55410-7702
2795	695	Cyprus	Kentucky	East Port Darienland	166961 Zula Dale	83806
2796	696	Greenland	Oklahoma	Marleystad	389504 Bartoletti Common	23082-8484
2797	697	Guinea-Bissau	Utah	South New Reeceshire	828841 Russel Mount	82376-8027
2798	698	Guinea-Bissau	Georgia	North New Cadetown	649339 Chelsie Haven	66118
2799	699	Togo	Washington	North Lake Joannie	143967 Cronin Forge	14265
2800	700	Indonesia	South Carolina	Bartonton	50904 Gislason View	00588-1452
2801	1	Estonia	Iowa	Vandervortburgh	478695 Francesca Falls	63624-7444
2802	2	Hungary	Minnesota	South Port Emanuel	669730 Littel Garden	62776-2145
2803	3	Slovakia	Alabama	Larsonburgh	200450 Michale Isle	55801
2804	4	Turkey	Oklahoma	Shawnborough	378558 Langosh Glens	32707-1885
2805	5	Jersey	California	Grimesland	372977 Rogahn Drives	76735
2806	6	New Zealand	West Virginia	Nienowland	575264 Murray Branch	30388
2807	7	Kuwait	Hawaii	South Lake Jazmyn	708364 Aniyah Forges	05533-5648
2808	8	Heard Island and Mcdonald Islands	Arkansas	West New Chadrickport	292365 Davonte Ranch	85620
2809	9	Holy See (Vatican City State)	Texas	South Port Aracely	232429 Kozey Bypass	42612
2810	10	Mexico	Utah	South New Richieland	624049 Lyda Trafficway	65737-6415
2811	11	Slovenia	New Hampshire	Sallieton	670941 Edwina Loop	62801
2812	12	Greece	Texas	South New Jasonton	289422 Russel Mount	70201-0771
2813	13	South Africa	Maryland	Hildegardstad	139982 Beatty Courts	44443-3433
2814	14	Spain	Tennessee	North Lake Bria	719911 Emelie Roads	33063-8102
2815	15	United States Minor Outlying Islands	Illinois	East Port Arne	847996 Erika Spur	73333
2816	16	Monaco	Michigan	Lindberg	923189 Bettye Pines	82373-3162
2817	17	Azerbaijan	Kentucky	Salmabury	650309 Parker Burg	43742
2818	18	Saint Martin (french Part)	Oregon	North Lake Candace	114924 Doyle Road	72850
2819	19	Svalbard and Jan Mayen	Michigan	Gerholdshire	104529 Crystal Trafficway	37710
2820	20	Saint Helena, Ascension and Tristan Da Cunha	South Carolina	South Lake Dorcas	158450 Albertha Knolls	78548
2821	21	Zimbabwe	Pennsylvania	Schuppeview	400242 Kertzmann Lock	00354
2822	22	Equatorial Guinea	Utah	Kertzmannmouth	509173 Anya Green	78877
2823	23	Tunisia	Arizona	North Lake Ahmed	954726 Wunsch Rapid	63676-7280
2824	24	Guadeloupe	Alaska	Linashire	829791 Albin Streets	63221
2825	25	Nigeria	Washington	Legroschester	373737 Stuart Grove	26403-0673
2826	26	Benin	Alaska	South Port Aubrey	967679 Lawson Mission	18131
2827	27	Norway	Massachusetts	South Lake Justynbury	560089 Zakary Port	21043
2828	28	Liechtenstein	Idaho	Gilesshire	788059 Vandervort Field	70606
2829	29	United States Minor Outlying Islands	Colorado	East Port Deanna	926627 Tromp Views	45181
2830	30	Seychelles	North Carolina	North New Kennethview	44274 Schmidt Meadows	53413
2831	31	Tokelau	Connecticut	South Lake Tianna	445103 Alta Knolls	35071-8153
2832	32	Morocco	Rhode Island	Lexiehaven	928270 Rita Hollow	46081-0028
2833	33	Bangladesh	Texas	East Port Shayne	207821 Rempel Pines	51204
2834	34	Saint Pierre and Miquelon	West Virginia	West New Favian	817717 Barbara Stream	16132-1610
2835	35	Pitcairn	Colorado	North Port Alfonsomouth	993839 O'Kon Place	66353-4443
2836	36	French Guiana	Florida	Antonialand	452392 Bode Throughway	07100
2837	37	El Salvador	Florida	West Port Rossstad	795674 Hilll Spur	01510
2838	38	Slovenia	Utah	West Lake Laurianneborough	354779 Amani Trafficway	48861
2839	39	Bermuda	West Virginia	Audrahaven	178731 Reta Hill	02726-6661
2840	40	French Polynesia	North Dakota	North New Karina	613397 Considine Plains	78010-6435
2841	41	Niue	Indiana	Jerdeberg	565248 Laurence Ferry	44705-7171
2842	42	Myanmar	Wisconsin	Gregorioport	483292 Twila Way	08180-7724
2843	43	Kyrgyzstan	Iowa	Melodystad	246600 Jaren Ville	52642-4087
2844	44	Eritrea	Wisconsin	Nicolaville	259617 Augustus Knoll	68222
2845	45	Sierra Leone	Ohio	Martystad	323689 Deshawn Falls	80457
2846	46	Falkland Islands (Malvinas)	Wyoming	East Port Margot	758359 Stevie Ports	16202-4121
2847	47	Austria	New York	East Port Leonorland	823630 Graham Causeway	55747-8233
2848	48	Kazakhstan	Colorado	Gutkowskifort	163041 Gillian Cliff	12750-7845
2849	49	Niger	Massachusetts	Cassinbury	926847 Wisoky Trace	22510
2850	50	Ghana	Nevada	Nonafort	43771 Frami Road	18055
2851	51	Georgia	California	Vickieside	657058 Monty Overpass	10427-7168
2852	52	Benin	Alaska	Lemkeport	144348 Mosciski Summit	17352
2853	53	Syrian Arab Republic	Georgia	South Port Annetta	702308 Lori Green	34862
2854	54	Kazakhstan	Wisconsin	Juddfurt	613776 Imelda Drive	37763
2855	55	Western Sahara	Wisconsin	East New Tyrellmouth	225927 Hahn Prairie	51545-3320
2856	56	Jordan	Rhode Island	Deckowborough	571532 Jett Cove	66370-4368
2857	57	Mayotte	Connecticut	Ruthiehaven	45187 Kohler Walk	31782-6274
2858	58	Morocco	Nevada	South Port Gilda	630390 Kerluke Manors	56807
2859	59	Hong Kong	Oregon	Jamaalhaven	239695 Ullrich Mission	48211-6133
2860	60	Cape Verde	New York	West Lake Aylin	208694 Clementine Extensions	06422-6535
2861	61	Guinea	Alabama	East Port Susannastad	148924 Hand Lock	62728
2862	62	Colombia	South Carolina	Zackerymouth	454930 Catalina River	81103
2863	63	Denmark	Colorado	North Lake Eliezer	496811 Stiedemann Pines	42265-0112
2864	64	Lebanon	Georgia	Donnellytown	885580 Hermann Views	66258
2865	65	Mauritania	North Dakota	South New Joesphland	217202 Pauline Orchard	06636-8068
2866	66	Sri Lanka	Nevada	North Port Dariuston	898925 Monahan Mission	71034
2867	67	Andorra	Pennsylvania	Carleeland	138220 Landen Spring	21328
2868	68	Jordan	New Hampshire	Eichmannstad	580776 Waelchi Prairie	05875
2869	69	Guam	Michigan	Haleighfort	985498 Viviane Meadow	24008
2870	70	Faroe Islands	New York	Jeraldmouth	728839 Romaguera Lane	64508-5112
2871	71	Chad	Texas	East Lake Ewellview	162336 Quigley Lake	42426
2872	72	Jersey	Wyoming	Brekketon	148035 Rempel Locks	43223-1443
2873	73	Haiti	Wyoming	Zboncakfurt	224984 Joshua Prairie	24270
2874	74	Peru	Indiana	West Lake Ethabury	380801 Niko Squares	46536
2875	75	Mayotte	Texas	Rogahnview	663871 Jacobson Mission	84604
2876	76	South Sudan	Idaho	Noblefort	795412 Adams Pass	21348
2877	77	Angola	Montana	Mohrborough	916160 DuBuque Track	85157-7411
2878	78	Korea, Democratic People's Republic of	Oregon	South Port Gertrude	448235 Johann Harbors	35746-6421
2879	79	British Indian Ocean Territory	Wyoming	West Lake Araceli	160447 Carissa Rapids	54035
2880	80	Ghana	Pennsylvania	West Port Merl	459771 Kuhn Garden	05443
2881	81	Cape Verde	New York	Gerlachfurt	82703 Blick Landing	20016-5885
2882	82	Estonia	Wyoming	Raemouth	925402 Jettie Lock	81137
2883	83	Tanzania, United Republic of	Virginia	North Port Amanishire	940671 Cruickshank Loaf	12351-7583
2884	84	Netherlands	Kentucky	West New Elberttown	364467 Hyatt Pike	23824
2885	85	Kazakhstan	Oregon	North Lake Jerroldhaven	510448 Hane Shoal	28417
2886	86	Micronesia, Federated States of	Idaho	Shirleyburgh	936511 Spinka Orchard	02458-5838
2887	87	Liberia	New Jersey	North New Jessika	375464 Weber Highway	33576-3511
2888	88	Dominican Republic	Tennessee	Brainfort	982512 Mueller Highway	27623
2889	89	Bonaire, Sint Eustatius and Saba	New Hampshire	South Port Terryport	20456 Feeney Extension	43732-0317
2890	90	Hungary	Kentucky	Auerland	75599 McCullough River	85663-0764
2891	91	Romania	Indiana	Lyricfort	897891 Langworth Estates	80353-1521
2892	92	Germany	Louisiana	East New Jennieborough	723041 Bradley Pine	26817-2535
2893	93	Heard Island and Mcdonald Islands	Maine	West New Zachariah	829049 Denesik Curve	16414
2894	94	Slovakia	Pennsylvania	Carterchester	857728 Brenden Knolls	38025
2895	95	Honduras	Illinois	Sylvesterborough	420930 Durgan Heights	14877-8826
2896	96	South Georgia and The South Sandwich Islands	California	North New Audreyfurt	72791 Jon Via	60780
2897	97	Chad	Ohio	Jewellbury	865604 Schamberger Forge	68575
2898	98	Guinea	South Carolina	Reynaton	802347 Keeling Loaf	20780
2899	99	Malawi	California	Clementinaland	175505 Beahan Junction	18482-2551
2900	100	United States	Colorado	West New Sybleview	802116 Emmalee Manor	74416
2901	101	Hong Kong	Nebraska	North Lake Bransonberg	995448 Kenna Stravenue	41651-2102
2902	102	British Indian Ocean Territory	New Mexico	Nettieport	119496 Becker Flat	00518-3053
2903	103	Solomon Islands	Missouri	Antoneton	286377 Connelly Island	42130-2335
2904	104	Malta	Missouri	Hirthemouth	543820 Ernser Plain	56074
2905	105	Azerbaijan	Arkansas	Botsfordfurt	238112 Effie Terrace	52546
2906	106	Yemen	North Carolina	Hermannhaven	221166 Mitchell Alley	48346
2907	107	Madagascar	Virginia	South Port Mya	389089 Dianna Wells	58531-7040
2908	108	Viet Nam	Iowa	Krisside	452754 Altenwerth Unions	84157
2909	109	Singapore	Connecticut	Jannieburgh	602751 Leonora Islands	15708-7711
2910	110	Nigeria	North Carolina	West Lake Edward	506373 Ferne Land	56038
2911	111	Qatar	Vermont	Purdyton	240429 Bruen Junctions	85633
2912	112	Bhutan	Nebraska	Alexandraton	968805 Stokes Forges	31160-6532
2913	113	Cyprus	Delaware	North Port Bernicemouth	811380 Parisian Valley	13106-5684
2914	114	Mozambique	South Dakota	East New Nathanaelshire	705083 Schmidt Pines	85020-3252
2915	115	Senegal	Missouri	Zackaryburgh	218827 Myrtie Orchard	86724
2916	116	Cocos (Keeling) Islands	Texas	Randyshire	82160 Flatley Brooks	04563
2917	117	Morocco	Wisconsin	South New Mariellestad	583936 Pacocha Gardens	64844
2918	118	Seychelles	Washington	Donnellychester	636354 Hollis Corner	04833
2919	119	Cape Verde	Alaska	Gottliebtown	137931 Laurie Loaf	01430-7136
2920	120	El Salvador	South Dakota	Metzborough	763035 Ryan Burg	04822
2921	121	Portugal	Florida	Schinnershire	362707 Schultz Knoll	87614
2922	122	Oman	Maine	Homenickview	751232 Corene Lakes	06830
2923	123	Chad	Texas	West Lake Christ	44861 Strosin Glens	80322-6841
2924	124	Mali	Kansas	Moshemouth	959244 Angel Causeway	46752-4562
2925	125	Gabon	West Virginia	Susiehaven	16938 Murl Green	82214-7226
2926	126	Egypt	Tennessee	Denesikfurt	601990 Mozelle Manors	02567-7537
2927	127	French Guiana	Montana	North Lake Betsy	109754 Funk Highway	47486-7026
2928	128	Côte d'Ivoire	Rhode Island	Kiannamouth	923875 Emilia Vista	63267-5678
2929	129	Malta	Rhode Island	North Lake Lorineport	705929 Gerlach Glens	81663-6332
2930	130	Russian Federation	Colorado	Schmelerbury	706897 Spencer Burgs	06168-1238
2931	131	Japan	Arizona	North Lake Rebaton	250502 Christop Estate	42482
2932	132	Greece	Indiana	Dashawnbury	505912 Raynor Trace	73346
2933	133	Lesotho	South Carolina	Emmerichberg	125758 Donnell Estate	26435
2934	134	Equatorial Guinea	Iowa	Frederikburgh	139241 Ebba Lock	42641-8726
2935	135	Djibouti	Texas	West Port Aubreebury	656922 Theresa Drive	12501
2936	136	Norway	Missouri	East New Torrance	457332 Schinner Valleys	30364-3234
2937	137	Western Sahara	Nebraska	West Lake Maxine	139796 Isai Crescent	05882-0241
2938	138	Tokelau	Michigan	South Port Georgette	259121 Hoeger Forges	70800
2939	139	Pakistan	Illinois	East Port Ashleighton	968120 Schimmel Port	14828-2354
2940	140	Australia	Arizona	Keeblerberg	152164 Jarret Shoal	36236-7821
2941	141	New Caledonia	Kentucky	West Lake Providenci	708663 Gulgowski Island	86505
2942	142	Zambia	South Dakota	North Port Adolf	239649 Gracie Cliff	25511-7457
2943	143	Antigua and Barbuda	Nevada	East New Joanport	75319 Jane Wells	64814
2944	144	Rwanda	Alaska	East Port Altheahaven	406882 Reynolds Squares	25038-4400
2945	145	Tanzania, United Republic of	South Carolina	Karinaside	306685 Howe Pines	54877
2946	146	Israel	Vermont	North Lake Miles	81817 Earl Dale	53760-2530
2947	147	Malaysia	Maryland	North Lake Jesseburgh	488590 Bartell Spur	78645
2948	148	Bouvet Island	Rhode Island	South Lake Rosettafort	326249 Ashleigh Walk	31175-0117
2949	149	Bahamas	Arizona	Marquisefurt	675810 Ernie Cliffs	40047
2950	150	Samoa	Maryland	Wendellbury	768591 Reilly Ports	56418-0120
2951	151	Italy	Vermont	Durganview	422064 Rory Passage	61305-1825
2952	152	Montserrat	Texas	East Port Talon	950586 Quincy Shores	77578
2953	153	Ethiopia	New Jersey	South New Heath	510742 Sedrick Underpass	10084
2954	154	Cameroon	Nevada	East Port Wiley	458929 Greenholt Manors	00501
2955	155	United States Minor Outlying Islands	New Jersey	East Lake Joanie	180716 Beatty Lakes	10644
2956	156	Algeria	Vermont	North Port Judgemouth	814423 Vella Dam	86657-5372
2957	157	Isle of Man	Washington	West New Hansberg	10882 Vandervort Rest	18415-6226
2958	158	Tuvalu	Ohio	East New Deangelo	790993 Niko Mountain	08313
2959	159	Malaysia	Minnesota	North Lake Novaberg	460711 Jacobi Neck	65777-5027
2960	160	Azerbaijan	Nebraska	Emelyton	709584 Ward Divide	20800
2961	161	Cayman Islands	Oregon	Horacehaven	388075 Mathew Camp	55457
2962	162	Andorra	Colorado	Rohanview	431986 Jacobson Via	06542-6776
2963	163	Togo	Colorado	South Port Doyleside	434687 Quigley Street	80668
2964	164	Bosnia and Herzegovina	Montana	West Port Clairland	353041 Madelynn Dale	83555
2965	165	Indonesia	Maine	Krajcikmouth	854341 Heller Stream	52588-8883
2966	166	Afghanistan	Connecticut	Mannton	775715 Hammes Spring	24384-0887
2967	167	Tunisia	Illinois	Francescoborough	712301 Jerod Gardens	24560-0746
2968	168	Kuwait	Tennessee	Starkland	832124 Miracle Harbor	32754
2969	169	New Zealand	Rhode Island	Kozeyport	197428 Anderson Plains	28415
2970	170	Burkina Faso	Rhode Island	Kuhnton	972203 Millie Fords	46088-0102
2971	171	Macao	Kentucky	Huelfurt	815053 Mittie Springs	23028
2972	172	Haiti	Mississippi	West New Elaina	214562 Armstrong Canyon	81671
2973	173	Egypt	New York	Jodyborough	82029 Margaret Ville	64688-6278
2974	174	Faroe Islands	Tennessee	Beiermouth	858463 Ebert Camp	74470
2975	175	Sri Lanka	West Virginia	West Port Jeffreyville	435682 Smitham Parkways	73746-0301
2976	176	Papua New Guinea	Arizona	West Port Dangelo	110494 Dibbert Hill	55863-5286
2977	177	Zambia	Illinois	North Port Bernitafurt	670237 Doyle Points	74461
2978	178	United States Minor Outlying Islands	Maryland	East New Bonita	136497 Margaret Run	70328-8250
2979	179	Honduras	South Carolina	Winstonville	275345 Oceane Passage	00253
2980	180	Congo, The Democratic Republic of The	Rhode Island	Norbertoland	927849 Nolan Light	26487
2981	181	Martinique	Nebraska	Pollichstad	565149 Weston Falls	00521-3560
2982	182	Niger	Michigan	Hansenmouth	562737 King Freeway	05263-7647
2983	183	Pakistan	Wisconsin	South Lake Cindy	889921 Thiel Trail	85254-0512
2984	184	Gibraltar	South Carolina	South Lake Teagan	622601 Mercedes Loop	58126
2985	185	Virgin Islands, U.S.	Idaho	Huelsville	371340 Kaleb Mills	70385
2986	186	Georgia	Michigan	Fisherberg	587365 Reynolds Union	05366-5602
2987	187	Turkey	Kentucky	East New Felton	145814 Vincent Forest	32346-4544
2988	188	Peru	Montana	Lupeshire	618914 Runte Ridge	05255-8161
2989	189	Croatia	Nevada	Jeanettechester	57385 Dasia Ville	85136-1513
2990	190	Malta	Indiana	West Port Luishaven	423800 August Square	08632
2991	191	Armenia	North Dakota	Schambergerville	616092 Hamill Ranch	84067
2992	192	Kazakhstan	Colorado	West Lake Brannonville	387213 Janessa Branch	42814
2993	193	Falkland Islands (Malvinas)	Ohio	Muellerchester	835491 Jadyn Viaduct	77332-3247
2994	194	Palau	Louisiana	East Lake Kaelyn	218385 Wilkinson Ferry	11488
2995	195	Georgia	Colorado	East New Marinaside	542340 Doris Island	36710-0038
2996	196	Mayotte	Nebraska	North Lake Maynardmouth	102571 Lang Gateway	63415
2997	197	Venezuela, Bolivarian Republic of	Massachusetts	North Lake Rafael	418955 Hane Neck	48341-8838
2998	198	Turks and Caicos Islands	Ohio	Ottisstad	149785 Candida Mills	31344
2999	199	Georgia	Virginia	Starkland	174410 Ole Crescent	77560-5166
3000	200	Bahamas	Oklahoma	Mozelleberg	886478 Wilkinson Roads	53278-2021
3001	201	Gabon	Tennessee	Cloydhaven	196927 Amiya Square	40183
3002	202	Faroe Islands	Maine	Sigmundhaven	439092 Lehner Spring	47868-6151
3003	203	Saudi Arabia	Nevada	West New Janessafurt	148381 Barton Inlet	00825
3004	204	Sao Tome and Principe	Delaware	East New Frances	223033 Brandyn Causeway	47215
3005	205	Tanzania, United Republic of	Illinois	Bernhardtown	202862 Hand Crescent	24110-7218
3006	206	Montserrat	Nebraska	Huelsfort	794769 Elinore Ridges	53648-0228
3007	207	Sierra Leone	Kansas	Heaneychester	639911 Zemlak Lake	83240-1720
3008	208	Trinidad and Tobago	Maryland	West New Magnus	245980 Kihn Crest	68638-1102
3009	209	Solomon Islands	Nebraska	Skilesville	699201 Pacocha Causeway	12374-0564
3010	210	Iceland	South Dakota	Princessfurt	782048 Larson Mount	84120
3011	211	Italy	Illinois	Virgieville	232308 Hilll Falls	13443
3012	212	Tanzania, United Republic of	Georgia	Rogelioton	643220 Klein Path	44153-2838
3013	213	Poland	Kentucky	Elianeton	1263 Eladio Way	30203-4554
3014	214	Russian Federation	Indiana	Monserratchester	709447 Jayda Parks	40778-4830
3015	215	Montserrat	West Virginia	Romagueratown	665041 Burnice Center	68637
3016	216	Congo	Wyoming	Teaganfort	277723 Maryam Meadows	73742-1680
3017	217	Saint Barthélemy	Tennessee	North New Tristian	441547 Coby Ville	54850-6754
3018	218	Greece	Nevada	Schneidermouth	132717 Braun Ford	10408
3019	219	United States	Delaware	West Lake Lemuel	245965 Leann Stream	25177-6388
3020	220	Slovakia	Kentucky	North Lake Princessfort	673591 Chauncey Ville	63268-3274
3021	221	New Caledonia	New York	Maximostad	254860 Hermina Circles	60778-8430
3022	222	Norway	Illinois	North Lake Barrett	31772 Sipes Avenue	45118-3866
3023	223	Guernsey	Oklahoma	South Lake Morrisport	288425 Vidal Meadows	55018
3024	224	Georgia	Iowa	North Lake Lucie	947027 Pagac Knoll	77566
3025	225	Gambia	Missouri	South New Ethelyn	596206 Hane Islands	78214-7026
3026	226	Costa Rica	Louisiana	Aleneview	82469 Alysha Crossing	61118
3027	227	Jordan	Idaho	Amieside	667435 Willms Plains	13602
3028	228	American Samoa	Illinois	West Lake Terence	971915 Myra Fords	30075
3029	229	Poland	Missouri	North Lake Paul	741272 Bradford Ways	50862
3030	230	Cuba	Nevada	Emeryberg	456183 Aufderhar Skyway	74710-0232
3031	231	Slovakia	North Carolina	West New Julianneborough	762062 Coty Squares	04066-5720
3032	232	Trinidad and Tobago	North Carolina	East Port Roger	477810 Jerome Union	28767-1642
3033	233	Mauritius	South Dakota	Lehnerfurt	574315 Brakus Burg	08755
3034	234	Tokelau	Mississippi	North Lake Sibylbury	670404 Tremblay Throughway	85040
3035	235	Jamaica	California	Hintzton	40181 Fahey Cliff	04603
3036	236	Papua New Guinea	Texas	North New Jermain	396913 Gislason Summit	64473-2873
3037	237	Morocco	South Carolina	Kundetown	604050 Nader Pines	67672-4681
3038	238	El Salvador	Washington	Margarettastad	930499 Carlee Place	82144
3039	239	Anguilla	North Dakota	North Port Jadynfurt	956662 Ephraim Lodge	88283-1611
3040	240	Saint Lucia	Louisiana	East Lake Retha	245096 Hessel Extensions	13534-3040
3041	241	Congo, The Democratic Republic of The	Georgia	West Lake Ericka	411274 Conor Green	67535
3042	242	Guyana	Georgia	East New Adelbert	393563 Ila Union	76073
3043	243	Northern Mariana Islands	Mississippi	East New Margotborough	687877 Obie Skyway	07361
3044	244	Cook Islands	New York	West Lake Jazlynland	396147 Raynor Mill	33440-4471
3045	245	Zimbabwe	Iowa	North Port Marisaville	355306 Mills Field	44822
3046	246	Estonia	North Carolina	Mariliechester	160966 Jerde Fort	07544
3047	247	Kuwait	New York	South Lake Asa	900962 Lueilwitz Shore	52025
3048	248	French Guiana	Maine	Bertaview	843638 Kallie Cliffs	62216-8708
3049	249	Georgia	Wyoming	Ferminshire	996784 Kelley Springs	12503-2863
3050	250	Netherlands	North Dakota	Koeppfurt	343780 Pouros Path	00852
3051	251	American Samoa	Illinois	South Lake Freddyfort	821488 Hane Cliff	47611
3052	252	Heard Island and Mcdonald Islands	Indiana	South Lake Violetville	469044 Gage Roads	03802-8728
3053	253	Tanzania, United Republic of	Kansas	East New Zachariah	889432 Oliver Well	21682-0401
3054	254	Argentina	Nevada	South Port Marcelina	658517 Demetrius Bridge	41606
3055	255	Chad	California	Abigailville	987767 Romaine Heights	42253
3056	256	Saint Barthélemy	Wisconsin	South Lake Sandrineberg	166331 Trantow Divide	25883
3057	257	Bulgaria	Alaska	North New Blaisebury	99789 Marielle Estate	87558-7868
3058	258	Micronesia, Federated States of	Indiana	Crooksstad	100986 Lueilwitz Shores	16184
3059	259	Korea, Democratic People's Republic of	Maine	North Lake Juddview	693063 Rusty Run	61141
3060	260	Cambodia	Tennessee	North Lake Romanbury	521595 Sim Throughway	10758
3061	261	Niger	New Jersey	South New Vivienfurt	354622 Margaret Gateway	07553-7144
3062	262	El Salvador	Hawaii	South New Maria	92936 Frieda Trace	31423
3063	263	Finland	Alabama	Jewelmouth	628208 Marquis Rue	76714
3064	264	Canada	Hawaii	East Port Miracleton	302739 Turner Rest	38124
3065	265	Saudi Arabia	Minnesota	Marcellaville	624463 Kling Ramp	21711
3066	266	Uzbekistan	Illinois	Leuschkeville	554161 Stamm Meadows	80477
3067	267	Brazil	Idaho	North Port Zettaland	137711 Richard Fields	65037-6654
3068	268	Botswana	Missouri	West New Arielside	696118 Jeanne Alley	32836
3069	269	Nauru	Minnesota	West New Liamchester	283900 Huels Mountains	44231
3070	270	Pitcairn	Iowa	Dejahview	316703 Shawn Fords	10330-0757
3071	271	Guatemala	Kentucky	West New Gudrunton	429028 Witting Glens	36708-0280
3072	272	Romania	Mississippi	Torphyton	683338 Burnice Spring	74618
3073	273	Western Sahara	Connecticut	North Port Kathleen	779614 Ariel Corner	78251-2623
3074	274	Kiribati	Iowa	East Lake Gayton	77919 Spencer Burgs	50833-7638
3075	275	Jordan	Hawaii	Emardfort	474527 Sasha Squares	41481
3076	276	Bulgaria	Rhode Island	Adonisview	251902 Hand Greens	07216-5714
3077	277	Belarus	New Jersey	West Port Megane	718986 Friesen Valleys	86161-6136
3078	278	Martinique	South Carolina	Donnyside	656185 Terry Shores	57677-1680
3079	279	Holy See (Vatican City State)	Georgia	Goodwinmouth	929520 Zachary Common	53818
3080	280	Montenegro	Connecticut	West Port Nikki	213940 Reggie Gardens	24224-0226
3081	281	Antarctica	Georgia	Kertzmannstad	28328 Hoeger Street	17685
3082	282	Saint Helena, Ascension and Tristan Da Cunha	Maryland	Isaacport	422557 Xander Highway	14102
3083	283	Sint Maarten (dutch Part)	Wyoming	Hermannton	717013 Korbin Dale	12010
3084	284	Cape Verde	New Jersey	Wiltonland	795947 Blanche Knoll	14405
3085	285	Austria	Alaska	North New Thaliashire	706987 Boehm Springs	65324
3086	286	Malawi	Wisconsin	East Port Abelshire	174569 Stephon Oval	68586
3087	287	Estonia	Tennessee	Breitenbergfort	713062 Domingo Mills	48462-3481
3088	288	Cayman Islands	Alaska	Keshawnchester	753710 Lynch Circle	46642-5752
3089	289	Estonia	Pennsylvania	East Port Bonita	885159 Kristina Wells	40074-0257
3090	290	Panama	Minnesota	Swaniawskiland	969145 McLaughlin Bridge	03027-3401
3091	291	Bulgaria	Minnesota	West New Jaronchester	284622 Gleason Heights	00461
3092	292	Réunion	North Carolina	South Lake Kayleighstad	704431 Wuckert Groves	22856-8076
3093	293	Slovakia	Kansas	North New Garthfort	440700 Renee Track	27063-0420
3094	294	Portugal	New Hampshire	East New Wyattburgh	747347 Kasandra River	11850
3095	295	Guatemala	Oklahoma	Dimitrichester	424262 Daugherty Walk	61376-4806
3096	296	Montenegro	California	East Port Fayetown	455544 Haskell Brooks	85812-4084
3097	297	Kenya	Louisiana	Morissetteberg	724970 Chanelle Point	08238
3098	298	Seychelles	Nevada	Hettieland	247572 Candido Manor	84767
3099	299	Nepal	North Dakota	Georgiannashire	599148 Roxanne Fords	50513-4081
3100	300	Botswana	North Carolina	Stantonview	79154 Daija Views	13104
3101	301	Falkland Islands (Malvinas)	Wyoming	South New Otha	35022 Bernier Skyway	16646
3102	302	Faroe Islands	Connecticut	West Lake Einofort	937536 Sophia Vista	81200-5478
3103	303	Qatar	New York	Ankundingmouth	370588 Doyle Union	30547-0467
3104	304	Honduras	Nevada	West Lake Abdullahhaven	868793 Lesch Fords	84474-4423
3105	305	Moldova, Republic of	North Carolina	Malindabury	176918 Hagenes Roads	04162
3106	306	El Salvador	Delaware	Cloydshire	906580 Jamey Point	06373
3107	307	Turkey	Vermont	South New Narcisofurt	725954 Huel Passage	24567
3108	308	Lithuania	New York	Lefflerborough	319519 Bradtke Plaza	08265
3109	309	Samoa	Utah	East New Tabithaside	152685 Bonnie Club	06621-5057
3110	310	South Sudan	Iowa	Rosinaburgh	578974 Yasmine Mountains	14537-7543
3111	311	Malawi	Louisiana	West New Rogelio	727776 Kenyon Land	76242-1276
3112	312	Burundi	Kansas	North Port Graycetown	693122 McGlynn Mount	83015
3113	313	Lao People's Democratic Republic	Tennessee	Wavaview	585008 Ortiz Rest	64274
3114	314	Uzbekistan	South Carolina	East Port Mittie	731299 Jazmyne Isle	10541
3115	315	Gambia	South Carolina	Terranceville	614519 Breitenberg Ridge	73728-4870
3116	316	French Guiana	Wyoming	Roryburgh	221973 Graham Pass	17377
3117	317	Zimbabwe	Colorado	South Port Ila	678525 Anika Bridge	52801-6148
3118	318	Comoros	Massachusetts	South Port Name	243855 Shana Villages	27556-8751
3119	319	Malta	Illinois	Sauerport	871464 Jast Lane	52734-2337
3120	320	Chad	Nevada	West Port Christop	966227 Harber Points	42450-7206
3121	321	Chad	Washington	West Lake Lizabury	569806 Carley Route	60111-4720
3122	322	Brunei Darussalam	South Carolina	Margieville	446369 Verdie Isle	84432-8113
3123	323	Cuba	Nebraska	Legrosstad	695471 Delphine Underpass	44671
3124	324	Ghana	Ohio	Prosaccoport	754129 Vicente Motorway	21628-6032
3125	325	Denmark	Missouri	East Lake Nola	657012 D'Amore Flat	27303-1561
3126	326	Peru	New Jersey	West Port Rubyside	478233 Abbott Road	20250
3127	327	Iceland	Hawaii	North New Rebekah	990033 Fredrick Meadow	51600-6310
3128	328	Indonesia	Maine	South New Cecilport	422845 Izaiah Throughway	16120
3129	329	South Sudan	Tennessee	East Port Josie	579329 Bauch Spurs	62372
3130	330	Saint Barthélemy	Minnesota	South Lake Dayanaport	311719 Hank Turnpike	35021
3131	331	Israel	Vermont	South Port Elissafort	347647 Keira Trail	50107-5608
3132	332	Malawi	Maryland	North New Brisa	679976 Mueller Crossing	81426-0375
3133	333	Montserrat	South Dakota	North New Chelsie	465374 Joy Valleys	51342
3134	334	Western Sahara	Missouri	West Lake Dallinside	156202 Arnaldo Lock	16765-1824
3135	335	Antarctica	Hawaii	East Port Agustinashire	419212 Douglas Heights	28622
3136	336	Slovenia	Oklahoma	North Lake Aldenchester	801424 Wintheiser Forest	25142-4254
3137	337	Argentina	North Dakota	West Lake Budton	988025 Bernhard Cove	41014-5868
3138	338	Romania	Ohio	East Lake Kayley	953255 Dooley Freeway	54773
3139	339	Nepal	Wyoming	West Lake Roosevelt	69846 Rickie Drives	56478-6288
3140	340	Colombia	Washington	South Port Myrtie	309305 Brad Forest	87218-5133
3141	341	Lebanon	Tennessee	South New Armani	307621 Emelia Plaza	26084-8261
3142	342	Saint Kitts and Nevis	North Dakota	West Port Charlie	54621 Block Heights	86441
3143	343	Cyprus	New Mexico	Marvinfort	923995 Kessler Flats	17147-6738
3144	344	Turks and Caicos Islands	Vermont	South Port Winfieldfurt	200164 Diego Estate	85840
3145	345	Armenia	New Hampshire	Margarettaside	379795 Upton Avenue	85574
3146	346	Spain	Pennsylvania	North Lake Madaline	215926 Jeffry Island	34163-5337
3147	347	Korea, Democratic People's Republic of	Colorado	South New Hubert	637604 Kara Spur	70725-4858
3148	348	Saint Kitts and Nevis	Colorado	North Lake Katelinview	731311 Dale Isle	10746-4363
3149	349	American Samoa	North Dakota	Genevievetown	446034 Antwon Cliffs	40233
3150	350	Poland	Montana	East New Braxton	125575 Reichert Mews	55404-0288
3151	351	Iceland	New Hampshire	Fadelburgh	651848 Carolina Crossing	36365
3152	352	Iceland	Delaware	Shanahanfort	834088 Alberto Drives	66451
3153	353	Haiti	South Dakota	Hoppeberg	377340 Kiley Pine	06303-2713
3154	354	CuraÇao	North Carolina	Jackyfort	513103 Mayer Bypass	61676-6333
3155	355	Martinique	Montana	Schmelerville	388636 Hassie Parkway	65352
3156	356	Jordan	North Carolina	Emmaleeshire	932793 Kutch Valley	27841
3157	357	Belgium	Tennessee	Myriamstad	494957 Hahn Land	51121
3158	358	Papua New Guinea	Montana	North Lake Rosanna	832408 Jazmin Forges	33574-6182
3159	359	Monaco	California	West Lake Lawrencefurt	231176 Nienow Corners	12622-1212
3160	360	Liberia	Kansas	Wisozkhaven	800137 Kuhic Vista	60475
3161	361	Greenland	New Hampshire	Tabithachester	485947 Keeley Junctions	20358-3831
3162	362	South Sudan	West Virginia	North Lake Shane	907442 Kunze Estate	50271-4004
3163	363	Paraguay	Idaho	Harveyton	655497 Kuvalis Mall	86061
3164	364	Belarus	Virginia	Spencerville	8448 Ullrich Knoll	16524-8671
3165	365	Mauritania	Utah	North Port Charleneside	719881 Katlyn Locks	01102
3166	366	Sri Lanka	Delaware	West Port Wendy	797064 Wintheiser Mall	77474-7036
3167	367	Sint Maarten (dutch Part)	Indiana	East New Christianamouth	675677 Lionel Spurs	83886
3168	368	French Polynesia	Rhode Island	Skilesfort	469211 Brendan Light	40441-5211
3169	369	Marshall Islands	California	South New Clemmie	717287 Gibson Well	21305-8002
3170	370	British Indian Ocean Territory	Delaware	North New Lazaro	414565 Kiehn Turnpike	31257
3171	371	Jordan	Kentucky	Myrtiston	412409 Nicola Creek	24516-7011
3172	372	Montserrat	Oregon	Stuartstad	835704 Gibson Route	16685-5837
3173	373	French Polynesia	North Dakota	North Lake Chadrick	232394 Alf Cape	81184
3174	374	Cameroon	Missouri	Abigaleburgh	5802 Schultz Court	75717
3175	375	Svalbard and Jan Mayen	New York	Coltbury	166389 Harmony Junctions	42063-2372
3176	376	Guadeloupe	Maryland	North New Zachary	448322 Sage Mission	71173-0883
3177	377	Saint Vincent and The Grenadines	Arizona	South Port Marianehaven	313156 Paucek Gateway	45058
3178	378	Thailand	Nevada	Murrayton	463058 DuBuque View	21207-3306
3179	379	Italy	Utah	Keelingborough	568598 King Plaza	74437-0570
3180	380	Mauritania	Kentucky	Mauricechester	150308 Reilly Course	70405-0285
3181	381	Switzerland	Colorado	South New Brigitte	878113 Anissa Highway	00112-7830
3182	382	Tunisia	Maryland	North Lake Ian	736377 Katelin Mountain	40161
3183	383	Andorra	Montana	O'Haramouth	246635 Champlin Summit	76277-6270
3184	384	Slovenia	Massachusetts	Germanborough	781139 Jakubowski Course	74244
3185	385	Djibouti	Minnesota	North Lake Felipamouth	441256 Prohaska Brooks	73252-2316
3186	386	Saudi Arabia	South Carolina	Gottliebtown	700763 Bailey Fall	80133-3110
3187	387	Papua New Guinea	Iowa	Dejuanland	384400 Jazlyn Brooks	82785
3188	388	Guinea	South Carolina	South Port Bartmouth	876053 Daugherty Fall	18475
3189	389	El Salvador	Utah	North Port Rosemaryhaven	860286 Jennyfer Cape	27057-1087
3190	390	Norfolk Island	Indiana	Braunton	125032 Vicky Corners	15828
3191	391	Gibraltar	Georgia	North Port Judgeberg	946437 Rhea Shores	52358
3192	392	Grenada	Oklahoma	South New Hailie	823439 Dereck Ranch	83321
3193	393	Senegal	South Dakota	West Lake Elainatown	152562 Farrell Club	80851-7522
3194	394	Moldova, Republic of	Nevada	South Lake Noemiburgh	669013 Tavares Islands	80821-8008
3195	395	Congo	West Virginia	Prosaccoview	967526 Hartmann Mills	41536
3196	396	Pitcairn	Texas	South Lake Audreybury	404685 Prosacco Mill	28734
3197	397	Japan	Arkansas	Schadenside	220376 Boyd Rapid	87708
3198	398	Côte d'Ivoire	Utah	North Port Cyril	859943 Santos Shoals	74688-0012
3199	399	Jersey	Wyoming	West Lake Sonyaberg	434392 Easton Turnpike	01680
3200	400	Slovenia	Michigan	Xzaviermouth	631649 Millie Shoals	70870
3201	401	Andorra	Georgia	Christianaview	587321 Renner Avenue	77528
3202	402	Sudan	Indiana	West Lake Jaceymouth	52126 Brad Light	47252-6128
3203	403	South Sudan	Virginia	West Lake Kathleenview	568451 Prosacco Burgs	84434
3204	404	Uzbekistan	Georgia	South New Lonnie	109001 Abbott Brooks	40823-3210
3205	405	Mongolia	Rhode Island	Labadieside	623056 Gibson Course	45171-7477
3206	406	Nepal	Wyoming	West Port Davion	207078 Cydney Turnpike	13677-2174
3207	407	Côte d'Ivoire	Ohio	East Lake Svenhaven	450476 Grace Squares	82823
3208	408	Romania	Michigan	South Lake Tyree	346282 Conor Shore	07258
3209	409	Armenia	Georgia	Auerland	74739 Rodrick Port	77476-7830
3210	410	Namibia	North Carolina	East New Wilmastad	245801 Osinski Burg	70175
3211	411	Cocos (Keeling) Islands	Michigan	East New Krystelfurt	582643 Kertzmann Corners	36631
3212	412	Tuvalu	Colorado	South Port Heathburgh	921381 Hand Branch	16550
3213	413	Finland	Pennsylvania	South Lake Johnathonport	528872 Bradtke Track	58164-0454
3214	414	Albania	New Mexico	East New Everardo	809221 Beulah Junction	45248-6471
3215	415	Falkland Islands (Malvinas)	Massachusetts	Nicholasville	988156 Jacobi Land	03423-7585
3216	416	Saint Helena, Ascension and Tristan Da Cunha	Nebraska	Steuberton	649049 Daugherty Bypass	52666-2550
3217	417	Mayotte	Delaware	Laylaborough	919836 Reilly Common	05633-5133
3218	418	Somalia	Georgia	Thielstad	418044 Bahringer Villages	55360-8665
3219	419	San Marino	Michigan	South New Lionel	510163 Modesta Junction	68313
3220	420	Australia	Arkansas	North Lake Edwardomouth	12075 Manley Field	62456-6427
3221	421	Tanzania, United Republic of	Indiana	South Lake Karlee	964543 Yundt Crest	80360-1458
3222	422	Singapore	Rhode Island	West New Floy	11371 Zieme Courts	87787-0275
3223	423	Turkmenistan	Tennessee	Johnshaven	337618 Estefania Freeway	58243
3224	424	Greece	Arizona	South New Aaliyahmouth	377413 Wolf Mall	35041
3225	425	United Kingdom	Arkansas	Leoraborough	796829 Veum Islands	66825-6063
3226	426	Uzbekistan	Washington	Arleneshire	135209 Tamara Skyway	08111
3227	427	Saint Vincent and The Grenadines	South Carolina	Gutmannmouth	442991 Karen Lakes	47505-5158
3228	428	Monaco	New Mexico	Corineville	909087 Mikel Green	27565-0274
3229	429	South Georgia and The South Sandwich Islands	Alabama	South Port Cyrus	196731 Autumn Glens	36616-4000
3230	430	Uruguay	California	East Lake Juddshire	588530 Demarco Point	25155
3231	431	Saint Barthélemy	Louisiana	Naderfurt	996856 Pierce Village	22815
3232	432	Eritrea	Arkansas	Brayanstad	957876 Nelda Corners	47656-3082
3233	433	Western Sahara	North Dakota	North Port Maritzaview	518967 Scarlett Plaza	17548
3234	434	Mozambique	Minnesota	South Port Zellaborough	269750 Edward Summit	57320
3235	435	Ethiopia	Alabama	West Port Thurmanmouth	770175 Dario Camp	27441
3236	436	Northern Mariana Islands	Florida	VonRuedenside	304293 Little Trace	21440
3237	437	Spain	New Jersey	West Port Darrickmouth	261937 Trantow Orchard	68481-5424
3238	438	Uruguay	Florida	Shaniaberg	303147 Schowalter Extensions	17585
3239	439	Vanuatu	Oklahoma	South Port Santinamouth	805774 Collier Pike	76415
3240	440	Germany	Colorado	Wuckerthaven	734722 Armand Ville	61845
3241	441	French Guiana	Kansas	South New Kendrick	786046 Kulas Place	58526-7160
3242	442	Philippines	New York	East Lake Hazle	854367 Alanis Brook	88562-1075
3243	443	Dominican Republic	North Carolina	Juanitaview	641500 Ritchie Union	24054
3244	444	France	New Jersey	Effertzland	565843 Jakubowski Rue	28730
3245	445	Ecuador	North Carolina	Medhurstchester	389416 Wilfred Forks	02457
3246	446	Sri Lanka	Indiana	Hesselton	696470 Dusty Shoal	07704-2323
3247	447	Maldives	Alabama	South Port Ludwig	512721 Leuschke Forest	40215
3248	448	Oman	North Carolina	North Lake Tiaraville	94302 Beverly Flats	33421-8403
3249	449	Andorra	Massachusetts	North New Wiltontown	518286 Waters Orchard	26760
3250	450	Fiji	Alaska	East Lake Nathen	205011 Kris Hills	42225-2504
3251	451	Kenya	Illinois	Elnoraborough	337734 Frami Freeway	15501
3252	452	Belize	Vermont	Schimmelbury	165434 Rempel Pike	71083-8440
3253	453	Angola	Montana	Huldaborough	381229 Haley Cape	55278-6452
3254	454	Congo, The Democratic Republic of The	Idaho	Pagacberg	18556 Schiller Bridge	35412-4453
3255	455	Saint Helena, Ascension and Tristan Da Cunha	Rhode Island	North Lake Carsonton	733777 Michelle Center	17804
3256	456	Hong Kong	South Dakota	South New Cruz	237226 Gleichner Cliff	07758
3257	457	Tonga	Nebraska	Lueilwitzside	653769 Annabelle Dam	27376-6508
3258	458	Lithuania	Vermont	Rachelleshire	203504 Nitzsche Hollow	05760-1171
3259	459	Uruguay	Iowa	South Lake Dahliaport	549143 Stanton Land	74360
3260	460	Mayotte	Georgia	Lavernmouth	258455 Lexi Flat	20066
3261	461	Kyrgyzstan	Delaware	Sanfordport	644253 Lawrence Mount	05077-3420
3262	462	Israel	Kentucky	East Port Kamronstad	778206 Shanie Heights	54735-4025
3263	463	Niger	Colorado	South Port Cameron	409479 Hershel Field	71806-7735
3264	464	Kazakhstan	Maryland	West Port Arvid	922758 Feil Station	24762-8643
3265	465	Svalbard and Jan Mayen	Idaho	West Port Kaley	768082 Kathleen Cove	22168
3266	466	Benin	Oregon	Janymouth	102688 O'Reilly Orchard	44546-6026
3267	467	Angola	Kansas	Lefflermouth	148285 Andy Heights	35576-6241
3268	468	Mongolia	Colorado	South New Camrenmouth	198813 Marks Green	84320
3269	469	Solomon Islands	Kentucky	East New Declan	10222 Hoppe Glens	17067-0221
3270	470	Croatia	North Dakota	Dedricktown	966497 Abagail Mountain	60315
3271	471	United Arab Emirates	Kentucky	Chancemouth	370609 Strosin Shores	47364
3272	472	Svalbard and Jan Mayen	Pennsylvania	West New Trystanborough	455018 Schmidt Isle	47561-1250
3273	473	Montenegro	Maryland	East Port Deborahville	399462 Ressie Valley	54380-4246
3274	474	Panama	New Mexico	North Port Jakob	754563 Rath Path	28373
3275	475	Uzbekistan	Idaho	Hyattview	863301 O'Hara Summit	64172
3276	476	Algeria	Arkansas	West Port Garrick	467690 Ferry Pike	50048-4427
3277	477	Honduras	New Hampshire	East New Americomouth	619793 Kole Ferry	46277-1000
3278	478	Yemen	Wisconsin	West New Dustinville	256495 Parisian Rue	38745-1705
3279	479	San Marino	Louisiana	Madonnamouth	799560 Dillon Streets	14062-3264
3280	480	Australia	Oregon	South New Pattiehaven	304518 Enola Walks	53167
3281	481	Cyprus	Ohio	Maximilianstad	59548 Sharon Branch	56371
3282	482	New Caledonia	Louisiana	South Lake Vernmouth	940323 Rau Dale	21375-8533
3283	483	Western Sahara	Mississippi	Dustychester	603186 Kay Pass	78182-0117
3284	484	Turkey	Arkansas	Hansenfort	160654 Reichert Manors	80041-2210
3285	485	Rwanda	Montana	East Lake Brittanyside	341226 Stamm Mount	86006-6117
3286	486	Costa Rica	Oregon	East Port Crystal	940879 Angelo Light	45027-5611
3287	487	Jamaica	Iowa	North Lake Aidastad	376583 Ruecker Common	75411
3288	488	Oman	Georgia	West Port Madelynburgh	70203 Nienow Springs	43364
3289	489	Rwanda	New Mexico	East Port Caterinashire	586180 Angeline Squares	01137
3290	490	Thailand	North Carolina	East Port Lucas	764484 Maggio Land	73775
3291	491	Paraguay	Nevada	North New Jacklyn	153496 Linwood Ways	00577-5322
3292	492	Swaziland	Nevada	Rogerchester	464838 Libbie Fords	46015-0324
3293	493	Trinidad and Tobago	Michigan	West Lake Damianmouth	507276 Oberbrunner Underpass	14401
3294	494	Andorra	Washington	Jenashire	350306 Emmerich Meadow	12865-1518
3295	495	Guinea-Bissau	Pennsylvania	North Lake Vickiefort	113063 Mosciski Rapid	08747-8736
3296	496	Maldives	Nebraska	North Port Janelle	575578 Reymundo Cove	37647
3297	497	United States	North Carolina	South New Rafaela	182748 Kiarra Brook	64380
3298	498	Lao People's Democratic Republic	South Dakota	Davidton	600116 Jennie Flat	37208-2872
3299	499	Guatemala	Louisiana	East New Russelland	251882 Laney Orchard	37514
3300	500	French Guiana	Arkansas	North Lake Lizethville	815007 Ludwig Ramp	66058-2720
3301	501	Bosnia and Herzegovina	Indiana	Demarcusborough	268683 Lemke Coves	40247
3302	502	British Indian Ocean Territory	Florida	Botsfordfurt	373094 Eichmann Villages	64141-2768
3303	503	Solomon Islands	Rhode Island	Troyshire	391823 Kacie Motorway	10681
3304	504	Belize	Arkansas	Streichfort	47428 Hegmann Station	54660-3241
3305	505	Saudi Arabia	Maine	West Lake Mollieburgh	529709 Lilliana Plaza	75584-3036
3306	506	Tajikistan	Colorado	South Port Elyseshire	541121 Rowe Ridges	40451-3505
3307	507	Colombia	Washington	Legrosborough	758680 Collins Views	64365-1014
3308	508	El Salvador	Arizona	Ryleechester	769715 Gutkowski Walk	04113
3309	509	Estonia	Hawaii	Janyhaven	38060 Haleigh Grove	58136
3310	510	Cook Islands	Texas	Marshalltown	560417 Levi Ways	31663
3311	511	Kazakhstan	Hawaii	Hagenesberg	223822 Nelson Ford	12824
3312	512	Mali	New Hampshire	Glovermouth	225857 Matilde Run	22303
3313	513	Mozambique	Oklahoma	Luciousville	472939 Veum Passage	88401-8483
3314	514	Italy	Hawaii	South New Ariannaton	365566 Viviane Green	37756-6356
3315	515	Korea, Democratic People's Republic of	Maine	Artview	77013 Schinner Underpass	24342-6031
3316	516	Finland	Nevada	Schulistmouth	477153 Ebert Villages	45417-0834
3317	517	Canada	Missouri	East New Therese	683025 Clemens Streets	75012-7311
3318	518	Zambia	Florida	East New Scarlett	837301 Rippin Circles	34208
3319	519	Eritrea	Kentucky	East Lake Estellmouth	137593 Harmony Courts	52680-4735
3320	520	China	South Dakota	West Lake Kathryne	554627 Geovanny Falls	18286-7056
3321	521	Sint Maarten (dutch Part)	Oregon	Blickmouth	736962 Vivian Green	67726
3322	522	Burundi	Massachusetts	Schroedermouth	726637 Hermann Mountain	77277-8313
3323	523	Iceland	Kentucky	South Port Paige	845909 Grimes Valley	41342-1640
3324	524	Heard Island and Mcdonald Islands	New Hampshire	Beahanstad	591788 Zachery Hollow	38236
3325	525	Colombia	Florida	Violetteshire	26674 Herman Corners	63747
3326	526	Suriname	Washington	Julianneberg	898082 Hulda Oval	65423-8104
3327	527	China	Texas	Torreybury	612350 Anita Burg	48664
3328	528	Oman	Florida	Davisland	657396 Jan Flats	52501-0381
3329	529	Zimbabwe	Wisconsin	West Lake Marcelshire	131172 Gregoria Place	26083
3330	530	Argentina	Kansas	Harrisshire	925071 Hoeger Trace	12061
3331	531	Myanmar	Hawaii	South Port Silas	896635 Beulah Rue	03330
3332	532	Swaziland	Colorado	North Lake Olga	63279 Frami Club	40543-0633
3333	533	Hong Kong	Wisconsin	South New Rosellaton	360333 Eda Canyon	48835-7214
3334	534	Slovenia	Hawaii	East Port Herminiochester	368863 Leila Extensions	40222
3335	535	Georgia	Utah	Quitzonport	769335 Wilderman Parkways	14143-2522
3336	536	Ireland	North Carolina	Parisbury	638628 Howe Center	15087
3337	537	Cameroon	Illinois	Altenwerthside	385002 Cummerata Dale	01730
3338	538	Malta	Vermont	North Port Heber	151256 Wisozk Keys	85448-5816
3339	539	Saint Pierre and Miquelon	Utah	North Port Kayliechester	373250 Jannie Valleys	51707-8048
3340	540	United Kingdom	New Hampshire	South Lake Crystel	372735 Beier Lake	28862
3341	541	Palestine, State of	Maine	Naderberg	846711 Rolfson Green	44621
3342	542	Pitcairn	New Mexico	Tillmanland	83560 Rhea Well	58607-6170
3343	543	Maldives	Delaware	Violettefurt	46976 Eve Causeway	12314
3344	544	Congo, The Democratic Republic of The	Delaware	Florinehaven	662742 Keagan Gateway	32600
3345	545	Holy See (Vatican City State)	Hawaii	Horacioburgh	442127 Ike Summit	77353-8714
3346	546	Germany	Oregon	Kyleestad	518162 Austen Cliff	32183
3347	547	Ethiopia	Nebraska	Kossstad	672433 Emmerich Mall	34376-7881
3348	548	Pakistan	New York	East New Angelita	463917 Hester Rue	54202
3349	549	Paraguay	Massachusetts	South Lake Aidafort	958428 Gusikowski Plaza	32202-5874
3350	550	Papua New Guinea	Texas	South Port Wilfridland	618558 Eliane Underpass	73541-2216
3351	551	Luxembourg	Missouri	Andreanechester	254665 Destin Falls	22237-5053
3352	552	Timor-leste	Maine	Tateview	514526 Terry Trace	36004-1862
3353	553	Trinidad and Tobago	Montana	Feeneyborough	175626 Trantow Streets	11826
3354	554	Indonesia	Arizona	Schneiderhaven	110738 Hahn Land	51484
3355	555	Hong Kong	Mississippi	East Lake Woodrow	721635 Diego Terrace	62124-8476
3356	556	Australia	South Dakota	Prosaccoview	573519 Gwendolyn Ville	37630-6576
3357	557	Bhutan	West Virginia	North Lake Pedro	23076 Jacobs Green	13223
3358	558	Denmark	Massachusetts	South Lake Winnifred	596938 Roger Ville	32243-4107
3359	559	Namibia	Idaho	Odessaland	463392 Donnelly Trafficway	83604-5211
3360	560	Philippines	Wisconsin	East Lake Demarcusmouth	936833 Timmothy Villages	26211-5623
3361	561	Namibia	Michigan	West Lake Efrain	947974 Eldora Glen	27842-1022
3362	562	Japan	Nebraska	East Lake Olafort	921865 Blick Plain	03716
3363	563	Italy	Minnesota	South New Elnoratown	332792 Hans Ramp	52205-4704
3364	564	Taiwan, Province of China	Rhode Island	East New Madisen	202640 Twila Plain	87431-3418
3365	565	Palau	Utah	South Lake Otiliahaven	605637 Ratke Plain	86504-4015
3366	566	Senegal	Florida	Jaskolskitown	8883 Claudie Court	05301-2254
3367	567	Swaziland	South Carolina	North New Domenick	411496 Farrell Extension	74815
3368	568	Virgin Islands, British	Delaware	Terryborough	631596 Parisian Manor	41118-0325
3369	569	Namibia	Maine	North Port Mertie	649312 Hiram Light	53357-3351
3370	570	Angola	Oklahoma	Framiside	67920 Claire Forks	27701-1433
3371	571	Bahrain	Arizona	West Lake Ernie	194543 Effertz Lakes	46011-5107
3372	572	Venezuela, Bolivarian Republic of	Utah	Rennerstad	694993 Virginia Place	21306
3373	573	South Africa	New Mexico	West Port Adonis	321744 Stehr Track	82522
3374	574	New Caledonia	California	East Port Tomasstad	357970 Ortiz Meadows	18341-6810
3375	575	Wallis and Futuna	Alabama	Thomaston	200710 Volkman Trace	11075
3376	576	New Caledonia	Arkansas	North Port Ernestine	358987 Alec Plains	81586
3377	577	Cayman Islands	Tennessee	Elbertshire	763194 Emard Radial	01314-0721
3378	578	Andorra	Illinois	Reynoldsberg	944222 Geovanny Gardens	34078-1631
3379	579	Tunisia	Vermont	East Lake Alisa	663566 Dave Ferry	84354-3403
3380	580	Åland Islands	Kansas	Maeganchester	472591 Josie Extensions	10045
3381	581	Iraq	Louisiana	Claychester	222279 Maddison Mount	76517-6740
3382	582	Svalbard and Jan Mayen	Texas	Floydview	617863 Leatha Ramp	10873
3383	583	French Polynesia	North Dakota	Emardchester	723306 Schiller Turnpike	17387-2700
3384	584	Saint Lucia	Pennsylvania	North Port Rachel	717254 Nelson Station	47147
3385	585	Algeria	Texas	West Port Dimitri	383661 Dicki Expressway	25715
3386	586	Moldova, Republic of	Tennessee	Garnettland	508637 Devon Fields	20276
3387	587	Angola	Ohio	North Port Kirstin	163165 Hattie Fort	48761-0303
3388	588	Nigeria	Wyoming	Leonelchester	946328 Delia Parks	86165
3389	589	Somalia	New Mexico	West Port Bernie	63817 Lavada Garden	13735-5154
3390	590	Turks and Caicos Islands	Maine	East New Morgan	859655 Nakia Shoals	71162-2617
3391	591	Congo	Washington	Liamberg	549950 Trace Courts	84658-2478
3392	592	Andorra	Missouri	Keeganbury	377376 Rogahn Squares	31833-7131
3393	593	Singapore	Pennsylvania	West Port Liam	59973 Doyle Place	08304
3394	594	Taiwan, Province of China	West Virginia	East Port Claireland	853185 Carey Ramp	06552-8783
3395	595	Togo	Missouri	East New Lorenaville	352195 Jenkins Course	65682-5067
3396	596	Costa Rica	Maine	North Port Adrain	763400 Caleigh Hill	57481-2581
3397	597	Slovakia	New Jersey	Ernestineport	945015 Huels Well	51130
3398	598	Samoa	New Mexico	South Port Art	74442 Weimann Parkway	51108-8037
3399	599	Turks and Caicos Islands	Pennsylvania	West Lake Oswaldoport	439469 Malika Circles	22105-6648
3400	600	Venezuela, Bolivarian Republic of	Tennessee	East Lake Desmondburgh	622920 Waelchi Trafficway	82460-2267
3401	601	Turks and Caicos Islands	Missouri	Enricoberg	408359 Garry Orchard	87157-1558
3402	602	Saint Barthélemy	Arkansas	West Lake Rosariofurt	834967 Olson Islands	36058
3403	603	Oman	Wisconsin	West Port Arjunborough	904502 Gutmann Ridges	67742
3404	604	Peru	Vermont	South New Camilleview	83148 Hilda Cliffs	76034
3405	605	Ukraine	Rhode Island	Kingfort	466190 Herman Landing	38011
3406	606	Oman	Rhode Island	West Port Alanis	458729 Fahey Hills	32736-7082
3407	607	Lao People's Democratic Republic	Kentucky	West Lake Alexandro	839671 Gideon Canyon	50773-5170
3408	608	Djibouti	Mississippi	North Lake Gilbertchester	641093 Delilah Run	01158
3409	609	Gambia	Wisconsin	Beahanhaven	57032 DuBuque Ferry	50217
3410	610	Monaco	Nevada	West Lake Jenamouth	85965 Beer Harbors	04033
3411	611	Cocos (Keeling) Islands	Missouri	South Port Alyceport	206042 Casper Run	56656
3412	612	Cayman Islands	Vermont	Reidtown	359162 Arnoldo Crescent	54381-7063
3413	613	Seychelles	Mississippi	Dibbertside	47762 Jordyn Key	55304
3414	614	Macao	North Dakota	Ernestinaton	470667 Yost Islands	72521-6835
3415	615	Sudan	Alabama	Kolbyshire	366821 Bergstrom Circle	56405-8708
3416	616	Sint Maarten (dutch Part)	Maine	Madisynfurt	162201 Ayla Viaduct	81230
3417	617	Chad	Rhode Island	Hollisland	414485 Willms Estate	08408
3418	618	Libya	Utah	Feeneyfurt	12109 Elmo Circles	62705
3419	619	Niue	California	Tylerview	864975 Kub Row	40460-0153
3420	620	Bahamas	Maine	Grahamfurt	224955 Marks Plain	61004-4623
3421	621	Turks and Caicos Islands	Idaho	East New Deannaburgh	819635 Rosamond Points	80104-2418
3422	622	Micronesia, Federated States of	Pennsylvania	Lockmanville	782648 Adams Extension	27303
3423	623	Bosnia and Herzegovina	Louisiana	South New Leonorachester	752298 Adolfo Drives	17465
3424	624	Malta	Oklahoma	West Lake Lucindafort	519788 Domenica Divide	00373-0081
3425	625	Montenegro	Washington	Greenholtbury	931506 Murphy Forest	37686-7184
3426	626	Turkey	California	West Port Baron	267041 Johns Streets	20322-4481
3427	627	Rwanda	Indiana	East Port Howardtown	541243 Klocko Stravenue	45245
3428	628	Rwanda	Michigan	Hueltown	676897 Kameron Estates	83543-0866
3429	629	Jordan	California	Rennerburgh	790129 Watsica Parkways	45368-2163
3430	630	Switzerland	Nevada	North Lake Ari	147 Freda Underpass	66148
3431	631	French Polynesia	North Carolina	North New Jaylenshire	856568 Roderick Village	33003-1771
3432	632	Madagascar	Louisiana	Kubchester	90751 Ola Estates	58015
3433	633	Serbia	Nebraska	Kyleighview	162719 Joanny Mount	14431-7685
3434	634	French Southern Territories	Nevada	Kiehnview	536741 Madeline Springs	00111-1638
3435	635	Sri Lanka	Kentucky	Tremblayberg	750976 Ernest Viaduct	38685-2528
3436	636	Comoros	Iowa	North Lake Maudeland	352538 Jason Junction	57574-6224
3437	637	Anguilla	Louisiana	South New Christina	2929 Wunsch Forge	36866-0803
3438	638	Haiti	Maine	Raynorshire	682702 Steuber Rapids	43322
3439	639	Iraq	Wisconsin	Abeside	203935 Nitzsche Rue	43074-7801
3440	640	India	Nevada	Amaratown	513118 Xander Causeway	56555
3441	641	Korea, Democratic People's Republic of	South Dakota	Lockmantown	391787 Kulas Valley	35701-1467
3442	642	Saint Martin (french Part)	Georgia	North Lake Bonitaview	823215 Jacobs Forges	68660
3443	643	Nicaragua	Kansas	Rueckerberg	316759 Morissette Rue	81534
3444	644	Singapore	Nevada	West Lake Charlotte	354026 Kohler Rapids	70402-7462
3445	645	Korea, Republic of	Virginia	Enidland	227148 Sigmund Alley	60662-8700
3446	646	Moldova, Republic of	Montana	Quigleyville	213495 Reta Parks	52231
3447	647	Christmas Island	Illinois	Joshborough	341307 Kling Parks	50637-2224
3448	648	Liechtenstein	Connecticut	Marceloton	809836 Cassidy Rapid	78678
3449	649	Bouvet Island	Connecticut	Rashawnborough	726195 Ford Locks	81061
3450	650	Rwanda	Kentucky	Emmybury	662876 Esperanza Loop	61815
3451	651	Hungary	New York	West Port Marcos	203053 Graham Summit	16146
3452	652	Falkland Islands (Malvinas)	South Carolina	West Lake Stacy	485053 Paucek Valleys	70411-1738
3453	653	Turkmenistan	Florida	Chasityshire	760163 Terrance Extensions	80156
3454	654	Heard Island and Mcdonald Islands	Alabama	North Lake Mckayla	812166 Zemlak Forges	32548-6865
3455	655	Sudan	Texas	North Port Jayne	454506 Moore Forge	42548
3456	656	Kenya	Arizona	West New Jed	794178 Kautzer Creek	77831-3535
3457	657	Gabon	Minnesota	Geovanyshire	507012 Emmerich Radial	28603
3458	658	Macedonia, The Former Yugoslav Republic of	Alaska	Uptonton	966851 Becker Neck	26665
3459	659	Papua New Guinea	California	Rueckerstad	894306 Bogan Estates	61523-5357
3460	660	Taiwan, Province of China	Massachusetts	Rydershire	504130 Ahmad Walks	74351
3461	661	United Kingdom	Michigan	West Lake Edyth	541317 Braden Path	52045
3462	662	Croatia	Nevada	Abbottfurt	171831 Dietrich Heights	45053
3463	663	Comoros	Arizona	West New Kacieland	424167 Hessel Extensions	28025-7340
3464	664	Costa Rica	Mississippi	West New Nicola	144827 Stephan Fork	60016
3465	665	Uganda	New Jersey	West New Doris	577617 Juliet Lock	87822-2617
3466	666	Djibouti	Delaware	East Port Marianton	381842 Leannon Common	70656-1660
3467	667	Singapore	Illinois	Jacobitown	629294 Von Motorway	48812-7480
3468	668	Bahrain	Montana	Kingchester	804617 Bauch Brook	75770
3469	669	Bahamas	Pennsylvania	Crystalfort	43002 Jewel Highway	11487-0005
3470	670	Argentina	Montana	Romaguerafurt	727538 Eveline Throughway	04668
3471	671	Cambodia	Arkansas	Marlenville	860153 Monahan Rapids	17057
3472	672	United Arab Emirates	Michigan	Tarynfurt	799886 Morissette Branch	65875
3473	673	Liberia	New Hampshire	North Lake Maximillianmouth	765824 Kade Inlet	75562-3115
3474	674	Virgin Islands, British	Hawaii	North Lake Ettie	237022 Block Bridge	04138
3475	675	Belarus	Nebraska	Carterhaven	122576 Walker Loaf	71010-2103
3476	676	Paraguay	Utah	South New Gretachester	317795 Fahey Estates	05774
3477	677	Montenegro	North Dakota	Archibaldton	556594 Emmerich Path	26187-5615
3478	678	Afghanistan	Idaho	South Lake Hal	68053 Daron Locks	83633
3479	679	United Kingdom	Nevada	Hayesport	624437 Franz Passage	44141-4020
3480	680	Pakistan	Tennessee	Hillardfurt	658996 Edd Union	52104
3481	681	Italy	California	O'Reillyville	427724 Syble Courts	14867-0475
3482	682	United Arab Emirates	Virginia	Jameyside	364920 Roob Viaduct	40356
3483	683	Togo	Pennsylvania	Blickport	369453 Windler Fall	24471
3484	684	Denmark	Minnesota	West Port Joyce	989739 Alvera Ford	65367-3763
3485	685	Egypt	Massachusetts	Ziemannland	135999 Kuhlman Terrace	55015-4866
3486	686	Romania	Illinois	Candicebury	878864 Christ Heights	46020-3224
3487	687	Saint Pierre and Miquelon	Michigan	Kochhaven	732283 Nathan Cove	78204-4607
3488	688	Sint Maarten (dutch Part)	Utah	South Port Hollieport	751522 Icie Creek	88381
3489	689	United Kingdom	North Carolina	South Port Guiseppeport	893686 Jovanny Circles	15146-8265
3490	690	Czech Republic	Wyoming	North Lake Irma	427762 Rice Common	54006-0686
3491	691	Tuvalu	Arkansas	North Port Nedra	403945 Bailey Orchard	62205
3492	692	Bolivia, Plurinational State of	Kentucky	Stoltenbergfurt	657605 Jordi Lights	80052
3493	693	Panama	Rhode Island	Markston	695775 Kuphal Route	31230
3494	694	South Georgia and The South Sandwich Islands	Ohio	East Port Maxmouth	941055 Randy Pine	74503
3495	695	Chad	North Carolina	Carrieborough	169294 Koepp Junctions	35243-4468
3496	696	Timor-leste	Alaska	Josephstad	305892 Elmore Mount	26473
3497	697	Côte d'Ivoire	Washington	North Port Lolamouth	307217 Dorian Cove	02703
3498	698	Qatar	Georgia	North New Mazie	341649 Shanahan Greens	70535
3499	699	Mexico	Oklahoma	Francohaven	717569 Ankunding Lock	77747
3500	700	Japan	Texas	East New Hirambury	792592 Hoppe Park	11330
3501	701	Russian Federation	North Carolina	Windlerview	179082 Annabell Courts	85770
3502	702	Greece	Washington	Boyerburgh	857723 Reichert Harbor	36118
3503	703	Togo	New Mexico	Elishaton	81915 Farrell Course	53326-0146
3504	704	Pitcairn	Washington	East Port Alyciastad	327526 Eden Station	24327-1223
3505	705	Finland	Arizona	North Lake Dave	427953 Stephan Forges	16142
3506	706	Congo	Oklahoma	Zboncakmouth	555602 Mraz Land	88010
3507	707	Bonaire, Sint Eustatius and Saba	Idaho	West Lake Reggiefurt	916886 Asa Fort	63826
3508	708	Zimbabwe	Michigan	Heleneside	873161 Rickey Shore	24538-3018
3509	709	Costa Rica	Maryland	West Lake Josiane	952974 Upton Mission	21865
3510	710	Turks and Caicos Islands	South Dakota	Wunschport	297938 Myah Harbors	46242
3511	711	United Arab Emirates	New York	West Port Newton	24476 Keebler Turnpike	45667
3512	712	Iceland	South Dakota	Kerlukeview	518601 Elmo Heights	53778-3355
3513	713	Switzerland	New Mexico	Ernestfort	937056 Geraldine Plains	47302-5385
3514	714	Greece	Louisiana	South New Brayan	401364 Else Dam	85400-3154
3515	715	Marshall Islands	Louisiana	Alvistown	279460 Dion Ports	41037-4438
3516	716	Italy	Utah	West Port Sister	405008 Anne Radial	63217-5717
3517	717	Timor-leste	Maine	West Port Kaia	204251 Eriberto Passage	12878-3752
3518	718	Faroe Islands	New Jersey	East Lake Richmondbury	905523 Wuckert Station	54462-2225
3519	719	Ethiopia	Virginia	East Port Jada	239495 Ledner Dale	30778
3520	720	Botswana	Ohio	East New Francisco	993021 Mariano Keys	74750
3521	721	Sint Maarten (dutch Part)	Kansas	Luettgenstad	20871 Kessler Light	51466
3522	722	Burkina Faso	Georgia	Littleport	157097 Tara Glens	26437-1770
3523	723	Cyprus	Connecticut	North New Monroeberg	369513 Hilpert Loaf	73552
3524	724	Portugal	Montana	Borerburgh	243722 Zieme Mills	58802-7314
3525	725	Angola	Colorado	East Port Dedricview	727602 Mueller Plaza	83188
3526	726	Saint Barthélemy	Massachusetts	Rebecastad	374120 Hilll Island	28526
3527	727	Tokelau	Tennessee	North New Jamaalbury	874396 Tessie Ferry	83138
3528	728	Saint Helena, Ascension and Tristan Da Cunha	South Dakota	Victoriaton	954891 Cordie Estate	61756-7714
3529	729	Micronesia, Federated States of	Nebraska	North Port Virgil	857496 Rafaela Harbor	10155
3530	730	Hungary	Delaware	Rubyetown	146757 Vivian Road	40847-4300
3531	731	Chile	Arkansas	Trystanville	257037 VonRueden Isle	47613
3532	732	Eritrea	Kansas	North New Kaia	758998 Wilderman Way	45567
3533	733	Venezuela, Bolivarian Republic of	Wisconsin	East New Rosemariehaven	458205 Kenneth Fort	58622
3534	734	Vanuatu	Montana	South Lake Mylene	526710 Prosacco Lake	68168
3535	735	Armenia	New Jersey	Jaquelinfurt	557274 Green Valleys	84608
3536	736	Iceland	Indiana	South Port Nayeli	938686 Lina Via	07046-5083
3537	737	Liechtenstein	New York	North Port Devante	19142 Watsica Garden	34228
3538	738	Zambia	Rhode Island	Carrollfort	182946 Loy Alley	24474
3539	739	Isle of Man	Washington	West Lake Trent	246472 Tromp Mountains	76577-5654
3540	740	Trinidad and Tobago	New Jersey	West Lake Gerardside	488245 Krajcik Route	24521
3541	741	Norfolk Island	Iowa	East Lake Edgarside	123950 Sanford Valley	61428-3113
3542	742	Bhutan	West Virginia	Bergnaumberg	146546 Zelda Haven	06742-3025
3543	743	Niue	Delaware	South Lake Colleenberg	411059 Maia Gateway	84554
3544	744	Pakistan	Idaho	Rodfort	851339 Lemke Cliffs	15480-3750
3545	745	Sri Lanka	Oklahoma	Wisokystad	202808 Candelario Spurs	01685
3546	746	France	Wisconsin	Smithammouth	941915 Nyah Circles	18431-1136
3547	747	Senegal	Alaska	Raulmouth	778878 Cicero Highway	46266-3600
3548	748	Belarus	Wyoming	South Lake Wilbertport	924719 Alayna Union	17785
3549	749	Netherlands	Arizona	Prohaskaview	268313 Rogelio Pines	80454-7522
3550	750	Gibraltar	Massachusetts	Archshire	40857 Alaina Rest	40161-4122
3551	751	French Southern Territories	South Dakota	West New Shana	273468 Turcotte Greens	17486
3552	752	Timor-leste	Alaska	East New Raulfort	549637 Buddy Lane	83224
3553	753	Palestine, State of	Mississippi	Walkerfort	203044 Macy Forks	54147
3554	754	Cape Verde	Arizona	Noemiton	502243 Lisette Overpass	26011
3555	755	Niue	New Hampshire	West New Korey	680402 Roderick Valley	88074-1831
3556	756	Azerbaijan	Iowa	Leorahaven	690478 Koelpin Trafficway	26024
3557	757	Canada	Idaho	Oberbrunnermouth	385637 Schumm Overpass	45826-0111
3558	758	Guinea-Bissau	Delaware	North Port Mathiasside	695146 Fidel Mountains	60166-2244
3559	759	Ecuador	Idaho	Ortizmouth	64631 Ally Avenue	21866-1546
3560	760	Bahamas	Maine	Madisynborough	771226 Jade Course	05703-0537
3561	761	Bulgaria	Maine	Pedroshire	153769 Chaz Freeway	81275-2133
3562	762	Bahamas	North Carolina	Donnellymouth	717001 O'Hara Flat	67202
3563	763	United States	Idaho	Farrellshire	655641 Jaskolski Burgs	32462-7322
3564	764	Croatia	Texas	North New Issacstad	105664 Uriah Place	55720-4401
3565	765	Aruba	Massachusetts	Emardmouth	594057 Micah Branch	86136
3566	766	Kuwait	Indiana	East Port Margaret	573584 Oga Valley	47521-2325
3567	767	Kuwait	Virginia	East New Biankabury	40577 Piper Springs	74834
3568	768	United States	South Carolina	East Lake Ulicesmouth	47377 Fay Road	03637
3569	769	Greenland	Alaska	East Port Kenneth	272519 Yazmin Common	57435-6884
3570	770	Namibia	Virginia	West New Omerton	697454 Abdullah Harbors	75170
3571	771	Portugal	Kansas	Leschmouth	342480 Krajcik Coves	27033-0761
3572	772	Cameroon	Georgia	Elyssamouth	787161 Adams Cliff	82755
3573	773	Bahrain	Nebraska	Sunnyberg	934414 Hollie Walks	21270-8701
3574	774	Moldova, Republic of	Arizona	West Lake Adelle	998792 Michale Rapid	64631
3575	775	Saint Barthélemy	Missouri	Zettaview	855012 Grant Mews	62511
3576	776	Micronesia, Federated States of	Georgia	Chayaville	904294 Grimes Union	84520
3577	777	Gabon	Kansas	South Port Itzel	551694 Mable Oval	80261-7534
3578	778	Niger	Alabama	North New Ottomouth	562104 Dickens Underpass	31516-6471
3579	779	Hungary	Rhode Island	Candidaview	676905 Ortiz Meadow	62022-7811
3580	780	Mexico	Minnesota	East New Tarachester	665910 Mitchell Overpass	56240
3581	781	Eritrea	Texas	Gaylordland	638768 Cortez Gateway	78341
3582	782	China	Minnesota	West Lake Dameon	653042 Kertzmann River	84015
3583	783	Chad	New Hampshire	Gleichnerville	373489 Strosin Hills	31087-5553
3584	784	Turks and Caicos Islands	Oklahoma	Quintenborough	473451 Gladys Valleys	45201-2276
3585	785	Madagascar	Iowa	Hickleview	954871 Dahlia Viaduct	33202
3586	786	Argentina	Nebraska	Delilahfurt	852066 Dagmar Garden	32555
3587	787	South Georgia and The South Sandwich Islands	New Hampshire	West Port Pinkstad	580844 Williamson Parks	21054
3588	788	Cocos (Keeling) Islands	North Carolina	West Lake Alyssonfurt	327337 Steuber Lane	26147-5480
3589	789	Togo	Colorado	Janetberg	17539 Murphy Burgs	74784-4843
3590	790	Bermuda	Colorado	Turcotteview	66068 McClure Orchard	26363
3591	791	Cuba	Alabama	North New Travon	907633 Coty Canyon	85758
3592	792	El Salvador	South Dakota	West Lake Medabury	839629 Brandt Shores	08071
3593	793	Christmas Island	Delaware	East New Lorine	242793 Grayce Inlet	65248
3594	794	Virgin Islands, British	Texas	Rueckerton	467036 Dewayne Springs	37235
3595	795	Armenia	Oregon	East Port Orion	212037 Aisha Camp	54710
3596	796	South Sudan	Vermont	Edwardoside	484959 Carole Coves	32637
3597	797	Armenia	Wisconsin	South New Kirsten	893736 Danika Gardens	33584-1857
3598	798	Vanuatu	Virginia	South Port Veronica	893793 Stamm Track	86287-2616
3599	799	Cook Islands	Idaho	West Lake Orieton	73805 Leonor Parkway	78445
3600	800	Malta	Iowa	North Port Aldaport	33894 Kessler Forge	85415-3002
\.


--
-- Data for Name: admin_user; Type: TABLE DATA; Schema: public; Owner: postgres
--

COPY public.admin_user (id, username, role) FROM stdin;
1	kunze-veda	admin
2	hills.clara	manager
3	will-vella	support
4	mathilde.gutkowski	admin
5	morissette-deborah	manager
6	oran.pouros	support
7	lilyan.feest	admin
8	ritchie.doris	manager
9	bednar.kristofer	support
10	jerad-bode	admin
11	mertz-skyla	manager
12	raina.kohler	support
13	schultz.eliane	admin
14	zemlak_gordon	manager
15	adrian_wolff	support
16	johnson.bruce	admin
17	jennings.dare	manager
18	keshaun_walter	support
19	murazik_mustafa	admin
20	jarvis.lang	manager
21	karianne.grimes	support
22	jaskolski_lucy	admin
23	timothy-swift	manager
24	marilyne.crist	support
25	torphy_stephania	admin
26	ima-larson	manager
27	berenice_fritsch	support
28	cierra.swaniawski	admin
29	baumbach-kaleigh	manager
30	simone-o'hara	support
31	block_hassan	admin
32	erdman.magdalen	manager
33	jess-gerlach	support
34	leone.reinger	admin
35	fadel.isabella	manager
36	annabelle-terry	support
37	gail_bechtelar	admin
38	jedediah.thompson	manager
39	deckow-elyssa	support
40	russel.magdalen	admin
41	omari.kutch	manager
42	dicki-broderick	support
43	gutkowski-cassidy	admin
44	nolan_marjory	manager
45	abshire.kiarra	support
46	rachel_wuckert	admin
47	gisselle-murray	manager
48	karlee_walker	support
49	wilfred_bernier	admin
50	kunde.bradford	manager
51	walsh-marilie	support
52	riley.heller	admin
53	andy_schaefer	manager
54	rolfson-cheyenne	support
55	zola_rolfson	admin
56	trent_bins	manager
57	adela-labadie	support
58	will.harry	admin
59	walker-isac	manager
60	russel.francisco	support
61	skiles.alba	admin
62	shayne_bogisich	manager
63	issac_runolfsson	support
64	kshlerin.janice	admin
65	jessica-schowalter	manager
66	dickinson.frederic	support
67	rath-carlee	admin
68	devin.lang	manager
69	erich-schmeler	support
70	bartell_aniyah	admin
71	monserrate.turner	manager
72	lang_ursula	support
73	fletcher-hessel	admin
74	strosin-stella	manager
75	mcdermott_loren	support
76	ansley_barton	admin
77	odell-bode	manager
78	gutkowski.terry	support
79	dibbert_arvel	admin
80	hettinger.judson	manager
81	bret-schaden	support
82	jacky_harris	admin
83	hahn_jamison	manager
84	doyle-jayda	support
85	karolann-kshlerin	admin
86	wanda-baumbach	manager
87	hettie-o'keefe	support
88	gonzalo_sauer	admin
89	johnnie.stehr	manager
90	yazmin-grady	support
91	hintz-elfrieda	admin
92	geoffrey.hand	manager
93	grady-tremayne	support
94	becker_keenan	admin
95	ferne-cummerata	manager
96	rau.lincoln	support
97	mosciski-esmeralda	admin
98	eula_mraz	manager
99	alison-wisoky	support
100	o'hara-werner	admin
101	andreanne.barton	admin
102	corbin.swaniawski	manager
103	treutel_mariano	support
104	hackett.libby	admin
105	gusikowski_ian	manager
106	simeon.fisher	support
107	roosevelt.hilll	admin
108	lockman_lydia	manager
109	nicolas.landen	support
110	spencer_sigmund	admin
111	jordan_oberbrunner	manager
112	leonard_veum	support
113	thomas.dibbert	admin
114	quitzon_alayna	manager
115	rau-dayana	support
116	beth_douglas	admin
117	kuhn.justine	manager
118	buckridge.laurence	support
119	eddie-hilpert	admin
120	abraham_morar	manager
121	lowe_maymie	support
122	johns.anika	admin
123	ruthe_koelpin	manager
124	kiehn.carol	support
125	candice.hyatt	admin
126	maci-quitzon	manager
127	stiedemann_ericka	support
128	nicholas.simonis	admin
129	sterling-d'amore	manager
130	jana-labadie	support
131	cordie.bechtelar	admin
132	laura-wiegand	manager
133	erdman_shanie	support
134	eunice_lynch	admin
135	lesly-walter	manager
136	rick-hagenes	support
137	runolfsson.aurelia	admin
138	caterina-ullrich	manager
139	hackett.kelton	support
140	lonnie.keebler	admin
141	johnston_angelina	manager
142	veum-ken	support
143	hermann-corrine	admin
144	kessler_tevin	manager
145	hoeger_weston	support
146	yoshiko.hegmann	admin
147	maggio-kurt	manager
148	lind.lukas	support
149	sylvan_emard	admin
150	olson-willow	manager
151	bode_estelle	support
152	schinner_winona	admin
153	humberto-murazik	manager
154	vince.swaniawski	support
155	gerhold-katharina	admin
156	boyer.monty	manager
157	johnson-reyna	support
158	pinkie-ferry	admin
159	rudy_rosenbaum	manager
160	beatty-celia	support
161	elinore.christiansen	admin
162	connor_walsh	manager
163	casper_alba	support
164	reinhold_o'conner	admin
165	blanda.johan	manager
166	jasper-gusikowski	support
167	macy-ledner	admin
168	aurelia-hilpert	manager
169	noel.grimes	support
170	paucek-nigel	admin
171	weston_gutmann	manager
172	oberbrunner.alexandro	support
173	reinger-emiliano	admin
174	corwin-claudia	manager
175	crist_wilfrid	support
176	toy-elnora	admin
177	walker-mariah	manager
178	daniel_bell	support
179	carter.estell	admin
180	yvonne_jones	manager
181	karley.braun	support
182	fredrick.gusikowski	admin
183	shyanne.schowalter	manager
184	satterfield.isom	support
185	langosh.faustino	admin
186	casper_ubaldo	manager
187	anabel_abshire	support
188	elaina.johnson	admin
189	dorian_cruickshank	manager
190	yasmeen.gorczany	support
191	graham.guadalupe	admin
192	raynor_mikayla	manager
193	hulda_wiza	support
194	jakubowski_jennyfer	admin
195	satterfield.kavon	manager
196	tremblay_aylin	support
197	franecki-dayana	admin
198	abigayle_marks	manager
199	champlin-granville	support
200	muller_ashleigh	admin
201	jane.ritchie	admin
202	bernie_mueller	manager
203	kautzer.reece	support
204	hazle_ryan	admin
205	alexie.schamberger	manager
206	lueilwitz_kamille	support
207	strosin-odessa	admin
208	johnson-bertha	manager
209	gerda.pagac	support
210	weimann_fidel	admin
211	holly-morissette	manager
212	ona.dickens	support
213	lang_trinity	admin
214	dino_shanahan	manager
215	schimmel-eliseo	support
216	wiegand_eldred	admin
217	hermann-carley	manager
218	davonte_mckenzie	support
219	mertz_joseph	admin
220	avis-walter	manager
221	graham_elwin	support
222	luther-doyle	admin
223	darby.beatty	manager
224	olson.dewayne	support
225	wisoky-leora	admin
226	pamela.harber	manager
227	mauricio_welch	support
228	robb_rippin	admin
229	gladyce.bernier	manager
230	antwan-schuppe	support
231	bednar-tristin	admin
232	katherine_davis	manager
233	belle_ward	support
234	lue-feil	admin
235	helen-hagenes	manager
236	keenan_krajcik	support
237	gleason_domenick	admin
238	julian_jakubowski	manager
239	sienna.walker	support
240	rachelle.breitenberg	admin
241	eliezer-beatty	manager
242	ward_marilyne	support
243	jessy_stiedemann	admin
244	pollich-claudie	manager
245	nick_hudson	support
246	francesca.aufderhar	admin
247	vita-jast	manager
248	betty_dickinson	support
249	dare.pascale	admin
250	hildegard-mills	manager
251	barrows-beth	support
252	schoen-verlie	admin
253	crona-abagail	manager
254	kohler.lavon	support
255	justina.dicki	admin
256	graham-darrick	manager
257	adriel_funk	support
258	dickinson_ashley	admin
259	hackett_aron	manager
260	parker_jaydon	support
261	otis-rau	admin
262	hamill_danial	manager
263	carli-deckow	support
264	florida-medhurst	admin
265	bartoletti-claude	manager
266	quitzon.janelle	support
267	brekke.golden	admin
268	heidi.bednar	manager
269	tina-simonis	support
270	jay_bechtelar	admin
271	d'amore_britney	manager
272	terry_justine	support
273	garnett.lesch	admin
274	haag_adriel	manager
275	langworth_mark	support
276	lowe_oren	admin
277	bailey.willy	manager
278	volkman-demario	support
279	eliezer_zulauf	admin
280	ankunding.shanel	manager
281	ernser.cynthia	support
282	sister-mccullough	admin
283	farrell.rodger	manager
284	labadie_antonette	support
285	hayden_treutel	admin
286	sydnie-purdy	manager
287	zieme.max	support
288	klocko-webster	admin
289	legros_aubree	manager
290	hailee_sipes	support
291	pamela-bartoletti	admin
292	melvin-dicki	manager
293	rice_gustavo	support
294	marlin-purdy	admin
295	beatrice.durgan	manager
296	mann-herbert	support
297	rempel-raquel	admin
298	d'angelo.schimmel	manager
299	grady_prohaska	support
300	hamill-jefferey	admin
301	opal_d'amore	admin
302	evangeline_keeling	manager
303	kassulke_ramon	support
304	desmond.powlowski	admin
305	wiza_kayleigh	manager
306	jewess.holden	support
307	jonas_bruen	admin
308	micah.morar	manager
309	wiegand_valerie	support
310	kemmer.bernice	admin
311	gennaro.bogisich	manager
312	kertzmann-shanel	support
313	michele-d'amore	admin
314	cecil.von	manager
315	ransom.weber	support
316	judd_swaniawski	admin
317	bauch-titus	manager
318	schoen.elza	support
319	hermann_malachi	admin
320	audrey.rath	manager
321	eladio.davis	support
322	rowe.carleton	admin
323	markus-breitenberg	manager
324	christa_flatley	support
325	cassin-ethel	admin
326	robel-reinhold	manager
327	abshire.nedra	support
328	kenya.becker	admin
329	rempel.clay	manager
330	hettinger_edd	support
331	ladarius-ondricka	admin
332	homenick.gerry	manager
333	alberta-cremin	support
334	bauch-isac	admin
335	morar.landen	manager
336	collier.jerrod	support
337	cummings.unique	admin
338	enrique-hermann	manager
339	luettgen-shaun	support
340	bailee-dietrich	admin
341	reichel.carolyn	manager
342	matilde.fay	support
343	walker_reilly	admin
344	zion-west	manager
345	herzog_ken	support
346	jammie_prohaska	admin
347	okuneva-nigel	manager
348	wallace-white	support
349	sipes-elenora	admin
350	clarabelle-jaskolski	manager
351	haven-bergstrom	support
352	margaret-berge	admin
353	alex_corkery	manager
354	herman_heaney	support
355	emilia.volkman	admin
356	friesen_hector	manager
357	winifred_hand	support
358	nelda_kunde	admin
359	mallie.block	manager
360	crist.andrew	support
361	angelina.spinka	admin
362	jalen.kihn	manager
363	howell_haag	support
364	wilma_oberbrunner	admin
365	cole-nakia	manager
366	kris-penelope	support
367	franecki.billie	admin
368	wolff-reymundo	manager
369	amir-hand	support
370	juana_hessel	admin
371	pacocha-javon	manager
372	sadye.bednar	support
373	brekke_roberta	admin
374	durgan.frederik	manager
375	jewess.litzy	support
376	lilian.wilderman	admin
377	paucek_geovany	manager
378	gutmann.stewart	support
379	windler.koby	admin
380	santa.kutch	manager
381	hudson-granville	support
382	auer.westley	admin
383	ortiz-dayna	manager
384	kaylie_carroll	support
385	silas-lockman	admin
386	smitham.pierre	manager
387	crooks.lea	support
388	hettie-hickle	admin
389	o'kon_toby	manager
390	corwin_candido	support
391	audie_doyle	admin
392	michel-towne	manager
393	anabel_grimes	support
394	darryl-senger	admin
395	white_rigoberto	manager
396	labadie_casandra	support
397	dickinson-merlin	admin
398	lawrence-ruecker	manager
399	schroeder_stephany	support
400	theresia-schiller	admin
401	skiles_courtney	admin
402	destany_swift	manager
403	borer-amely	support
404	becker.marilie	admin
405	murray_jarod	manager
406	bode-khalil	support
407	estefania.bartell	admin
408	maximus.homenick	manager
409	stracke.dayton	support
410	abbigail-white	admin
411	gerlach-lesley	manager
412	grimes-lorenz	support
413	maryjane.koepp	admin
414	swaniawski-maureen	manager
415	briana_tillman	support
416	beatty.deangelo	admin
417	collins.reagan	manager
418	swift_isom	support
419	konopelski.clotilde	admin
420	madyson.mertz	manager
421	purdy_montana	support
422	burley-rice	admin
423	kathryn_schmitt	manager
424	howell.darlene	support
425	adolf.quitzon	admin
426	o'conner.maida	manager
427	mertz-joana	support
428	yvonne.brown	admin
429	weber_eveline	manager
430	carrie-marvin	support
431	schmeler_ruben	admin
432	welch_alyson	manager
433	haylee.rutherford	support
434	laurel-bartell	admin
435	smith_marjolaine	manager
436	kathlyn.sauer	support
437	yundt_jose	admin
438	nakia-o'reilly	manager
439	gleason_oma	support
440	domenico_mayert	admin
441	ada-torphy	manager
442	orland-labadie	support
443	florian.reichert	admin
444	o'connell_arielle	manager
445	okuneva-pauline	support
446	richie.lesch	admin
447	oberbrunner.allison	manager
448	volkman_carlotta	support
449	harris.oceane	admin
450	schaefer_don	manager
451	watsica-berta	support
452	crystel_huels	admin
453	dicki-jany	manager
454	bode_giovanni	support
455	pollich.isabell	admin
456	considine_lempi	manager
457	doyle-lulu	support
458	osvaldo.schimmel	admin
459	davon.gerlach	manager
460	littel_linnie	support
461	rutherford_bridgette	admin
462	cummerata-marcos	manager
463	yoshiko.stokes	support
464	brakus-stewart	admin
465	murphy.derick	manager
466	rutherford_sally	support
467	lee.hermann	admin
468	buckridge_blair	manager
469	nader_paul	support
470	gunner.konopelski	admin
471	cornell-gulgowski	manager
472	schuppe_loyal	support
473	donnelly-michele	admin
474	dubuque.ted	manager
475	lueilwitz.marcelle	support
476	tiana.runolfsdottir	admin
477	dickinson-grayce	manager
478	rowe.kraig	support
479	uriah_cruickshank	admin
480	cloyd_kohler	manager
481	moises-jones	support
482	heidenreich-velva	admin
483	berge_jameson	manager
484	theresia_steuber	support
485	josue.stamm	admin
486	ward_willis	manager
487	walter_alfred	support
488	domenic-konopelski	admin
489	lavinia.treutel	manager
490	elody-wuckert	support
491	andre-green	admin
492	pagac-alena	manager
493	luella.o'conner	support
494	furman.gislason	admin
495	doyle-clifford	manager
496	boyer-carey	support
497	catherine-jerde	admin
498	noah_bednar	manager
499	shields-jadyn	support
500	makayla-koepp	admin
501	elnora-romaguera	admin
502	kshlerin.rigoberto	manager
503	davonte_schmeler	support
504	gaylord.bernie	admin
505	dibbert-danial	manager
506	josiane-ferry	support
507	schiller-tony	admin
508	antone_lesch	manager
509	smith.quinten	support
510	orlo.hermiston	admin
511	cassin-evan	manager
512	abernathy-devan	support
513	jerome.miller	admin
514	rahul_rippin	manager
515	moen-kennedi	support
516	lauretta_schowalter	admin
517	goodwin-reyes	manager
518	clinton-pfannerstill	support
519	hauck_linda	admin
520	ahmed-becker	manager
521	augustus_goldner	support
522	howe_lilyan	admin
523	jesse.weissnat	manager
524	nelle.runolfsdottir	support
525	raquel.robel	admin
526	ziemann_deborah	manager
527	sylvan_hegmann	support
528	mario.farrell	admin
529	bogisich.dorothy	manager
530	domenick_ward	support
531	kuhn_frieda	admin
532	marley_hudson	manager
533	parisian-jaqueline	support
534	marc_wilkinson	admin
535	schaefer-lon	manager
536	lubowitz.laney	support
537	howell-kylee	admin
538	pacocha-rashad	manager
539	dillon_nienow	support
540	bosco.izabella	admin
541	dexter_streich	manager
542	corwin.alda	support
543	ima-dickens	admin
544	rippin_hanna	manager
545	medhurst.louie	support
546	raheem_toy	admin
547	lorena-deckow	manager
548	holden-homenick	support
549	dibbert-maud	admin
550	haag.kevin	manager
551	cheyenne_bahringer	support
552	olson.trent	admin
553	eladio-rath	manager
554	gordon_baumbach	support
555	herminio_swaniawski	admin
556	tyson-wuckert	manager
557	josephine.cruickshank	support
558	ratke-karlee	admin
559	stoltenberg-barton	manager
560	glover.elwyn	support
561	rempel_emmet	admin
562	urban_hills	manager
563	dee.berge	support
564	hickle_jordy	admin
565	misty_wiza	manager
566	parisian.lavon	support
567	arnulfo_flatley	admin
568	lori.brekke	manager
569	wehner.ardith	support
570	fred_glover	admin
571	bernadine.mills	manager
572	misty.reichert	support
573	mona-robel	admin
574	mark_jacobs	manager
575	seth.emard	support
576	tremblay-florida	admin
577	jacobi-veda	manager
578	rau_larue	support
579	zita_bergstrom	admin
580	milan.harvey	manager
581	cruickshank.nora	support
582	corwin.nikko	admin
583	pouros_eleanora	manager
584	goldner-luz	support
585	runolfsson.nona	admin
586	lisa-hansen	manager
587	frami-candice	support
588	shanahan-jessika	admin
589	reba-powlowski	manager
590	santina_kunze	support
591	arjun-howe	admin
592	gutmann-frieda	manager
593	ratke.brook	support
594	asa.mante	admin
595	dena_thiel	manager
596	jennyfer-pollich	support
597	olson_chad	admin
598	nadia.kreiger	manager
599	andrew-brown	support
600	xavier-nicolas	admin
601	price.ricardo	admin
602	kirlin.melyssa	manager
603	georgiana-mclaughlin	support
604	murphy.gonzalo	admin
605	gorczany-wilson	manager
606	noemie-schmeler	support
607	devonte_hettinger	admin
608	laila.sauer	manager
609	green_johan	support
610	maggio.maximus	admin
611	ledner.ruth	manager
612	jazmin_franecki	support
613	tiara_murphy	admin
614	sydni.hickle	manager
615	wintheiser_eusebio	support
616	champlin_lamar	admin
617	nitzsche_cassandre	manager
618	kunde_ramiro	support
619	ebert-daphney	admin
620	earnest_fay	manager
621	harber-fay	support
622	mabel-johns	admin
623	jeromy-ebert	manager
624	goldner.jerald	support
625	dora_bauch	admin
626	hudson_leopold	manager
627	schiller.genesis	support
628	april.johnson	admin
629	towne.jennifer	manager
630	owen_cummerata	support
631	buddy_johnston	admin
632	nitzsche_gustavo	manager
633	garfield_keeling	support
634	carmine_tromp	admin
635	hudson.hannah	manager
636	ward-kaitlyn	support
637	moses.senger	admin
638	keira_aufderhar	manager
639	howard.beahan	support
640	torphy.quinn	admin
641	raynor-titus	manager
642	will-cameron	support
643	turcotte_boris	admin
644	ivah-gerlach	manager
645	durgan.carley	support
646	parker-marvin	admin
647	kuhn-rhea	manager
648	mertz_evelyn	support
649	bartholome_lueilwitz	admin
650	hailie_boehm	manager
651	celine.herzog	support
652	verlie_jacobson	admin
653	satterfield_denis	manager
654	colten-kihn	support
655	gabriella_stiedemann	admin
656	charlie_padberg	manager
657	zora_hane	support
658	christopher_hayes	admin
659	gennaro_reilly	manager
660	tanner-brekke	support
661	kattie.muller	admin
662	hilll.ethel	manager
663	jonatan-marks	support
664	nienow-jaunita	admin
665	shayna.hilll	manager
666	schmitt.emmet	support
667	torphy-melba	admin
668	buckridge.abbigail	manager
669	torrey.thiel	support
670	duncan_waters	admin
671	ryan_carmella	manager
672	lupe.rutherford	support
673	della.schuster	admin
674	kristina_jenkins	manager
675	farrell.damian	support
676	bette_lueilwitz	admin
677	catherine_leuschke	manager
678	edgardo-strosin	support
679	randal.goodwin	admin
680	o'keefe-sarina	manager
681	juliana.schaden	support
682	leatha-kertzmann	admin
683	padberg_maci	manager
684	amely.sanford	support
685	dee-collier	admin
686	caterina-hane	manager
687	becker.jordane	support
688	o'connell.columbus	admin
689	bennie.wehner	manager
690	lubowitz.haleigh	support
691	thiel-mozelle	admin
692	fadel.roscoe	manager
693	wilbert.baumbach	support
694	fadel_maye	admin
695	hadley.swaniawski	manager
696	flavie_gutmann	support
697	kub.alphonso	admin
698	kellie.hagenes	manager
699	marks.tremaine	support
700	garnet.schinner	admin
701	robbie_halvorson	admin
702	henriette.zboncak	manager
703	kamryn-cremin	support
704	ara_batz	admin
705	elmer-sporer	manager
706	vandervort-jazmyn	support
707	mante_janiya	admin
708	weber-maverick	manager
709	pat.wilkinson	support
710	gerlach_fatima	admin
711	hamill_gertrude	manager
712	william-kassulke	support
713	little-micheal	admin
714	stanton.nash	manager
715	weber-grant	support
716	lurline_flatley	admin
717	joshua-homenick	manager
718	fisher_vince	support
719	jaunita-windler	admin
720	walker_araceli	manager
721	evert_marvin	support
722	noe.rodriguez	admin
723	danial-hermiston	manager
724	francesco_dickens	support
725	heaney_kathlyn	admin
726	otilia.jacobi	manager
727	pattie-bergnaum	support
728	schinner-susan	admin
729	quigley-santiago	manager
730	morar-waldo	support
731	little-ronaldo	admin
732	ibrahim.weissnat	manager
733	shanel_keebler	support
734	brakus.garrett	admin
735	rosemary_botsford	manager
736	reinger-assunta	support
737	magnolia.kihn	admin
738	felicia_weissnat	manager
739	gerhold_jamar	support
740	o'kon.ernestine	admin
741	dickinson_alanis	manager
742	bergstrom.rose	support
743	krystel.hane	admin
744	stroman_bart	manager
745	pouros_golden	support
746	conroy_leilani	admin
747	natalie-bogan	manager
748	thora-pollich	support
749	lesly.roberts	admin
750	murray_mckayla	manager
751	penelope_gottlieb	support
752	xavier-dibbert	admin
753	quitzon_mackenzie	manager
754	cummerata-cleora	support
755	mcdermott-claudie	admin
756	ambrose-morissette	manager
757	greyson-pollich	support
758	elmo-rolfson	admin
759	aufderhar_forrest	manager
760	kiehn.adelia	support
761	candice.wilkinson	admin
762	jedidiah_o'connell	manager
763	magdalena_kerluke	support
764	krystel-boyle	admin
765	mraz_vicenta	manager
766	lubowitz_gregorio	support
767	maggie-kozey	admin
768	nathanial-veum	manager
769	beer_lucas	support
770	feil.fern	admin
771	tromp-mozelle	manager
772	rosie-baumbach	support
773	hauck-spencer	admin
774	eino-king	manager
775	barrett-bergstrom	support
776	rodriguez.marlene	admin
777	deven.langosh	manager
778	heidenreich.jaclyn	support
779	effertz.ova	admin
780	horacio.koepp	manager
781	quinton.luettgen	support
782	emily_durgan	admin
783	sawayn.olga	manager
784	vincenzo-quigley	support
785	manuela.abbott	admin
786	kozey_alexandre	manager
787	antonietta-cummerata	support
788	runolfsson-emiliano	admin
789	raphael-schuster	manager
790	sporer_denis	support
791	kiley-okuneva	admin
792	block-lila	manager
793	lindgren.jacinthe	support
794	arnaldo.runolfsson	admin
795	gutkowski-angelo	manager
796	otto.king	support
797	calista_jenkins	admin
798	charlene.funk	manager
799	braulio.rice	support
800	kamren_block	admin
\.


--
-- Data for Name: cart; Type: TABLE DATA; Schema: public; Owner: postgres
--

COPY public.cart (id, customer_id) FROM stdin;
1	1
2	2
3	3
4	4
5	5
6	6
7	7
8	8
9	9
10	10
11	11
12	12
13	13
14	14
15	15
16	16
17	17
18	18
19	19
20	20
21	21
22	22
23	23
24	24
25	25
26	26
27	27
28	28
29	29
30	30
31	31
32	32
33	33
34	34
35	35
36	36
37	37
38	38
39	39
40	40
41	41
42	42
43	43
44	44
45	45
46	46
47	47
48	48
49	49
50	50
51	51
52	52
53	53
54	54
55	55
56	56
57	57
58	58
59	59
60	60
61	61
62	62
63	63
64	64
65	65
66	66
67	67
68	68
69	69
70	70
71	71
72	72
73	73
74	74
75	75
76	76
77	77
78	78
79	79
80	80
81	81
82	82
83	83
84	84
85	85
86	86
87	87
88	88
89	89
90	90
91	91
92	92
93	93
94	94
95	95
96	96
97	97
98	98
99	99
100	100
101	1
102	2
103	3
104	4
105	5
106	6
107	7
108	8
109	9
110	10
111	11
112	12
113	13
114	14
115	15
116	16
117	17
118	18
119	19
120	20
121	21
122	22
123	23
124	24
125	25
126	26
127	27
128	28
129	29
130	30
131	31
132	32
133	33
134	34
135	35
136	36
137	37
138	38
139	39
140	40
141	41
142	42
143	43
144	44
145	45
146	46
147	47
148	48
149	49
150	50
151	51
152	52
153	53
154	54
155	55
156	56
157	57
158	58
159	59
160	60
161	61
162	62
163	63
164	64
165	65
166	66
167	67
168	68
169	69
170	70
171	71
172	72
173	73
174	74
175	75
176	76
177	77
178	78
179	79
180	80
181	81
182	82
183	83
184	84
185	85
186	86
187	87
188	88
189	89
190	90
191	91
192	92
193	93
194	94
195	95
196	96
197	97
198	98
199	99
200	100
201	101
202	102
203	103
204	104
205	105
206	106
207	107
208	108
209	109
210	110
211	111
212	112
213	113
214	114
215	115
216	116
217	117
218	118
219	119
220	120
221	121
222	122
223	123
224	124
225	125
226	126
227	127
228	128
229	129
230	130
231	131
232	132
233	133
234	134
235	135
236	136
237	137
238	138
239	139
240	140
241	141
242	142
243	143
244	144
245	145
246	146
247	147
248	148
249	149
250	150
251	151
252	152
253	153
254	154
255	155
256	156
257	157
258	158
259	159
260	160
261	161
262	162
263	163
264	164
265	165
266	166
267	167
268	168
269	169
270	170
271	171
272	172
273	173
274	174
275	175
276	176
277	177
278	178
279	179
280	180
281	181
282	182
283	183
284	184
285	185
286	186
287	187
288	188
289	189
290	190
291	191
292	192
293	193
294	194
295	195
296	196
297	197
298	198
299	199
300	200
301	1
302	2
303	3
304	4
305	5
306	6
307	7
308	8
309	9
310	10
311	11
312	12
313	13
314	14
315	15
316	16
317	17
318	18
319	19
320	20
321	21
322	22
323	23
324	24
325	25
326	26
327	27
328	28
329	29
330	30
331	31
332	32
333	33
334	34
335	35
336	36
337	37
338	38
339	39
340	40
341	41
342	42
343	43
344	44
345	45
346	46
347	47
348	48
349	49
350	50
351	51
352	52
353	53
354	54
355	55
356	56
357	57
358	58
359	59
360	60
361	61
362	62
363	63
364	64
365	65
366	66
367	67
368	68
369	69
370	70
371	71
372	72
373	73
374	74
375	75
376	76
377	77
378	78
379	79
380	80
381	81
382	82
383	83
384	84
385	85
386	86
387	87
388	88
389	89
390	90
391	91
392	92
393	93
394	94
395	95
396	96
397	97
398	98
399	99
400	100
401	101
402	102
403	103
404	104
405	105
406	106
407	107
408	108
409	109
410	110
411	111
412	112
413	113
414	114
415	115
416	116
417	117
418	118
419	119
420	120
421	121
422	122
423	123
424	124
425	125
426	126
427	127
428	128
429	129
430	130
431	131
432	132
433	133
434	134
435	135
436	136
437	137
438	138
439	139
440	140
441	141
442	142
443	143
444	144
445	145
446	146
447	147
448	148
449	149
450	150
451	151
452	152
453	153
454	154
455	155
456	156
457	157
458	158
459	159
460	160
461	161
462	162
463	163
464	164
465	165
466	166
467	167
468	168
469	169
470	170
471	171
472	172
473	173
474	174
475	175
476	176
477	177
478	178
479	179
480	180
481	181
482	182
483	183
484	184
485	185
486	186
487	187
488	188
489	189
490	190
491	191
492	192
493	193
494	194
495	195
496	196
497	197
498	198
499	199
500	200
501	201
502	202
503	203
504	204
505	205
506	206
507	207
508	208
509	209
510	210
511	211
512	212
513	213
514	214
515	215
516	216
517	217
518	218
519	219
520	220
521	221
522	222
523	223
524	224
525	225
526	226
527	227
528	228
529	229
530	230
531	231
532	232
533	233
534	234
535	235
536	236
537	237
538	238
539	239
540	240
541	241
542	242
543	243
544	244
545	245
546	246
547	247
548	248
549	249
550	250
551	251
552	252
553	253
554	254
555	255
556	256
557	257
558	258
559	259
560	260
561	261
562	262
563	263
564	264
565	265
566	266
567	267
568	268
569	269
570	270
571	271
572	272
573	273
574	274
575	275
576	276
577	277
578	278
579	279
580	280
581	281
582	282
583	283
584	284
585	285
586	286
587	287
588	288
589	289
590	290
591	291
592	292
593	293
594	294
595	295
596	296
597	297
598	298
599	299
600	300
601	1
602	2
603	3
604	4
605	5
606	6
607	7
608	8
609	9
610	10
611	11
612	12
613	13
614	14
615	15
616	16
617	17
618	18
619	19
620	20
621	21
622	22
623	23
624	24
625	25
626	26
627	27
628	28
629	29
630	30
631	31
632	32
633	33
634	34
635	35
636	36
637	37
638	38
639	39
640	40
641	41
642	42
643	43
644	44
645	45
646	46
647	47
648	48
649	49
650	50
651	51
652	52
653	53
654	54
655	55
656	56
657	57
658	58
659	59
660	60
661	61
662	62
663	63
664	64
665	65
666	66
667	67
668	68
669	69
670	70
671	71
672	72
673	73
674	74
675	75
676	76
677	77
678	78
679	79
680	80
681	81
682	82
683	83
684	84
685	85
686	86
687	87
688	88
689	89
690	90
691	91
692	92
693	93
694	94
695	95
696	96
697	97
698	98
699	99
700	100
701	101
702	102
703	103
704	104
705	105
706	106
707	107
708	108
709	109
710	110
711	111
712	112
713	113
714	114
715	115
716	116
717	117
718	118
719	119
720	120
721	121
722	122
723	123
724	124
725	125
726	126
727	127
728	128
729	129
730	130
731	131
732	132
733	133
734	134
735	135
736	136
737	137
738	138
739	139
740	140
741	141
742	142
743	143
744	144
745	145
746	146
747	147
748	148
749	149
750	150
751	151
752	152
753	153
754	154
755	155
756	156
757	157
758	158
759	159
760	160
761	161
762	162
763	163
764	164
765	165
766	166
767	167
768	168
769	169
770	170
771	171
772	172
773	173
774	174
775	175
776	176
777	177
778	178
779	179
780	180
781	181
782	182
783	183
784	184
785	185
786	186
787	187
788	188
789	189
790	190
791	191
792	192
793	193
794	194
795	195
796	196
797	197
798	198
799	199
800	200
801	201
802	202
803	203
804	204
805	205
806	206
807	207
808	208
809	209
810	210
811	211
812	212
813	213
814	214
815	215
816	216
817	217
818	218
819	219
820	220
821	221
822	222
823	223
824	224
825	225
826	226
827	227
828	228
829	229
830	230
831	231
832	232
833	233
834	234
835	235
836	236
837	237
838	238
839	239
840	240
841	241
842	242
843	243
844	244
845	245
846	246
847	247
848	248
849	249
850	250
851	251
852	252
853	253
854	254
855	255
856	256
857	257
858	258
859	259
860	260
861	261
862	262
863	263
864	264
865	265
866	266
867	267
868	268
869	269
870	270
871	271
872	272
873	273
874	274
875	275
876	276
877	277
878	278
879	279
880	280
881	281
882	282
883	283
884	284
885	285
886	286
887	287
888	288
889	289
890	290
891	291
892	292
893	293
894	294
895	295
896	296
897	297
898	298
899	299
900	300
901	301
902	302
903	303
904	304
905	305
906	306
907	307
908	308
909	309
910	310
911	311
912	312
913	313
914	314
915	315
916	316
917	317
918	318
919	319
920	320
921	321
922	322
923	323
924	324
925	325
926	326
927	327
928	328
929	329
930	330
931	331
932	332
933	333
934	334
935	335
936	336
937	337
938	338
939	339
940	340
941	341
942	342
943	343
944	344
945	345
946	346
947	347
948	348
949	349
950	350
951	351
952	352
953	353
954	354
955	355
956	356
957	357
958	358
959	359
960	360
961	361
962	362
963	363
964	364
965	365
966	366
967	367
968	368
969	369
970	370
971	371
972	372
973	373
974	374
975	375
976	376
977	377
978	378
979	379
980	380
981	381
982	382
983	383
984	384
985	385
986	386
987	387
988	388
989	389
990	390
991	391
992	392
993	393
994	394
995	395
996	396
997	397
998	398
999	399
1000	400
1001	1
1002	2
1003	3
1004	4
1005	5
1006	6
1007	7
1008	8
1009	9
1010	10
1011	11
1012	12
1013	13
1014	14
1015	15
1016	16
1017	17
1018	18
1019	19
1020	20
1021	21
1022	22
1023	23
1024	24
1025	25
1026	26
1027	27
1028	28
1029	29
1030	30
1031	31
1032	32
1033	33
1034	34
1035	35
1036	36
1037	37
1038	38
1039	39
1040	40
1041	41
1042	42
1043	43
1044	44
1045	45
1046	46
1047	47
1048	48
1049	49
1050	50
1051	51
1052	52
1053	53
1054	54
1055	55
1056	56
1057	57
1058	58
1059	59
1060	60
1061	61
1062	62
1063	63
1064	64
1065	65
1066	66
1067	67
1068	68
1069	69
1070	70
1071	71
1072	72
1073	73
1074	74
1075	75
1076	76
1077	77
1078	78
1079	79
1080	80
1081	81
1082	82
1083	83
1084	84
1085	85
1086	86
1087	87
1088	88
1089	89
1090	90
1091	91
1092	92
1093	93
1094	94
1095	95
1096	96
1097	97
1098	98
1099	99
1100	100
1101	101
1102	102
1103	103
1104	104
1105	105
1106	106
1107	107
1108	108
1109	109
1110	110
1111	111
1112	112
1113	113
1114	114
1115	115
1116	116
1117	117
1118	118
1119	119
1120	120
1121	121
1122	122
1123	123
1124	124
1125	125
1126	126
1127	127
1128	128
1129	129
1130	130
1131	131
1132	132
1133	133
1134	134
1135	135
1136	136
1137	137
1138	138
1139	139
1140	140
1141	141
1142	142
1143	143
1144	144
1145	145
1146	146
1147	147
1148	148
1149	149
1150	150
1151	151
1152	152
1153	153
1154	154
1155	155
1156	156
1157	157
1158	158
1159	159
1160	160
1161	161
1162	162
1163	163
1164	164
1165	165
1166	166
1167	167
1168	168
1169	169
1170	170
1171	171
1172	172
1173	173
1174	174
1175	175
1176	176
1177	177
1178	178
1179	179
1180	180
1181	181
1182	182
1183	183
1184	184
1185	185
1186	186
1187	187
1188	188
1189	189
1190	190
1191	191
1192	192
1193	193
1194	194
1195	195
1196	196
1197	197
1198	198
1199	199
1200	200
1201	201
1202	202
1203	203
1204	204
1205	205
1206	206
1207	207
1208	208
1209	209
1210	210
1211	211
1212	212
1213	213
1214	214
1215	215
1216	216
1217	217
1218	218
1219	219
1220	220
1221	221
1222	222
1223	223
1224	224
1225	225
1226	226
1227	227
1228	228
1229	229
1230	230
1231	231
1232	232
1233	233
1234	234
1235	235
1236	236
1237	237
1238	238
1239	239
1240	240
1241	241
1242	242
1243	243
1244	244
1245	245
1246	246
1247	247
1248	248
1249	249
1250	250
1251	251
1252	252
1253	253
1254	254
1255	255
1256	256
1257	257
1258	258
1259	259
1260	260
1261	261
1262	262
1263	263
1264	264
1265	265
1266	266
1267	267
1268	268
1269	269
1270	270
1271	271
1272	272
1273	273
1274	274
1275	275
1276	276
1277	277
1278	278
1279	279
1280	280
1281	281
1282	282
1283	283
1284	284
1285	285
1286	286
1287	287
1288	288
1289	289
1290	290
1291	291
1292	292
1293	293
1294	294
1295	295
1296	296
1297	297
1298	298
1299	299
1300	300
1301	301
1302	302
1303	303
1304	304
1305	305
1306	306
1307	307
1308	308
1309	309
1310	310
1311	311
1312	312
1313	313
1314	314
1315	315
1316	316
1317	317
1318	318
1319	319
1320	320
1321	321
1322	322
1323	323
1324	324
1325	325
1326	326
1327	327
1328	328
1329	329
1330	330
1331	331
1332	332
1333	333
1334	334
1335	335
1336	336
1337	337
1338	338
1339	339
1340	340
1341	341
1342	342
1343	343
1344	344
1345	345
1346	346
1347	347
1348	348
1349	349
1350	350
1351	351
1352	352
1353	353
1354	354
1355	355
1356	356
1357	357
1358	358
1359	359
1360	360
1361	361
1362	362
1363	363
1364	364
1365	365
1366	366
1367	367
1368	368
1369	369
1370	370
1371	371
1372	372
1373	373
1374	374
1375	375
1376	376
1377	377
1378	378
1379	379
1380	380
1381	381
1382	382
1383	383
1384	384
1385	385
1386	386
1387	387
1388	388
1389	389
1390	390
1391	391
1392	392
1393	393
1394	394
1395	395
1396	396
1397	397
1398	398
1399	399
1400	400
1401	401
1402	402
1403	403
1404	404
1405	405
1406	406
1407	407
1408	408
1409	409
1410	410
1411	411
1412	412
1413	413
1414	414
1415	415
1416	416
1417	417
1418	418
1419	419
1420	420
1421	421
1422	422
1423	423
1424	424
1425	425
1426	426
1427	427
1428	428
1429	429
1430	430
1431	431
1432	432
1433	433
1434	434
1435	435
1436	436
1437	437
1438	438
1439	439
1440	440
1441	441
1442	442
1443	443
1444	444
1445	445
1446	446
1447	447
1448	448
1449	449
1450	450
1451	451
1452	452
1453	453
1454	454
1455	455
1456	456
1457	457
1458	458
1459	459
1460	460
1461	461
1462	462
1463	463
1464	464
1465	465
1466	466
1467	467
1468	468
1469	469
1470	470
1471	471
1472	472
1473	473
1474	474
1475	475
1476	476
1477	477
1478	478
1479	479
1480	480
1481	481
1482	482
1483	483
1484	484
1485	485
1486	486
1487	487
1488	488
1489	489
1490	490
1491	491
1492	492
1493	493
1494	494
1495	495
1496	496
1497	497
1498	498
1499	499
1500	500
1501	1
1502	2
1503	3
1504	4
1505	5
1506	6
1507	7
1508	8
1509	9
1510	10
1511	11
1512	12
1513	13
1514	14
1515	15
1516	16
1517	17
1518	18
1519	19
1520	20
1521	21
1522	22
1523	23
1524	24
1525	25
1526	26
1527	27
1528	28
1529	29
1530	30
1531	31
1532	32
1533	33
1534	34
1535	35
1536	36
1537	37
1538	38
1539	39
1540	40
1541	41
1542	42
1543	43
1544	44
1545	45
1546	46
1547	47
1548	48
1549	49
1550	50
1551	51
1552	52
1553	53
1554	54
1555	55
1556	56
1557	57
1558	58
1559	59
1560	60
1561	61
1562	62
1563	63
1564	64
1565	65
1566	66
1567	67
1568	68
1569	69
1570	70
1571	71
1572	72
1573	73
1574	74
1575	75
1576	76
1577	77
1578	78
1579	79
1580	80
1581	81
1582	82
1583	83
1584	84
1585	85
1586	86
1587	87
1588	88
1589	89
1590	90
1591	91
1592	92
1593	93
1594	94
1595	95
1596	96
1597	97
1598	98
1599	99
1600	100
1601	101
1602	102
1603	103
1604	104
1605	105
1606	106
1607	107
1608	108
1609	109
1610	110
1611	111
1612	112
1613	113
1614	114
1615	115
1616	116
1617	117
1618	118
1619	119
1620	120
1621	121
1622	122
1623	123
1624	124
1625	125
1626	126
1627	127
1628	128
1629	129
1630	130
1631	131
1632	132
1633	133
1634	134
1635	135
1636	136
1637	137
1638	138
1639	139
1640	140
1641	141
1642	142
1643	143
1644	144
1645	145
1646	146
1647	147
1648	148
1649	149
1650	150
1651	151
1652	152
1653	153
1654	154
1655	155
1656	156
1657	157
1658	158
1659	159
1660	160
1661	161
1662	162
1663	163
1664	164
1665	165
1666	166
1667	167
1668	168
1669	169
1670	170
1671	171
1672	172
1673	173
1674	174
1675	175
1676	176
1677	177
1678	178
1679	179
1680	180
1681	181
1682	182
1683	183
1684	184
1685	185
1686	186
1687	187
1688	188
1689	189
1690	190
1691	191
1692	192
1693	193
1694	194
1695	195
1696	196
1697	197
1698	198
1699	199
1700	200
1701	201
1702	202
1703	203
1704	204
1705	205
1706	206
1707	207
1708	208
1709	209
1710	210
1711	211
1712	212
1713	213
1714	214
1715	215
1716	216
1717	217
1718	218
1719	219
1720	220
1721	221
1722	222
1723	223
1724	224
1725	225
1726	226
1727	227
1728	228
1729	229
1730	230
1731	231
1732	232
1733	233
1734	234
1735	235
1736	236
1737	237
1738	238
1739	239
1740	240
1741	241
1742	242
1743	243
1744	244
1745	245
1746	246
1747	247
1748	248
1749	249
1750	250
1751	251
1752	252
1753	253
1754	254
1755	255
1756	256
1757	257
1758	258
1759	259
1760	260
1761	261
1762	262
1763	263
1764	264
1765	265
1766	266
1767	267
1768	268
1769	269
1770	270
1771	271
1772	272
1773	273
1774	274
1775	275
1776	276
1777	277
1778	278
1779	279
1780	280
1781	281
1782	282
1783	283
1784	284
1785	285
1786	286
1787	287
1788	288
1789	289
1790	290
1791	291
1792	292
1793	293
1794	294
1795	295
1796	296
1797	297
1798	298
1799	299
1800	300
1801	301
1802	302
1803	303
1804	304
1805	305
1806	306
1807	307
1808	308
1809	309
1810	310
1811	311
1812	312
1813	313
1814	314
1815	315
1816	316
1817	317
1818	318
1819	319
1820	320
1821	321
1822	322
1823	323
1824	324
1825	325
1826	326
1827	327
1828	328
1829	329
1830	330
1831	331
1832	332
1833	333
1834	334
1835	335
1836	336
1837	337
1838	338
1839	339
1840	340
1841	341
1842	342
1843	343
1844	344
1845	345
1846	346
1847	347
1848	348
1849	349
1850	350
1851	351
1852	352
1853	353
1854	354
1855	355
1856	356
1857	357
1858	358
1859	359
1860	360
1861	361
1862	362
1863	363
1864	364
1865	365
1866	366
1867	367
1868	368
1869	369
1870	370
1871	371
1872	372
1873	373
1874	374
1875	375
1876	376
1877	377
1878	378
1879	379
1880	380
1881	381
1882	382
1883	383
1884	384
1885	385
1886	386
1887	387
1888	388
1889	389
1890	390
1891	391
1892	392
1893	393
1894	394
1895	395
1896	396
1897	397
1898	398
1899	399
1900	400
1901	401
1902	402
1903	403
1904	404
1905	405
1906	406
1907	407
1908	408
1909	409
1910	410
1911	411
1912	412
1913	413
1914	414
1915	415
1916	416
1917	417
1918	418
1919	419
1920	420
1921	421
1922	422
1923	423
1924	424
1925	425
1926	426
1927	427
1928	428
1929	429
1930	430
1931	431
1932	432
1933	433
1934	434
1935	435
1936	436
1937	437
1938	438
1939	439
1940	440
1941	441
1942	442
1943	443
1944	444
1945	445
1946	446
1947	447
1948	448
1949	449
1950	450
1951	451
1952	452
1953	453
1954	454
1955	455
1956	456
1957	457
1958	458
1959	459
1960	460
1961	461
1962	462
1963	463
1964	464
1965	465
1966	466
1967	467
1968	468
1969	469
1970	470
1971	471
1972	472
1973	473
1974	474
1975	475
1976	476
1977	477
1978	478
1979	479
1980	480
1981	481
1982	482
1983	483
1984	484
1985	485
1986	486
1987	487
1988	488
1989	489
1990	490
1991	491
1992	492
1993	493
1994	494
1995	495
1996	496
1997	497
1998	498
1999	499
2000	500
2001	501
2002	502
2003	503
2004	504
2005	505
2006	506
2007	507
2008	508
2009	509
2010	510
2011	511
2012	512
2013	513
2014	514
2015	515
2016	516
2017	517
2018	518
2019	519
2020	520
2021	521
2022	522
2023	523
2024	524
2025	525
2026	526
2027	527
2028	528
2029	529
2030	530
2031	531
2032	532
2033	533
2034	534
2035	535
2036	536
2037	537
2038	538
2039	539
2040	540
2041	541
2042	542
2043	543
2044	544
2045	545
2046	546
2047	547
2048	548
2049	549
2050	550
2051	551
2052	552
2053	553
2054	554
2055	555
2056	556
2057	557
2058	558
2059	559
2060	560
2061	561
2062	562
2063	563
2064	564
2065	565
2066	566
2067	567
2068	568
2069	569
2070	570
2071	571
2072	572
2073	573
2074	574
2075	575
2076	576
2077	577
2078	578
2079	579
2080	580
2081	581
2082	582
2083	583
2084	584
2085	585
2086	586
2087	587
2088	588
2089	589
2090	590
2091	591
2092	592
2093	593
2094	594
2095	595
2096	596
2097	597
2098	598
2099	599
2100	600
2101	1
2102	2
2103	3
2104	4
2105	5
2106	6
2107	7
2108	8
2109	9
2110	10
2111	11
2112	12
2113	13
2114	14
2115	15
2116	16
2117	17
2118	18
2119	19
2120	20
2121	21
2122	22
2123	23
2124	24
2125	25
2126	26
2127	27
2128	28
2129	29
2130	30
2131	31
2132	32
2133	33
2134	34
2135	35
2136	36
2137	37
2138	38
2139	39
2140	40
2141	41
2142	42
2143	43
2144	44
2145	45
2146	46
2147	47
2148	48
2149	49
2150	50
2151	51
2152	52
2153	53
2154	54
2155	55
2156	56
2157	57
2158	58
2159	59
2160	60
2161	61
2162	62
2163	63
2164	64
2165	65
2166	66
2167	67
2168	68
2169	69
2170	70
2171	71
2172	72
2173	73
2174	74
2175	75
2176	76
2177	77
2178	78
2179	79
2180	80
2181	81
2182	82
2183	83
2184	84
2185	85
2186	86
2187	87
2188	88
2189	89
2190	90
2191	91
2192	92
2193	93
2194	94
2195	95
2196	96
2197	97
2198	98
2199	99
2200	100
2201	101
2202	102
2203	103
2204	104
2205	105
2206	106
2207	107
2208	108
2209	109
2210	110
2211	111
2212	112
2213	113
2214	114
2215	115
2216	116
2217	117
2218	118
2219	119
2220	120
2221	121
2222	122
2223	123
2224	124
2225	125
2226	126
2227	127
2228	128
2229	129
2230	130
2231	131
2232	132
2233	133
2234	134
2235	135
2236	136
2237	137
2238	138
2239	139
2240	140
2241	141
2242	142
2243	143
2244	144
2245	145
2246	146
2247	147
2248	148
2249	149
2250	150
2251	151
2252	152
2253	153
2254	154
2255	155
2256	156
2257	157
2258	158
2259	159
2260	160
2261	161
2262	162
2263	163
2264	164
2265	165
2266	166
2267	167
2268	168
2269	169
2270	170
2271	171
2272	172
2273	173
2274	174
2275	175
2276	176
2277	177
2278	178
2279	179
2280	180
2281	181
2282	182
2283	183
2284	184
2285	185
2286	186
2287	187
2288	188
2289	189
2290	190
2291	191
2292	192
2293	193
2294	194
2295	195
2296	196
2297	197
2298	198
2299	199
2300	200
2301	201
2302	202
2303	203
2304	204
2305	205
2306	206
2307	207
2308	208
2309	209
2310	210
2311	211
2312	212
2313	213
2314	214
2315	215
2316	216
2317	217
2318	218
2319	219
2320	220
2321	221
2322	222
2323	223
2324	224
2325	225
2326	226
2327	227
2328	228
2329	229
2330	230
2331	231
2332	232
2333	233
2334	234
2335	235
2336	236
2337	237
2338	238
2339	239
2340	240
2341	241
2342	242
2343	243
2344	244
2345	245
2346	246
2347	247
2348	248
2349	249
2350	250
2351	251
2352	252
2353	253
2354	254
2355	255
2356	256
2357	257
2358	258
2359	259
2360	260
2361	261
2362	262
2363	263
2364	264
2365	265
2366	266
2367	267
2368	268
2369	269
2370	270
2371	271
2372	272
2373	273
2374	274
2375	275
2376	276
2377	277
2378	278
2379	279
2380	280
2381	281
2382	282
2383	283
2384	284
2385	285
2386	286
2387	287
2388	288
2389	289
2390	290
2391	291
2392	292
2393	293
2394	294
2395	295
2396	296
2397	297
2398	298
2399	299
2400	300
2401	301
2402	302
2403	303
2404	304
2405	305
2406	306
2407	307
2408	308
2409	309
2410	310
2411	311
2412	312
2413	313
2414	314
2415	315
2416	316
2417	317
2418	318
2419	319
2420	320
2421	321
2422	322
2423	323
2424	324
2425	325
2426	326
2427	327
2428	328
2429	329
2430	330
2431	331
2432	332
2433	333
2434	334
2435	335
2436	336
2437	337
2438	338
2439	339
2440	340
2441	341
2442	342
2443	343
2444	344
2445	345
2446	346
2447	347
2448	348
2449	349
2450	350
2451	351
2452	352
2453	353
2454	354
2455	355
2456	356
2457	357
2458	358
2459	359
2460	360
2461	361
2462	362
2463	363
2464	364
2465	365
2466	366
2467	367
2468	368
2469	369
2470	370
2471	371
2472	372
2473	373
2474	374
2475	375
2476	376
2477	377
2478	378
2479	379
2480	380
2481	381
2482	382
2483	383
2484	384
2485	385
2486	386
2487	387
2488	388
2489	389
2490	390
2491	391
2492	392
2493	393
2494	394
2495	395
2496	396
2497	397
2498	398
2499	399
2500	400
2501	401
2502	402
2503	403
2504	404
2505	405
2506	406
2507	407
2508	408
2509	409
2510	410
2511	411
2512	412
2513	413
2514	414
2515	415
2516	416
2517	417
2518	418
2519	419
2520	420
2521	421
2522	422
2523	423
2524	424
2525	425
2526	426
2527	427
2528	428
2529	429
2530	430
2531	431
2532	432
2533	433
2534	434
2535	435
2536	436
2537	437
2538	438
2539	439
2540	440
2541	441
2542	442
2543	443
2544	444
2545	445
2546	446
2547	447
2548	448
2549	449
2550	450
2551	451
2552	452
2553	453
2554	454
2555	455
2556	456
2557	457
2558	458
2559	459
2560	460
2561	461
2562	462
2563	463
2564	464
2565	465
2566	466
2567	467
2568	468
2569	469
2570	470
2571	471
2572	472
2573	473
2574	474
2575	475
2576	476
2577	477
2578	478
2579	479
2580	480
2581	481
2582	482
2583	483
2584	484
2585	485
2586	486
2587	487
2588	488
2589	489
2590	490
2591	491
2592	492
2593	493
2594	494
2595	495
2596	496
2597	497
2598	498
2599	499
2600	500
2601	501
2602	502
2603	503
2604	504
2605	505
2606	506
2607	507
2608	508
2609	509
2610	510
2611	511
2612	512
2613	513
2614	514
2615	515
2616	516
2617	517
2618	518
2619	519
2620	520
2621	521
2622	522
2623	523
2624	524
2625	525
2626	526
2627	527
2628	528
2629	529
2630	530
2631	531
2632	532
2633	533
2634	534
2635	535
2636	536
2637	537
2638	538
2639	539
2640	540
2641	541
2642	542
2643	543
2644	544
2645	545
2646	546
2647	547
2648	548
2649	549
2650	550
2651	551
2652	552
2653	553
2654	554
2655	555
2656	556
2657	557
2658	558
2659	559
2660	560
2661	561
2662	562
2663	563
2664	564
2665	565
2666	566
2667	567
2668	568
2669	569
2670	570
2671	571
2672	572
2673	573
2674	574
2675	575
2676	576
2677	577
2678	578
2679	579
2680	580
2681	581
2682	582
2683	583
2684	584
2685	585
2686	586
2687	587
2688	588
2689	589
2690	590
2691	591
2692	592
2693	593
2694	594
2695	595
2696	596
2697	597
2698	598
2699	599
2700	600
2701	601
2702	602
2703	603
2704	604
2705	605
2706	606
2707	607
2708	608
2709	609
2710	610
2711	611
2712	612
2713	613
2714	614
2715	615
2716	616
2717	617
2718	618
2719	619
2720	620
2721	621
2722	622
2723	623
2724	624
2725	625
2726	626
2727	627
2728	628
2729	629
2730	630
2731	631
2732	632
2733	633
2734	634
2735	635
2736	636
2737	637
2738	638
2739	639
2740	640
2741	641
2742	642
2743	643
2744	644
2745	645
2746	646
2747	647
2748	648
2749	649
2750	650
2751	651
2752	652
2753	653
2754	654
2755	655
2756	656
2757	657
2758	658
2759	659
2760	660
2761	661
2762	662
2763	663
2764	664
2765	665
2766	666
2767	667
2768	668
2769	669
2770	670
2771	671
2772	672
2773	673
2774	674
2775	675
2776	676
2777	677
2778	678
2779	679
2780	680
2781	681
2782	682
2783	683
2784	684
2785	685
2786	686
2787	687
2788	688
2789	689
2790	690
2791	691
2792	692
2793	693
2794	694
2795	695
2796	696
2797	697
2798	698
2799	699
2800	700
2801	1
2802	2
2803	3
2804	4
2805	5
2806	6
2807	7
2808	8
2809	9
2810	10
2811	11
2812	12
2813	13
2814	14
2815	15
2816	16
2817	17
2818	18
2819	19
2820	20
2821	21
2822	22
2823	23
2824	24
2825	25
2826	26
2827	27
2828	28
2829	29
2830	30
2831	31
2832	32
2833	33
2834	34
2835	35
2836	36
2837	37
2838	38
2839	39
2840	40
2841	41
2842	42
2843	43
2844	44
2845	45
2846	46
2847	47
2848	48
2849	49
2850	50
2851	51
2852	52
2853	53
2854	54
2855	55
2856	56
2857	57
2858	58
2859	59
2860	60
2861	61
2862	62
2863	63
2864	64
2865	65
2866	66
2867	67
2868	68
2869	69
2870	70
2871	71
2872	72
2873	73
2874	74
2875	75
2876	76
2877	77
2878	78
2879	79
2880	80
2881	81
2882	82
2883	83
2884	84
2885	85
2886	86
2887	87
2888	88
2889	89
2890	90
2891	91
2892	92
2893	93
2894	94
2895	95
2896	96
2897	97
2898	98
2899	99
2900	100
2901	101
2902	102
2903	103
2904	104
2905	105
2906	106
2907	107
2908	108
2909	109
2910	110
2911	111
2912	112
2913	113
2914	114
2915	115
2916	116
2917	117
2918	118
2919	119
2920	120
2921	121
2922	122
2923	123
2924	124
2925	125
2926	126
2927	127
2928	128
2929	129
2930	130
2931	131
2932	132
2933	133
2934	134
2935	135
2936	136
2937	137
2938	138
2939	139
2940	140
2941	141
2942	142
2943	143
2944	144
2945	145
2946	146
2947	147
2948	148
2949	149
2950	150
2951	151
2952	152
2953	153
2954	154
2955	155
2956	156
2957	157
2958	158
2959	159
2960	160
2961	161
2962	162
2963	163
2964	164
2965	165
2966	166
2967	167
2968	168
2969	169
2970	170
2971	171
2972	172
2973	173
2974	174
2975	175
2976	176
2977	177
2978	178
2979	179
2980	180
2981	181
2982	182
2983	183
2984	184
2985	185
2986	186
2987	187
2988	188
2989	189
2990	190
2991	191
2992	192
2993	193
2994	194
2995	195
2996	196
2997	197
2998	198
2999	199
3000	200
3001	201
3002	202
3003	203
3004	204
3005	205
3006	206
3007	207
3008	208
3009	209
3010	210
3011	211
3012	212
3013	213
3014	214
3015	215
3016	216
3017	217
3018	218
3019	219
3020	220
3021	221
3022	222
3023	223
3024	224
3025	225
3026	226
3027	227
3028	228
3029	229
3030	230
3031	231
3032	232
3033	233
3034	234
3035	235
3036	236
3037	237
3038	238
3039	239
3040	240
3041	241
3042	242
3043	243
3044	244
3045	245
3046	246
3047	247
3048	248
3049	249
3050	250
3051	251
3052	252
3053	253
3054	254
3055	255
3056	256
3057	257
3058	258
3059	259
3060	260
3061	261
3062	262
3063	263
3064	264
3065	265
3066	266
3067	267
3068	268
3069	269
3070	270
3071	271
3072	272
3073	273
3074	274
3075	275
3076	276
3077	277
3078	278
3079	279
3080	280
3081	281
3082	282
3083	283
3084	284
3085	285
3086	286
3087	287
3088	288
3089	289
3090	290
3091	291
3092	292
3093	293
3094	294
3095	295
3096	296
3097	297
3098	298
3099	299
3100	300
3101	301
3102	302
3103	303
3104	304
3105	305
3106	306
3107	307
3108	308
3109	309
3110	310
3111	311
3112	312
3113	313
3114	314
3115	315
3116	316
3117	317
3118	318
3119	319
3120	320
3121	321
3122	322
3123	323
3124	324
3125	325
3126	326
3127	327
3128	328
3129	329
3130	330
3131	331
3132	332
3133	333
3134	334
3135	335
3136	336
3137	337
3138	338
3139	339
3140	340
3141	341
3142	342
3143	343
3144	344
3145	345
3146	346
3147	347
3148	348
3149	349
3150	350
3151	351
3152	352
3153	353
3154	354
3155	355
3156	356
3157	357
3158	358
3159	359
3160	360
3161	361
3162	362
3163	363
3164	364
3165	365
3166	366
3167	367
3168	368
3169	369
3170	370
3171	371
3172	372
3173	373
3174	374
3175	375
3176	376
3177	377
3178	378
3179	379
3180	380
3181	381
3182	382
3183	383
3184	384
3185	385
3186	386
3187	387
3188	388
3189	389
3190	390
3191	391
3192	392
3193	393
3194	394
3195	395
3196	396
3197	397
3198	398
3199	399
3200	400
3201	401
3202	402
3203	403
3204	404
3205	405
3206	406
3207	407
3208	408
3209	409
3210	410
3211	411
3212	412
3213	413
3214	414
3215	415
3216	416
3217	417
3218	418
3219	419
3220	420
3221	421
3222	422
3223	423
3224	424
3225	425
3226	426
3227	427
3228	428
3229	429
3230	430
3231	431
3232	432
3233	433
3234	434
3235	435
3236	436
3237	437
3238	438
3239	439
3240	440
3241	441
3242	442
3243	443
3244	444
3245	445
3246	446
3247	447
3248	448
3249	449
3250	450
3251	451
3252	452
3253	453
3254	454
3255	455
3256	456
3257	457
3258	458
3259	459
3260	460
3261	461
3262	462
3263	463
3264	464
3265	465
3266	466
3267	467
3268	468
3269	469
3270	470
3271	471
3272	472
3273	473
3274	474
3275	475
3276	476
3277	477
3278	478
3279	479
3280	480
3281	481
3282	482
3283	483
3284	484
3285	485
3286	486
3287	487
3288	488
3289	489
3290	490
3291	491
3292	492
3293	493
3294	494
3295	495
3296	496
3297	497
3298	498
3299	499
3300	500
3301	501
3302	502
3303	503
3304	504
3305	505
3306	506
3307	507
3308	508
3309	509
3310	510
3311	511
3312	512
3313	513
3314	514
3315	515
3316	516
3317	517
3318	518
3319	519
3320	520
3321	521
3322	522
3323	523
3324	524
3325	525
3326	526
3327	527
3328	528
3329	529
3330	530
3331	531
3332	532
3333	533
3334	534
3335	535
3336	536
3337	537
3338	538
3339	539
3340	540
3341	541
3342	542
3343	543
3344	544
3345	545
3346	546
3347	547
3348	548
3349	549
3350	550
3351	551
3352	552
3353	553
3354	554
3355	555
3356	556
3357	557
3358	558
3359	559
3360	560
3361	561
3362	562
3363	563
3364	564
3365	565
3366	566
3367	567
3368	568
3369	569
3370	570
3371	571
3372	572
3373	573
3374	574
3375	575
3376	576
3377	577
3378	578
3379	579
3380	580
3381	581
3382	582
3383	583
3384	584
3385	585
3386	586
3387	587
3388	588
3389	589
3390	590
3391	591
3392	592
3393	593
3394	594
3395	595
3396	596
3397	597
3398	598
3399	599
3400	600
3401	601
3402	602
3403	603
3404	604
3405	605
3406	606
3407	607
3408	608
3409	609
3410	610
3411	611
3412	612
3413	613
3414	614
3415	615
3416	616
3417	617
3418	618
3419	619
3420	620
3421	621
3422	622
3423	623
3424	624
3425	625
3426	626
3427	627
3428	628
3429	629
3430	630
3431	631
3432	632
3433	633
3434	634
3435	635
3436	636
3437	637
3438	638
3439	639
3440	640
3441	641
3442	642
3443	643
3444	644
3445	645
3446	646
3447	647
3448	648
3449	649
3450	650
3451	651
3452	652
3453	653
3454	654
3455	655
3456	656
3457	657
3458	658
3459	659
3460	660
3461	661
3462	662
3463	663
3464	664
3465	665
3466	666
3467	667
3468	668
3469	669
3470	670
3471	671
3472	672
3473	673
3474	674
3475	675
3476	676
3477	677
3478	678
3479	679
3480	680
3481	681
3482	682
3483	683
3484	684
3485	685
3486	686
3487	687
3488	688
3489	689
3490	690
3491	691
3492	692
3493	693
3494	694
3495	695
3496	696
3497	697
3498	698
3499	699
3500	700
3501	701
3502	702
3503	703
3504	704
3505	705
3506	706
3507	707
3508	708
3509	709
3510	710
3511	711
3512	712
3513	713
3514	714
3515	715
3516	716
3517	717
3518	718
3519	719
3520	720
3521	721
3522	722
3523	723
3524	724
3525	725
3526	726
3527	727
3528	728
3529	729
3530	730
3531	731
3532	732
3533	733
3534	734
3535	735
3536	736
3537	737
3538	738
3539	739
3540	740
3541	741
3542	742
3543	743
3544	744
3545	745
3546	746
3547	747
3548	748
3549	749
3550	750
3551	751
3552	752
3553	753
3554	754
3555	755
3556	756
3557	757
3558	758
3559	759
3560	760
3561	761
3562	762
3563	763
3564	764
3565	765
3566	766
3567	767
3568	768
3569	769
3570	770
3571	771
3572	772
3573	773
3574	774
3575	775
3576	776
3577	777
3578	778
3579	779
3580	780
3581	781
3582	782
3583	783
3584	784
3585	785
3586	786
3587	787
3588	788
3589	789
3590	790
3591	791
3592	792
3593	793
3594	794
3595	795
3596	796
3597	797
3598	798
3599	799
3600	800
\.


--
-- Data for Name: cart_item; Type: TABLE DATA; Schema: public; Owner: postgres
--

COPY public.cart_item (cart_id, product_id, quantity) FROM stdin;
11	81	2
79	19	3
78	75	1
63	63	2
25	95	4
98	42	1
62	8	4
78	91	2
100	27	3
95	74	1
47	99	2
44	16	1
97	66	4
37	14	4
64	58	1
98	41	1
39	52	3
76	20	1
43	56	1
3	24	2
65	91	2
72	16	4
21	47	2
69	24	4
30	27	4
97	6	1
41	37	4
65	52	1
79	24	2
54	48	3
46	75	4
70	15	1
96	71	4
20	59	1
87	54	3
93	100	4
48	14	4
69	88	1
69	32	1
35	44	4
72	73	4
46	51	1
60	39	1
72	8	4
90	29	2
43	31	2
94	66	4
68	70	4
1	29	4
23	34	4
88	32	3
60	4	1
29	16	4
62	82	2
93	63	2
75	6	4
63	93	3
12	99	2
82	97	3
65	50	4
62	57	4
61	64	4
62	64	2
92	93	4
61	48	4
98	67	1
50	31	1
31	29	2
48	100	1
1	57	1
100	66	2
51	86	3
64	91	4
22	100	2
79	2	3
63	86	1
45	95	2
60	36	2
57	43	3
37	71	4
76	64	1
32	90	3
98	22	3
6	3	4
73	62	4
51	9	4
78	59	2
90	94	1
100	41	2
60	29	1
47	36	3
24	84	1
55	36	2
33	78	4
6	1	3
99	90	1
1	5	3
83	40	2
100	20	4
15	38	3
216	71	4
194	54	3
92	100	4
200	196	3
45	44	1
225	5	2
65	94	1
66	173	1
153	139	2
66	154	2
87	19	1
94	127	1
88	40	4
147	105	2
100	75	3
98	164	3
295	162	3
242	117	3
166	7	3
120	110	2
59	199	1
113	180	3
103	80	4
9	59	1
242	165	1
240	127	4
108	103	2
1	130	2
123	169	4
231	107	3
274	63	1
264	125	2
25	185	4
117	114	1
263	94	3
31	112	3
24	101	2
33	51	2
133	41	1
182	14	1
195	19	3
217	138	2
186	167	3
68	25	4
140	28	3
70	194	2
150	151	3
152	173	4
206	95	1
162	35	2
199	198	2
83	132	1
256	55	2
38	160	3
122	84	3
57	32	2
119	4	1
164	161	3
293	80	3
112	25	4
88	14	2
237	129	1
201	198	1
127	11	2
60	78	4
256	19	1
34	107	3
255	93	4
132	132	1
295	37	3
60	123	4
136	17	3
23	150	4
254	161	4
182	102	1
152	43	4
59	57	3
92	54	4
285	60	1
135	10	3
167	21	1
279	22	2
165	102	4
2	37	4
1	136	4
126	66	4
190	78	3
185	75	1
291	145	4
4	129	3
32	188	2
90	121	3
125	152	1
227	59	2
212	58	4
35	190	3
136	134	2
143	191	3
218	17	2
186	134	2
278	224	4
503	3	1
262	121	1
229	292	4
297	33	2
518	73	3
128	6	2
399	256	2
10	260	2
293	138	1
14	264	2
268	33	1
306	283	2
294	141	2
77	169	1
309	290	2
202	87	1
124	209	1
491	45	3
175	299	2
278	276	2
293	77	2
105	109	3
517	220	4
111	230	1
573	97	2
95	135	4
277	49	1
198	8	1
375	201	1
141	177	4
196	101	4
187	45	1
369	61	3
494	169	4
418	15	1
10	138	2
151	207	4
541	238	3
122	200	1
200	217	1
507	83	4
79	100	4
111	119	2
109	244	4
187	280	2
431	266	3
358	92	1
521	79	1
595	27	1
335	96	3
457	56	1
464	202	1
499	65	1
153	207	4
486	141	2
68	141	3
207	82	3
324	152	4
2	196	2
418	106	3
375	9	4
350	238	2
40	58	1
594	215	3
217	53	3
565	277	1
286	250	1
530	242	2
170	246	1
379	71	2
43	253	1
541	93	3
535	32	1
147	171	1
135	227	3
102	251	1
382	51	4
466	171	3
478	8	4
1	241	2
596	249	1
560	102	4
344	74	1
457	72	3
102	190	2
510	249	2
259	115	1
284	264	2
400	13	4
190	162	2
256	50	4
396	119	4
229	110	3
197	263	2
263	106	2
166	160	4
522	52	4
268	189	4
458	195	3
448	169	2
391	159	4
659	18	1
779	335	2
633	318	3
831	218	1
114	233	4
394	349	1
19	296	2
87	155	2
35	349	2
783	237	4
111	396	1
724	179	4
963	282	1
988	113	4
619	78	4
567	237	1
633	354	1
172	39	1
221	218	1
834	72	4
212	183	1
428	175	3
589	193	3
666	278	1
776	71	3
70	130	2
474	326	2
865	51	1
149	389	3
630	100	3
834	340	1
953	148	3
631	235	3
717	370	1
749	339	3
43	158	4
91	292	4
722	73	1
315	311	3
139	287	2
482	162	2
400	395	3
217	274	3
797	283	4
236	336	3
899	308	3
60	326	3
493	397	2
922	225	4
446	157	4
38	233	1
922	252	4
495	198	3
309	174	4
529	296	1
542	72	4
437	371	1
337	152	1
850	94	2
230	260	3
935	181	4
682	253	4
95	310	2
182	16	3
411	211	3
731	185	3
92	386	4
707	266	4
273	70	3
187	319	1
672	382	2
40	56	1
422	80	3
720	295	3
650	128	3
263	208	2
282	359	4
418	135	4
284	309	3
750	166	4
810	75	4
859	310	1
449	68	4
887	263	2
542	339	4
172	257	1
478	77	4
23	206	4
761	366	2
816	376	3
776	246	2
58	46	4
763	69	3
258	104	2
504	111	4
997	59	4
508	154	4
535	347	2
1025	298	1
868	295	1
557	298	2
854	239	1
805	465	1
1069	166	1
1457	204	4
1201	294	1
550	45	2
1326	107	2
1107	477	2
1233	331	4
354	48	2
102	35	4
1178	470	3
1001	239	4
607	57	3
666	490	4
611	431	3
594	391	1
1217	210	2
701	225	2
432	220	3
936	14	1
1059	58	1
528	250	2
225	115	2
325	261	2
347	396	2
183	231	3
1269	94	3
1429	169	4
133	320	3
145	341	2
874	47	4
1187	138	1
1184	35	1
1092	244	2
372	330	1
1360	342	2
994	59	3
1091	379	1
134	224	4
1285	59	3
650	364	1
83	290	1
1440	93	2
603	109	3
766	33	3
949	129	1
999	71	4
911	144	3
1114	136	4
522	20	4
1017	310	4
1488	164	2
684	38	3
1309	367	1
496	147	4
60	460	1
384	103	2
910	500	3
1353	216	3
595	260	2
1170	28	4
737	457	1
670	63	2
543	467	2
308	423	3
1135	199	2
778	22	3
229	54	1
1152	326	1
1390	31	1
171	343	4
1082	260	3
21	164	3
384	191	4
1237	171	2
78	491	3
697	353	3
633	363	3
354	301	4
741	115	3
607	155	1
956	111	4
407	147	3
615	496	4
809	463	3
141	68	4
885	38	1
645	62	2
1244	223	3
791	91	3
61	172	2
516	439	3
1115	185	3
1097	451	2
401	187	4
372	366	2
1768	170	2
1825	272	3
1272	120	1
46	362	3
1566	69	1
1274	355	2
1834	493	3
591	125	2
200	17	1
1633	202	1
1610	252	1
1089	383	2
674	59	3
570	543	3
1578	339	3
1611	131	4
1421	121	1
1368	435	2
1407	584	2
1544	544	3
856	529	3
679	293	1
2039	240	1
74	253	1
1756	39	1
1816	305	4
1279	106	3
516	513	2
1214	552	4
1567	168	2
840	324	2
1377	42	1
532	306	3
1639	583	3
397	26	2
1223	278	2
539	547	2
635	555	4
1261	152	1
1423	225	2
1785	136	3
1116	211	2
967	231	3
921	439	1
1405	229	4
1094	330	3
1961	459	3
703	393	2
1538	384	1
1399	533	4
401	393	1
465	83	4
1655	271	1
640	517	4
1277	13	3
57	269	2
1016	598	1
1072	384	1
1672	380	3
435	47	4
1247	133	2
970	329	1
130	240	4
1228	15	1
1382	369	3
1570	48	2
859	460	2
535	40	3
1107	30	1
1349	420	2
1761	562	3
758	232	2
1781	522	1
1809	186	1
2085	85	1
1534	51	2
1373	156	1
1104	179	4
1794	335	4
2041	222	2
1019	124	3
11	569	4
1030	535	2
832	514	3
477	160	2
1586	151	1
513	33	2
2023	401	3
218	174	1
1280	288	1
965	426	4
755	1	1
908	341	4
36	30	1
1554	536	4
1326	190	1
1443	343	3
141	94	4
1274	84	2
1199	5	1
395	1	4
41	686	4
944	602	3
639	360	4
532	482	4
17	161	1
2467	580	2
2062	604	4
11	20	2
2194	471	4
739	204	2
2541	471	2
2016	498	4
2623	73	2
1403	9	1
2294	560	2
1168	384	4
1245	75	1
2099	427	1
492	476	1
821	109	3
2115	546	1
2490	577	1
934	346	1
890	28	3
241	355	2
1314	457	3
2276	76	3
1237	528	3
1041	62	1
2600	698	1
1005	589	1
1795	16	3
1562	13	2
379	247	4
1548	40	4
1649	120	3
2471	489	4
1026	378	2
1753	555	3
364	307	4
712	688	1
1611	263	2
855	88	4
285	116	2
205	216	1
326	563	1
2201	142	1
617	353	4
1694	601	3
2792	195	1
1256	611	3
2377	38	4
2051	509	3
1484	461	3
2071	29	3
2527	320	1
363	628	3
761	372	3
917	550	4
2017	606	2
532	435	3
1142	478	4
1047	296	2
691	471	2
2597	75	4
2094	298	3
2505	30	3
1785	27	1
2625	414	1
2510	50	1
2349	123	2
851	642	2
1316	548	1
929	130	4
338	34	2
752	329	2
922	98	3
2193	336	1
1514	369	1
822	662	1
1726	175	4
107	245	3
2798	417	2
1930	478	1
515	324	4
1895	99	4
1245	92	1
876	283	1
610	539	1
1666	377	2
2667	426	2
801	24	3
2690	158	2
1316	217	2
1679	209	3
1123	439	4
630	380	4
1764	153	1
1344	662	1
104	377	3
471	328	4
54	545	3
3567	703	1
2091	391	1
3594	94	4
1104	78	3
3312	528	1
1792	66	2
1982	531	2
2065	367	3
454	237	4
697	195	1
3239	369	2
1152	737	2
3111	505	1
3554	157	2
2687	231	4
2906	517	2
945	108	2
2688	509	1
3071	800	4
278	615	3
2964	517	2
748	178	2
135	159	4
3078	291	1
2341	224	4
1825	491	4
1873	97	4
2435	351	4
846	328	2
1848	119	2
960	378	2
1576	566	4
997	750	4
1428	93	3
2767	100	4
614	400	1
284	375	1
3591	238	3
1057	68	2
3302	427	4
1371	204	1
695	164	2
2588	630	4
1818	36	4
559	724	3
106	156	1
1357	433	2
1510	473	2
661	101	4
2652	749	4
114	159	1
1432	252	1
280	520	3
2534	798	1
732	769	3
1795	149	2
2344	549	2
472	58	3
1135	65	4
1620	745	1
464	117	2
417	561	3
2465	200	4
3244	698	4
2468	551	4
3258	438	1
476	607	4
3332	136	1
3006	787	2
3330	232	2
3186	144	1
1177	374	1
538	604	3
1300	190	3
450	722	1
257	312	1
335	511	4
717	264	3
1517	283	2
377	561	1
2546	693	2
2120	235	4
1919	525	2
732	579	2
689	678	3
268	499	1
441	59	3
2029	112	1
2598	524	1
2870	69	3
1527	206	4
151	165	1
485	501	2
3117	743	4
3448	570	2
440	67	2
2185	264	3
\.


--
-- Data for Name: category; Type: TABLE DATA; Schema: public; Owner: postgres
--

COPY public.category (id, name) FROM stdin;
1	faucibus
2	in
3	montes
4	luctus
5	aenean
6	fermentum
7	habitant
8	purus
9	molestie
10	adipiscing
11	tempus
12	blandit
13	suspendisse
14	consequat
15	neque
16	pulvinar
17	volutpat
18	lacus
19	morbi
20	pretium
21	netus
22	natoque
23	cum
24	hac
25	sapien
26	pretium
27	varius
28	quisque
29	aenean
30	facilisi
31	morbi
32	pharetra
33	hac
34	non
35	placerat
36	etiam
37	sollicitudin
38	sociis
39	magna
40	sagittis
41	turpis
42	viverra
43	sodales
44	cras
45	curabitur
46	congue
47	parturient
48	dictum
49	imperdiet
50	libero
51	ornare
52	quis
53	cras
54	adipiscing
55	diam
56	pretium
57	donec
58	rhoncus
59	ultricies
60	magnis
61	porttitor
62	sagittis
63	feugiat
64	bibendum
65	vestibulum
66	sit
67	ipsum
68	magnis
69	nullam
70	metus
71	pharetra
72	cras
73	lectus
74	cum
75	rhoncus
76	porttitor
77	orci
78	feugiat
79	placerat
80	blandit
81	elementum
82	a
83	viverra
84	montes
85	et
86	faucibus
87	placerat
88	tempus
89	curabitur
90	a
91	amet
92	tempus
93	arcu
94	posuere
95	fusce
96	curabitur
97	facilisis
98	mus
99	penatibus
100	imperdiet
101	est
102	ultrices
103	tortor
104	blandit
105	sagittis
106	fringilla
107	eu
108	cum
109	augue
110	eleifend
111	est
112	enim
113	blandit
114	sem
115	amet
116	varius
117	condimentum
118	odio
119	dolor
120	suspendisse
121	parturient
122	tellus
123	ipsum
124	sed
125	orci
126	euismod
127	auctor
128	accumsan
129	lobortis
130	consectetur
131	in
132	facilisis
133	mi
134	cursus
135	tellus
136	ligula
137	tortor
138	mollis
139	dui
140	nullam
141	mollis
142	nec
143	urna
144	parturient
145	magna
146	nam
147	ligula
148	feugiat
149	facilisi
150	vel
151	cum
152	ultricies
153	ut
154	luctus
155	pulvinar
156	dui
157	mattis
158	molestie
159	facilisis
160	sodales
161	dignissim
162	quis
163	donec
164	aliquam
165	pulvinar
166	mi
167	placerat
168	sem
169	augue
170	dapibus
171	cursus
172	netus
173	et
174	nisl
175	ridiculus
176	metus
177	venenatis
178	luctus
179	venenatis
180	quis
181	est
182	parturient
183	etiam
184	molestie
185	purus
186	mauris
187	a
188	consectetur
189	imperdiet
190	dictum
191	libero
192	egestas
193	phasellus
194	fusce
195	venenatis
196	cum
197	maecenas
198	ut
199	quisque
200	facilisis
201	fringilla
202	nisi
203	tempus
204	mi
205	odio
206	non
207	tortor
208	habitant
209	euismod
210	tellus
211	scelerisque
212	mus
213	enim
214	donec
215	neque
216	leo
217	mi
218	duis
219	lobortis
220	sapien
221	urna
222	hendrerit
223	iaculis
224	adipiscing
225	in
226	posuere
227	accumsan
228	lobortis
229	interdum
230	dapibus
231	varius
232	erat
233	iaculis
234	sollicitudin
235	sed
236	ullamcorper
237	tellus
238	libero
239	morbi
240	senectus
241	fames
242	lobortis
243	fames
244	ultrices
245	neque
246	nam
247	at
248	suscipit
249	elit
250	bibendum
251	euismod
252	sagittis
253	parturient
254	maecenas
255	penatibus
256	sagittis
257	tempus
258	pulvinar
259	cursus
260	diam
261	senectus
262	metus
263	nulla
264	molestie
265	vestibulum
266	et
267	risus
268	mauris
269	suscipit
270	morbi
271	imperdiet
272	tellus
273	faucibus
274	porta
275	etiam
276	aliquam
277	interdum
278	ultrices
279	cursus
280	ipsum
281	hendrerit
282	nibh
283	mus
284	praesent
285	integer
286	suscipit
287	sociis
288	pellentesque
289	habitasse
290	fusce
291	lectus
292	nisi
293	molestie
294	iaculis
295	lacinia
296	montes
297	tortor
298	auctor
299	dictumst
300	quis
301	fermentum
302	pulvinar
303	rhoncus
304	viverra
305	fringilla
306	hac
307	augue
308	augue
309	sociis
310	auctor
311	integer
312	odio
313	odio
314	dapibus
315	sollicitudin
316	turpis
317	justo
318	pellentesque
319	dis
320	facilisis
321	neque
322	consequat
323	dictumst
324	malesuada
325	parturient
326	malesuada
327	montes
328	et
329	porttitor
330	at
331	netus
332	non
333	quis
334	vestibulum
335	montes
336	eget
337	netus
338	natoque
339	hac
340	pulvinar
341	posuere
342	neque
343	adipiscing
344	hendrerit
345	ornare
346	pretium
347	egestas
348	potenti
349	augue
350	nibh
351	fermentum
352	vel
353	turpis
354	consequat
355	sollicitudin
356	viverra
357	tempus
358	penatibus
359	elit
360	potenti
361	integer
362	netus
363	lorem
364	elementum
365	ultricies
366	sem
367	montes
368	lorem
369	senectus
370	magna
371	ultricies
372	tincidunt
373	nisl
374	nibh
375	neque
376	mattis
377	montes
378	convallis
379	gravida
380	amet
381	leo
382	dignissim
383	at
384	habitasse
385	curabitur
386	lacinia
387	habitasse
388	vitae
389	nisi
390	maecenas
391	malesuada
392	diam
393	lorem
394	dui
395	parturient
396	nulla
397	sollicitudin
398	egestas
399	sociis
400	et
401	facilisi
402	pharetra
403	etiam
404	ridiculus
405	curabitur
406	mi
407	id
408	volutpat
409	nunc
410	nam
411	nibh
412	euismod
413	et
414	non
415	ipsum
416	bibendum
417	lectus
418	quisque
419	habitant
420	quam
421	hendrerit
422	porta
423	bibendum
424	ante
425	euismod
426	elit
427	convallis
428	neque
429	adipiscing
430	eget
431	dignissim
432	nulla
433	placerat
434	consectetur
435	arcu
436	bibendum
437	dis
438	sem
439	molestie
440	nibh
441	et
442	lacinia
443	felis
444	pharetra
445	diam
446	gravida
447	mauris
448	mi
449	hac
450	sed
451	blandit
452	elementum
453	quis
454	fames
455	tempor
456	lorem
457	ullamcorper
458	nulla
459	felis
460	mus
461	phasellus
462	id
463	turpis
464	purus
465	commodo
466	proin
467	sapien
468	cursus
469	a
470	iaculis
471	netus
472	congue
473	posuere
474	phasellus
475	ut
476	est
477	at
478	euismod
479	nam
480	quis
481	ultricies
482	hac
483	sed
484	eget
485	erat
486	metus
487	magna
488	nunc
489	cursus
490	sodales
491	interdum
492	dis
493	dignissim
494	elementum
495	molestie
496	eu
497	praesent
498	sed
499	maecenas
500	sed
501	eu
502	dictum
503	senectus
504	sollicitudin
505	sociis
506	metus
507	magna
508	dolor
509	etiam
510	pretium
511	curabitur
512	tempor
513	in
514	proin
515	tempor
516	posuere
517	magna
518	sit
519	turpis
520	eros
521	tincidunt
522	est
523	curabitur
524	nascetur
525	dis
526	a
527	rhoncus
528	condimentum
529	hendrerit
530	faucibus
531	elementum
532	quam
533	volutpat
534	habitasse
535	gravida
536	tempor
537	nisi
538	accumsan
539	at
540	purus
541	pretium
542	mauris
543	sed
544	quam
545	vestibulum
546	consectetur
547	et
548	aliquam
549	suspendisse
550	facilisi
551	venenatis
552	neque
553	augue
554	tortor
555	suspendisse
556	convallis
557	nunc
558	vulputate
559	neque
560	habitant
561	odio
562	parturient
563	odio
564	vitae
565	blandit
566	eros
567	lacinia
568	lacinia
569	hac
570	est
571	porttitor
572	bibendum
573	neque
574	penatibus
575	justo
576	auctor
577	arcu
578	urna
579	purus
580	bibendum
581	duis
582	lacinia
583	phasellus
584	dictum
585	imperdiet
586	magnis
587	natoque
588	quam
589	dictum
590	laoreet
591	sollicitudin
592	pellentesque
593	amet
594	lacus
595	nec
596	ante
597	netus
598	urna
599	sagittis
600	sodales
601	hendrerit
602	hac
603	ligula
604	lectus
605	feugiat
606	dui
607	vel
608	sapien
609	platea
610	tempus
611	mattis
612	luctus
613	pharetra
614	morbi
615	duis
616	suscipit
617	dignissim
618	curabitur
619	etiam
620	aliquam
621	integer
622	at
623	varius
624	pretium
625	aenean
626	ipsum
627	laoreet
628	laoreet
629	viverra
630	hendrerit
631	purus
632	posuere
633	ornare
634	facilisi
635	porta
636	sit
637	gravida
638	dis
639	praesent
640	pharetra
641	vulputate
642	morbi
643	elementum
644	cum
645	accumsan
646	mauris
647	mauris
648	felis
649	semper
650	velit
651	potenti
652	quisque
653	tempus
654	scelerisque
655	urna
656	tempus
657	egestas
658	mauris
659	justo
660	feugiat
661	donec
662	metus
663	phasellus
664	est
665	dolor
666	nullam
667	quam
668	netus
669	ullamcorper
670	diam
671	accumsan
672	in
673	sapien
674	amet
675	magnis
676	parturient
677	euismod
678	sed
679	mattis
680	enim
681	facilisis
682	donec
683	condimentum
684	adipiscing
685	et
686	laoreet
687	mauris
688	nec
689	ut
690	mi
691	id
692	eros
693	condimentum
694	potenti
695	ac
696	ornare
697	non
698	nibh
699	maecenas
700	in
701	vestibulum
702	phasellus
703	felis
704	dictum
705	vel
706	posuere
707	sem
708	molestie
709	euismod
710	quis
711	massa
712	porta
713	dolor
714	vulputate
715	mi
716	sapien
717	potenti
718	id
719	lacinia
720	ullamcorper
721	sollicitudin
722	lacinia
723	lobortis
724	eget
725	pulvinar
726	morbi
727	iaculis
728	pulvinar
729	odio
730	sapien
731	luctus
732	malesuada
733	magna
734	metus
735	ridiculus
736	tincidunt
737	placerat
738	aliquam
739	curabitur
740	amet
741	habitant
742	magnis
743	suspendisse
744	ornare
745	tristique
746	quam
747	erat
748	nascetur
749	orci
750	ligula
751	etiam
752	dolor
753	scelerisque
754	euismod
755	arcu
756	euismod
757	laoreet
758	pulvinar
759	molestie
760	cursus
761	eget
762	vivamus
763	tincidunt
764	nunc
765	maecenas
766	euismod
767	elit
768	semper
769	ante
770	suspendisse
771	congue
772	hendrerit
773	sodales
774	potenti
775	auctor
776	cras
777	lacinia
778	laoreet
779	habitasse
780	vestibulum
781	accumsan
782	nisl
783	ligula
784	metus
785	nibh
786	nam
787	ultricies
788	sapien
789	sapien
790	elit
791	tempus
792	eleifend
793	luctus
794	consequat
795	etiam
796	diam
797	aenean
798	natoque
799	hendrerit
800	odio
\.


--
-- Data for Name: customer; Type: TABLE DATA; Schema: public; Owner: postgres
--

COPY public.customer (id, first_name, last_name, email, phone) FROM stdin;
1	Koby	Hackett	stoltenberg_flo@cummerata.biz	44823677
2	Albina	Goodwin	zemlak.dee@weber.us	13065263
3	Connie	Crooks	alison_hessel@herzog.com	81626089
4	Murray	Hirthe	hessel_laurel@cartwright.biz	80684536
5	Abraham	Von	solon-schuster@schulist.us	19233185
6	Florian	Kuphal	russel.brooks@yundt.com	62239728
7	Tremaine	Hermann	camylle_volkman@yost.info	45609405
8	Calista	Krajcik	braun.tyshawn@cruickshank.com	35643572
9	Karina	Wilderman	kassulke.eulalia@harris.com	72471277
10	Neoma	Kuhn	weston-wuckert@douglas.biz	73868057
11	Derrick	Watsica	jaylan_denesik@ankunding.info	89299390
12	Rogelio	Kohler	fisher_ernestina@parisian.ca	81760631
13	Camden	Daniel	kellie_schuppe@gleason.co.uk	26100216
14	Jett	Torp	murphy_liana@fritsch.us	69992279
15	Sylvia	Conn	laurine-lehner@huel.name	52603333
16	Halle	Schmidt	leuschke.elsie@senger.name	62945935
17	Maximillia	Ritchie	ruben.dicki@johnson.com	27252938
18	Abelardo	Reichert	stephan.hayes@rohan.name	42385715
19	Eulah	Stehr	gardner_dach@haley.com	56937464
20	Blaise	Harvey	estefania.hamill@maggio.info	89061657
21	Delores	Fadel	christiansen.jabari@emard.ca	35658029
22	Romaine	Denesik	hilton-cummerata@conn.biz	64116802
23	Gabrielle	Fadel	kasey-bernier@murazik.biz	82666782
24	Katrina	Schuppe	elijah_brakus@haag.us	38363352
25	Delia	Rippin	bogisich.alize@bernhard.name	51367089
26	Fanny	Conroy	simonis.keira@marquardt.info	23201671
27	Charlotte	Cummings	remington-hauck@kautzer.com	48235125
28	Donald	Daugherty	glen.cruickshank@von.us	44925716
29	Marie	Wuckert	katelyn.witting@haley.com	28786628
30	Veronica	Lakin	darryl.dickinson@wuckert.com	38481599
31	Mikel	Treutel	liam_deckow@ward.biz	54377828
32	Erich	Kulas	rempel.mireya@walter.com	77240171
33	Clovis	Krajcik	dare-suzanne@mueller.biz	72680697
34	Kacie	Hahn	kessler-sage@dietrich.us	66412225
35	Horacio	Murazik	schumm_herminia@swaniawski.com	31720283
36	Madelyn	Jacobson	daugherty_dangelo@haley.com	19200370
37	Maci	Russel	ned.krajcik@farrell.biz	22196188
38	Dena	Conroy	shawna-gottlieb@jacobi.co.uk	41573176
39	Elsa	Buckridge	collins_adonis@hills.com	89296157
40	Hilbert	Upton	lemke_ines@howe.biz	12933444
41	Michele	Rolfson	laurine-rice@heathcote.biz	88843632
42	Carmela	Hyatt	schultz.jany@wilkinson.us	43886749
43	Zachary	Mann	riley_hegmann@schumm.ca	62939805
44	Kristopher	Hilll	rossie_medhurst@wyman.info	48741112
45	Camden	Reinger	schoen.kade@zboncak.info	30312143
46	Aaliyah	Morissette	gideon.streich@tremblay.com	65567078
47	Wilson	Rutherford	bruce-osinski@welch.biz	82813851
48	Curtis	Jerde	demarco-torphy@monahan.ca	24349289
49	Sylvan	O'Hara	goodwin.malcolm@kohler.com	43292156
50	Lydia	Kessler	west_freeman@satterfield.co.uk	82340866
51	Toni	Larkin	flavie.ritchie@borer.com	17057322
52	Justine	Herzog	morissette_irwin@aufderhar.us	53121588
53	Leta	Torp	murray-jaclyn@bednar.us	89209978
54	Cassidy	Marks	kenyon_streich@reichert.us	13375168
55	Filomena	Johns	monahan-agustin@will.info	65112339
56	Lawson	Lockman	regan_schoen@schimmel.info	50962489
57	Brisa	Hagenes	friesen-enoch@bruen.name	79058489
58	Marilou	Gusikowski	coby_bruen@pfannerstill.biz	70354749
59	Ike	Swift	shania.lang@casper.co.uk	16810068
60	Vern	Gerhold	valentine_keeling@medhurst.us	60938506
61	Krista	Connelly	wilma-marquardt@ankunding.com	67349477
62	D'angelo	Hickle	johnathon_johns@mertz.us	25030877
63	Eriberto	Schinner	cruickshank-armando@weimann.us	63137660
64	Claudia	Runolfsson	fabiola-cole@farrell.info	47628708
65	Lavonne	Hessel	gwen_harber@quitzon.us	29928871
66	Roosevelt	Nikolaus	wilmer_ratke@bradtke.us	14729606
67	Cassie	Pouros	casper.bette@williamson.co.uk	52972166
68	Margarita	Nolan	reilly.lola@rempel.info	37466517
69	Rickey	Hessel	abernathy.erick@haag.name	15449814
70	Dorothea	Borer	powlowski-baby@goldner.co.uk	79815466
71	Ima	Green	hector.klocko@becker.com	51312965
72	Shanie	Runolfsdottir	gus_christiansen@kuhlman.co.uk	82478862
73	Mitchell	Cormier	heller-ward@welch.biz	51141540
74	Ella	Mitchell	bosco_lucio@walter.com	29123540
75	Roy	Stark	heber_haley@rogahn.com	77026910
76	Aurelio	Feeney	bianka_ferry@aufderhar.info	57671941
77	Burdette	Labadie	bernadine-mcclure@hills.co.uk	30579636
78	Aliza	Smitham	anjali-beatty@mcglynn.name	23109781
79	Carley	Runolfsson	imelda_kilback@moore.co.uk	31262270
80	Lucile	Schmitt	ahmed.simonis@carroll.us	34035105
81	Rosie	Koelpin	keeley.bauch@senger.com	54865541
82	Emile	Rosenbaum	wilbert.yost@ebert.ca	72204119
83	Emma	Blick	hessel-jayden@hartmann.info	19342323
84	Alberta	Johns	johns-carson@bosco.info	76291472
85	Laurine	Will	hessel-aleen@pfannerstill.biz	45185177
86	Antwon	Koelpin	gottlieb-javonte@grant.com	84891734
87	Sophie	Zemlak	haag_christiana@thiel.ca	43715753
88	Luz	Grant	kreiger.freddy@hilll.us	66161779
89	Ayla	Kessler	madelynn-bradtke@koepp.biz	67219822
90	Elmore	Leuschke	bosco-mark@trantow.biz	78115956
91	Wilbert	Armstrong	kautzer-buster@kertzmann.co.uk	54136689
92	Justine	Kunde	oliver-rogahn@frami.ca	59747374
93	Lavonne	Dibbert	graham.schamberger@stracke.biz	49017732
94	Lesly	Bins	stoltenberg-antonina@parker.co.uk	25988783
95	Isaiah	Hilpert	sanford.santos@mitchell.name	56434347
96	Rodrigo	Balistreri	noemi_spinka@simonis.ca	42697775
97	Kenyon	Gorczany	schinner-eva@christiansen.com	27369022
98	Rosalia	Nader	bogan_lamar@wiza.name	21389232
99	Ressie	Roberts	kelsi_kris@becker.co.uk	79895202
100	Zetta	Ebert	ezra.marquardt@crooks.ca	30640861
101	Dante	Kutch	sterling_stokes@altenwerth.co.uk	13448476
102	Harry	Kohler	jeromy_koelpin@marquardt.name	71679434
103	Isabelle	Gerhold	aaliyah.quitzon@runolfsson.com	10948661
104	Glenda	Harber	boyle.miguel@legros.us	44569945
105	Billie	Lowe	schaefer.osvaldo@beier.info	85349101
106	Katlyn	Goyette	mohr-talon@corkery.co.uk	17223445
107	Lottie	Beier	corkery.dominic@ullrich.info	58984908
108	Percy	Hermann	willa-armstrong@hayes.name	87936873
109	Ryann	Hane	jast_cole@wyman.co.uk	58297900
110	Elenora	Raynor	greenholt.ludwig@oconner.us	54468467
111	Stephanie	Nicolas	lorenzo_murazik@lind.ca	55684836
112	Soledad	Rath	heidenreich_jensen@schmitt.com	25981166
113	Emmanuel	Cruickshank	tyrique-thompson@donnelly.us	75623164
114	Herminio	Marvin	edyth.kerluke@weissnat.ca	50977370
115	Kelli	Gibson	nadia.dare@barrows.name	71902635
116	Mossie	Durgan	fisher.mckenna@erdman.com	83975874
117	Tatum	Nitzsche	brody-turner@bechtelar.biz	65719153
118	Simeon	Gerlach	thea.lubowitz@wilderman.co.uk	41856416
119	Angela	Spencer	green.raul@eichmann.co.uk	87441309
120	Lurline	Cummings	armani.hilpert@hansen.co.uk	81666978
121	Brigitte	O'Connell	hammes.elna@balistreri.com	33789847
122	Victor	Lakin	klein.hanna@effertz.name	59324137
123	Kacey	Lehner	janiya_greenholt@reynolds.us	81481934
124	Alec	Emmerich	koepp.kayley@huels.biz	60106312
125	Gussie	Considine	ceasar-jacobs@bahringer.name	66687159
126	Colt	Willms	weimann_colten@oberbrunner.us	29752387
127	Vincenza	Schinner	elbert_rau@ortiz.name	25369895
128	Elenor	Funk	bergstrom-jeremie@halvorson.name	54245141
129	Anne	Kling	zieme_verdie@medhurst.biz	10581721
130	Solon	Boyle	berry_littel@schaefer.ca	28902993
131	Francisco	Labadie	esmeralda_pfannerstill@roob.co.uk	56568265
132	Samanta	Gibson	kulas.ryley@green.biz	15606608
133	Melyssa	Pacocha	pamela-bradtke@tillman.co.uk	26131605
134	Jonathan	Miller	gustavo_ratke@huel.us	46346637
135	Zita	Zulauf	eriberto_kuhic@flatley.ca	42022875
136	Ulises	McGlynn	savion-franecki@simonis.co.uk	17363435
137	Thad	Barrows	rene_kshlerin@douglas.biz	58576917
138	Green	Leuschke	greenholt_liliana@jacobs.ca	54637727
139	Janis	Leuschke	asha-nader@dooley.us	41696178
140	Dorian	Dooley	fisher_trenton@becker.name	72440555
141	Cristopher	Shields	wolff-kristin@pouros.com	10047036
142	Camilla	Smitham	johnathan.wiza@will.ca	47997253
143	Lourdes	Abernathy	glover-eula@wiza.info	34958991
144	Ashlynn	Luettgen	elmira.dietrich@schowalter.ca	53815046
145	Dalton	Langosh	tillman_davis@leuschke.info	78740960
146	Joany	Reichert	mitchell_lera@stiedemann.us	57843116
147	Louisa	Jaskolski	kilback.dale@zboncak.com	74077836
148	Brooklyn	Yost	jovany-balistreri@morissette.info	55610202
149	Leonie	Fay	moises-carroll@gleason.biz	29759481
150	Peggie	Waelchi	hodkiewicz-bettye@renner.biz	16507775
151	Ana	McLaughlin	feest.oda@stehr.biz	20973690
152	Rita	Lynch	hudson-friedrich@krajcik.name	45105864
153	Jamal	Sanford	ned-nikolaus@barrows.name	53096512
154	Janis	Hirthe	rodriguez.jakob@lebsack.us	34301121
155	Genesis	Waters	russell_frami@koepp.name	47645065
156	Joan	O'Keefe	ernestina-turcotte@watsica.co.uk	57519589
157	Jonathan	Abernathy	marlee.lind@schroeder.ca	27865284
158	Oscar	Dicki	lenna.goodwin@rosenbaum.ca	17029705
159	Alyce	Mosciski	rempel.cameron@pfannerstill.ca	31688112
160	Deontae	Ward	garrison.waelchi@mcdermott.biz	62197122
161	Vernice	Bosco	freddy.kling@grady.co.uk	53222715
162	Emile	Blanda	oma.lind@wolf.us	38489440
163	Tyrique	Morissette	lemke.jocelyn@ohara.info	41897985
164	Sedrick	Cassin	stamm-penelope@schaefer.ca	62696537
165	Kristoffer	Parker	lakin.delphine@reichert.us	72529982
166	Morgan	Satterfield	hermiston_ewell@ledner.name	68144957
167	Michaela	Emmerich	godfrey_klocko@doyle.us	40185253
168	Shanny	Glover	jorge-lowe@douglas.biz	43465178
169	Susie	Friesen	destiny-mcclure@klein.us	65749736
170	Jarod	Kertzmann	krajcik_mose@okuneva.name	70861358
171	Hilario	Smitham	larson_breanne@robel.co.uk	78026000
172	Garnett	Greenfelder	gislason_maggie@ullrich.name	63919186
173	Abbigail	Becker	huel_providenci@jaskolski.ca	62339047
174	Adaline	Predovic	collins_judge@cruickshank.us	12976723
175	Zaria	Mante	gleason.hailey@wilkinson.com	55173647
176	Maida	Willms	icie_swift@lind.info	20819174
177	Freida	Nader	walter.joana@stracke.com	29972815
178	Syble	Hills	dante.morissette@kohler.com	15548055
179	Joyce	Schuster	dach_cheyenne@russel.us	15150848
180	Jayden	Schuster	cielo_tillman@jerde.com	52327099
181	Wilhelmine	Feeney	wunsch.hermina@daniel.com	73697406
182	Mose	Franecki	german_gleichner@labadie.name	59884065
183	Alexandria	Bogisich	evert_balistreri@witting.co.uk	35907648
184	Lawrence	Klein	nolan-dallin@ebert.us	75436463
185	Berta	Fay	skye-christiansen@pacocha.info	29095410
186	Robin	McKenzie	king-rau@beahan.co.uk	10084187
187	Keanu	Buckridge	lee.nienow@carter.co.uk	76806743
188	Aleen	Rosenbaum	larson-ramon@schimmel.ca	17257543
189	Zane	Keeling	berta-kunze@bosco.co.uk	28056632
190	Jayda	Connelly	gianni.larkin@ebert.name	36367702
191	Deontae	Bahringer	mckenzie-wendell@carter.us	82731843
192	Sabrina	Stroman	alaina-casper@weber.biz	40785967
193	Jaqueline	Wehner	pagac_kenyatta@dach.info	62205699
194	Maxwell	McClure	mcglynn-kyleigh@ziemann.com	60994634
195	Katlynn	Blick	cummerata.dandre@wisoky.biz	83354516
196	Wilburn	Reichel	metz_jazmin@okuneva.co.uk	64858635
197	Kian	Volkman	graham.mireya@kling.com	57855511
198	Greta	Klein	davonte-krajcik@waters.ca	15926301
199	Vicenta	Wuckert	doyle-coty@halvorson.biz	23942793
200	Demetrius	Muller	huel_axel@klocko.biz	15752920
201	Stephania	Shanahan	vernie.herman@koepp.ca	68814566
202	Ludie	Kuhn	corkery_jayne@lang.name	47246432
203	Agustin	Herman	julius.hodkiewicz@berge.com	81050444
204	Muriel	Lehner	jannie-romaguera@emmerich.info	83495217
205	Nova	Senger	bins_clotilde@ryan.name	83389788
206	Donnell	Glover	swift-abigale@wintheiser.ca	22087188
207	Yasmine	Rogahn	connelly-vidal@davis.ca	15474768
208	Friedrich	Goodwin	sydni_douglas@bayer.biz	15609388
209	Ricky	Strosin	bogan_juanita@schmeler.biz	54212186
210	Giovanny	Wisoky	taylor-carter@dietrich.us	64898814
211	Alejandrin	Hagenes	lillie_hickle@mosciski.co.uk	87317308
212	Landen	Moore	labadie_clemens@sawayn.co.uk	65214891
213	Kendall	Schmitt	langosh_lola@conroy.biz	89831303
214	Crystal	Zulauf	mabel-oberbrunner@mclaughlin.com	42333894
215	Hester	Howell	volkman.domenic@romaguera.ca	39543682
216	Meagan	Sporer	hilario-carter@bradtke.info	80810835
217	Alan	Adams	cordell-torp@okon.info	59281580
218	Maci	Metz	stiedemann-oren@ankunding.name	54592331
219	Krystina	Bahringer	claire_champlin@glover.biz	12049787
220	Jamel	Renner	ferry.ethel@heller.biz	83139289
221	Jarrod	Leffler	sydnie.botsford@oconner.us	85838364
222	Ezekiel	Goldner	parisian_sandy@corwin.biz	70890919
223	Oceane	Davis	marvin-cory@quitzon.info	68670340
224	Julian	Bogan	raynor.napoleon@kautzer.info	26587094
225	Pattie	Kozey	dorothy_willms@windler.com	69860639
226	Jett	Murphy	juvenal-crist@becker.us	51740052
227	Nicklaus	Herzog	friesen-jacky@hilll.com	71002690
228	Joelle	Graham	carolyne-cronin@reilly.com	16402731
229	Alison	McLaughlin	hahn.elda@vonrueden.co.uk	45923322
230	Julia	Ziemann	wehner.alisha@morissette.biz	25416955
231	Cristopher	Maggio	sporer.mckayla@prosacco.co.uk	24858921
232	Gerson	Brakus	gavin-bahringer@dicki.ca	27102237
233	Geraldine	Denesik	jocelyn-friesen@parker.ca	42758054
234	Kara	Morar	mclaughlin_kaya@casper.us	46921914
235	Jed	Schmeler	kuphal-kiera@stokes.name	88525227
236	Iva	Tromp	king-stamm@hills.com	39455629
237	Marcia	Bartoletti	brendan-swift@green.ca	36733171
238	Halle	Goodwin	newell-gulgowski@medhurst.biz	47747833
239	Sabryna	O'Hara	kathryn-dare@kemmer.ca	37164900
240	Gloria	Ledner	charlene.green@paucek.com	24297182
241	Jasper	Upton	swift-tracy@hand.com	15635690
242	Jaydon	Jones	travis.monahan@harris.com	77609774
243	Glennie	Shields	beatrice.walter@bayer.com	27230490
244	Onie	Mann	kayla-oga@toy.ca	49713594
245	Maci	Hettinger	litzy.pagac@lueilwitz.co.uk	40308279
246	Asa	Smith	mercedes.lebsack@windler.info	87649995
247	Virginia	Jenkins	rolfson.mckenna@cole.info	74981165
248	General	Lesch	schuster.josianne@fisher.com	18287027
249	Sammy	Hand	gwen.leannon@zboncak.info	86928830
250	Pink	Rutherford	maggie.reinger@king.biz	82625954
251	Arthur	Christiansen	pouros_osborne@hirthe.info	85010287
252	Walton	Considine	sawayn.erling@nikolaus.com	74666239
253	Eliza	Fisher	berneice_bernhard@bogan.name	81509725
254	Davon	Leffler	sauer-alan@greenholt.us	84175549
255	Kolby	Rowe	cristina_abbott@armstrong.us	87870919
256	Natalia	Rau	alessandro_kerluke@hyatt.us	24002698
257	Marlene	Greenholt	isaac-bernhard@jacobson.info	66308364
258	Dillon	Jacobson	mohr.blaise@bode.name	45812539
259	Seth	Fisher	lowell-crooks@schmitt.co.uk	24927450
260	Neoma	Oberbrunner	cecelia-marvin@harber.com	11357134
261	Loyce	Mayert	abshire_jacey@hackett.us	62240663
262	Imelda	Romaguera	shania-beer@borer.info	47837780
263	Zion	Krajcik	purdy_jamar@raynor.us	88478742
264	Dagmar	Russel	hessel.reginald@raynor.info	66748322
265	Dolores	Rath	fiona.bins@prohaska.name	50557028
266	Lauryn	Dietrich	blanda.casandra@orn.biz	48622322
267	Margaret	Kub	bonnie.lind@sanford.us	64182253
268	Gerda	Nienow	swaniawski.marge@crona.us	16301151
269	Billie	Eichmann	lance.rohan@pfannerstill.biz	20873405
270	Rosario	McCullough	robel.lonny@terry.ca	86568935
271	Karianne	Skiles	quigley.patrick@koch.info	81991427
272	Watson	Raynor	melyssa_miller@barton.com	33448155
273	Elda	Rath	orn.marilie@paucek.com	49719810
274	Eldridge	Hermann	jerry_schiller@deckow.biz	10890877
275	Twila	Bailey	pierre.hegmann@little.biz	88655682
276	Myron	Corwin	keebler.melvin@hauck.us	45828533
277	Jaqueline	Hane	grace_rohan@spencer.co.uk	68804350
278	Hardy	Farrell	zulauf_maribel@gutmann.ca	89076376
279	Leopoldo	O'Conner	ondricka-aglae@rodriguez.co.uk	61805059
280	Milford	Bailey	selmer_lesch@runolfsson.co.uk	22643553
281	Benton	VonRueden	olga.wolf@bechtelar.info	16065739
282	Camylle	Shanahan	jarod-gerlach@halvorson.us	81543262
283	Myriam	Wolff	strosin-malika@kreiger.info	85049909
284	Percy	Watsica	tamia_hermann@raynor.co.uk	21408899
285	Sydni	Feeney	miller.fae@kiehn.us	37267461
286	Alison	Klocko	durgan_lucio@leffler.us	48745058
287	Mathew	Raynor	arvid_thiel@glover.info	55884805
288	Trevor	Bechtelar	jaskolski-ardella@vonrueden.co.uk	79496869
289	Melvin	Sanford	hailee_o'kon@rau.com	20804828
290	Ana	Connelly	fahey-cathryn@swift.biz	39620586
291	Sim	Blanda	casper-roberto@parisian.info	74346759
292	Alexis	Greenfelder	grant-colten@tillman.ca	41177970
293	Verlie	Schowalter	dooley-jimmy@goldner.name	13083180
294	Easter	Crooks	collier.retta@schulist.us	70816529
295	Rhea	Ebert	wisozk-ana@marvin.biz	70203979
296	Casey	Jakubowski	blanca-hahn@ullrich.co.uk	87486267
297	Uriah	Wisoky	spencer.winifred@prosacco.info	87522834
298	Mariane	Jast	lew_heidenreich@corwin.info	47557383
299	Kaley	Jast	brionna-flatley@wyman.co.uk	68133202
300	Madonna	Runolfsson	joel-thiel@trantow.com	65799621
301	Ofelia	Hilll	adrienne-schimmel@borer.info	35256993
302	Dorris	Grant	pietro-graham@bogisich.us	73081581
303	Woodrow	Wolff	wisozk_graciela@prosacco.name	65948109
304	Nettie	Renner	jean.zemlak@langosh.us	25679438
305	Aliza	Murphy	hudson.krista@spinka.biz	12358971
306	Elsa	Lemke	benton.reinger@tromp.info	26374961
307	Janessa	Hauck	magdalena-bartell@eichmann.info	67446036
308	Ozella	Kuphal	o'reilly-carolyn@yost.biz	11712900
309	Flavie	Murphy	kunde-trystan@schoen.name	47702315
310	Enrique	Runolfsson	witting.candido@champlin.name	51362115
311	Cecile	Wyman	skiles-candelario@muller.co.uk	79727929
312	Hassie	Rutherford	davis-margarett@abshire.ca	74747356
313	Malika	Flatley	schulist-pierce@kris.com	14597610
314	Anna	Kertzmann	brad.walker@schneider.ca	41756709
315	Elyse	Heidenreich	jazmyn.mraz@hermiston.ca	65169398
316	Chadrick	Langosh	terrell-dietrich@rath.co.uk	33719564
317	Torrance	Botsford	monahan.bridget@turner.biz	37195681
318	Agustina	Huel	noah_fay@oga.us	65839556
319	Geo	Thompson	schoen.joyce@jewess.com	87304845
320	Wellington	Roberts	maya_sporer@kilback.ca	60411699
321	Laury	Jaskolski	dallas-hilll@lakin.ca	88075383
322	Roman	Skiles	rau.carrie@bosco.com	73387238
323	Modesto	Howell	stiedemann.barney@kiehn.biz	85575461
324	Enrico	Romaguera	huels-samanta@sauer.ca	59921481
325	Garland	Denesik	bernice_graham@shields.ca	88753094
326	Oliver	Runte	strosin.layla@kassulke.us	11463138
327	Jarret	Reichel	noble.cassin@treutel.info	28754370
328	Aidan	Kunde	bernier_donnell@bechtelar.com	46505140
329	Sheridan	Renner	furman_luettgen@skiles.name	14227349
330	Hattie	Kovacek	benton-prohaska@lang.com	11132152
331	Henry	Larson	block_manley@cruickshank.ca	49997510
332	Myrtie	Collier	krystal-aufderhar@satterfield.co.uk	13120225
333	Jaleel	Kunze	auer.lucas@smitham.ca	57860793
334	Morton	Feest	armstrong_eduardo@carroll.com	53226181
335	Sasha	Wyman	stroman_ernest@rodriguez.co.uk	27335094
336	Boyd	Hilll	anahi-goodwin@hoeger.com	49256337
337	Emie	Paucek	gerhold-myrtice@beer.us	89215688
338	Brisa	Tromp	keeling-alicia@schaden.ca	33283040
339	Ibrahim	Dach	nola.sporer@kihn.biz	31132517
340	Annette	Kilback	madyson_gaylord@zboncak.com	76042501
341	Ferne	Hudson	kane_buckridge@stiedemann.info	78855074
342	Ted	Willms	lowe-ivory@kris.us	67092764
343	Amos	Marvin	reichert_jerald@weimann.us	88312550
344	Tyshawn	Cummings	deckow-karlie@hoeger.ca	83709927
345	Bo	Cronin	beier-carlie@boehm.biz	77037098
346	Eino	Zieme	mohamed-klocko@hessel.name	63972570
347	Isabelle	Brekke	franecki-briana@sipes.name	60513626
348	Wanda	Borer	vonrueden_elisabeth@monahan.name	32201180
349	Yazmin	Welch	jamal.toy@crooks.us	54621797
350	Isac	Sawayn	stephon_schaefer@wisoky.name	11124989
351	Gwen	Bechtelar	rowe-josianne@bailey.co.uk	76654955
352	Lexie	Krajcik	harvey-karianne@lowe.info	40098955
353	Devyn	Parker	zola_schoen@smitham.ca	15275817
354	Betty	Kilback	gottlieb-isom@cummerata.com	37735795
355	Esteban	Gorczany	rippin-bella@brakus.com	69027158
356	Oran	Mueller	jacobs_hobart@boehm.us	20950431
357	Mariah	Purdy	rath-damon@weimann.info	75199022
358	Ona	Emard	deckow_camylle@harber.com	57848545
359	Sophie	Schneider	bradford.gleichner@jaskolski.name	57198302
360	Laverne	Wisozk	pierre.weber@lemke.biz	67262104
361	Lavada	Goldner	crooks-tom@brekke.com	72416557
362	Karina	Pollich	kunze-austin@sporer.info	57883063
363	Aryanna	Romaguera	weber.ismael@stiedemann.co.uk	78009762
364	Judge	Gerlach	michelle-heaney@durgan.co.uk	72696126
365	John	Fahey	upton-evie@balistreri.name	22990614
366	Dorris	Watsica	bergstrom.ed@leuschke.co.uk	50517641
367	Josephine	Williamson	avis.gulgowski@kutch.us	28581960
368	Kelsi	Stanton	ernser.nathen@damore.biz	14393671
369	Jose	Will	dana.ward@spinka.us	14177972
370	Maiya	Ferry	haag.beau@sawayn.ca	79837691
371	Deja	Lynch	smitham_guillermo@schowalter.ca	53410410
372	Jonatan	Daugherty	denesik_rigoberto@ferry.name	83558330
373	Evert	Mueller	verda_leffler@barton.ca	87490126
374	Pearline	Berge	curtis_ankunding@huel.co.uk	68929215
375	Deondre	Crona	victoria_dach@mcclure.com	27834296
376	Paula	Cummings	ryann.armstrong@corkery.us	11483471
377	Larissa	Maggio	monahan.petra@dare.name	37540218
378	Susanna	Spencer	katheryn-hudson@balistreri.biz	56710110
379	Guiseppe	Schiller	carlee-kautzer@smith.co.uk	85748032
380	Estella	Anderson	gino-witting@altenwerth.info	55971246
381	Alvera	Hegmann	wintheiser.aletha@cremin.info	21260161
382	Verona	Murray	georgianna_dare@borer.co.uk	67248621
383	Bill	Littel	martin-shields@greenfelder.us	69727088
384	Josefina	Emmerich	lurline-hamill@blick.biz	60006348
385	Christy	Okuneva	weimann_rebeka@bauch.co.uk	33282685
386	Jordane	Walker	murazik-madisyn@thiel.co.uk	88951500
387	Christine	Zieme	torphy.joe@metz.info	14601940
388	Sandra	Stroman	shawna_wiza@heaney.us	55264845
389	Virginie	Lubowitz	bogan_nash@braun.com	67545601
390	Brannon	Stokes	stracke-justen@kshlerin.name	68202484
391	Emerson	Lubowitz	pfeffer_adolph@donnelly.name	34752064
392	Rosa	Huel	ward_hellen@okeefe.us	73149087
393	Dangelo	Berge	wolff.brycen@dibbert.biz	27039604
394	Emilie	Nicolas	geovanni-goldner@friesen.info	75318101
395	Ian	Gusikowski	rhoda.cremin@keebler.co.uk	56247146
396	Emmitt	Ritchie	andrew-miller@hirthe.com	21129313
397	Susan	Kuvalis	asa_gulgowski@schultz.info	32507071
398	Rickey	Stamm	berge-leatha@schowalter.us	44007972
399	Adella	Hahn	haskell.boyle@heidenreich.ca	24012947
400	Merlin	Nader	dakota-kub@gorczany.info	18458613
401	Helen	Franecki	altenwerth.afton@lubowitz.info	51804180
402	Jarrod	Von	feil_verdie@fadel.us	88775291
403	Baylee	Kreiger	o'hara-hipolito@terry.name	71991966
404	Maxie	Veum	greenfelder.darby@towne.co.uk	43839828
405	Malvina	Cormier	elizabeth-von@friesen.co.uk	25261872
406	Elisha	Reichel	anna_mohr@tromp.co.uk	35351345
407	Fausto	Schultz	bayer_maynard@bednar.biz	13685114
408	Lucio	Mills	nader_elwyn@oconnell.info	38262087
409	Rosario	Jaskolski	bryon_wintheiser@jakubowski.info	63023700
410	Merritt	Halvorson	hansen_tre@stroman.biz	27706932
411	Domenic	Paucek	wisozk.brody@bashirian.co.uk	13392787
412	Houston	Balistreri	braulio-dach@hayes.biz	86462715
413	Yvette	Armstrong	blick-shad@ernser.name	21154101
414	Maximillia	Kris	wiza-hailie@volkman.ca	11801890
415	Jamar	Tillman	cruickshank.modesta@will.co.uk	15258923
416	Timmy	Hane	dietrich-candice@will.com	88836947
417	Leopoldo	Marquardt	birdie_grimes@hermann.us	62379827
418	Paris	Stiedemann	jacynthe-hoeger@stehr.name	83224402
419	Quinten	Schumm	fritsch.fausto@kuphal.info	49615640
420	Mariam	Deckow	ervin_kiehn@ohara.us	44469528
421	Eriberto	Prosacco	friesen.fatima@haley.com	33160169
422	Moses	Gutmann	emmett.schultz@wiegand.ca	84948590
423	Merl	Davis	luettgen-alfredo@kohler.us	28655129
424	Jimmy	Crist	pfeffer-nicolas@treutel.us	81189388
425	Carolina	Krajcik	abdullah_klocko@howell.info	55905660
426	Howard	Conroy	kuhic.domenick@welch.com	26812638
427	Okey	Osinski	adelia.wilkinson@moen.biz	85312673
428	Carmine	Wisoky	daniella.olson@krajcik.com	87510426
429	Cydney	Jaskolski	prosacco-mylene@medhurst.co.uk	44623318
430	Minnie	Hahn	windler_caesar@padberg.ca	60586080
431	Alvera	Littel	mayer_susie@lockman.com	37413250
432	Golda	Botsford	lorenz_johns@cummerata.ca	58010224
433	Halie	Ondricka	jadon_kuhic@stanton.biz	85600506
434	Donna	Kunde	fadel_frieda@morissette.us	41282920
435	Jackson	Gutkowski	bosco.kennedi@price.info	79905954
436	Jeremie	Volkman	zoe.kunze@walter.name	54153838
437	Murray	Conn	garfield_hane@kuhic.us	75549808
438	June	Stroman	lueilwitz_maiya@renner.info	38107182
439	Mabel	Brakus	evie.waelchi@schaefer.ca	28330627
440	Jenifer	Shanahan	raymond.bernhard@batz.biz	74527038
441	Terrence	Weber	cordelia-bednar@hane.com	57600963
442	Brad	Dickens	jamil_lemke@ratke.info	78393499
443	Mable	Gulgowski	leffler-kaelyn@terry.us	38388687
444	Estrella	Ledner	schmeler.kobe@fritsch.ca	65967518
445	Mallory	Schroeder	moshe-kreiger@becker.name	13173211
446	Randi	Kemmer	rolando_flatley@emard.us	71186809
447	Ceasar	Nader	feeney-ricky@grady.us	47654983
448	Reginald	Ziemann	goldner-kayla@wiegand.us	85230366
449	Maiya	Ebert	sharon.aufderhar@baumbach.co.uk	85971861
450	Gino	Conroy	hermiston_enos@grimes.name	59157683
451	Lessie	Maggio	wilber.buckridge@armstrong.info	81219602
452	Aiyana	Dickinson	rath.rosanna@goldner.com	46025712
453	Luella	Padberg	hulda-nikolaus@gerhold.info	30243859
454	Abbigail	McCullough	malvina-gerhold@padberg.co.uk	72832148
455	Myrna	Bogan	haley-cummerata@deckow.info	58389593
456	Marge	Brekke	paucek.neha@beahan.us	39785418
457	Arnulfo	Lindgren	kunze.dana@marks.com	84376799
458	Dustin	Pagac	blick.gilda@cole.info	10236549
459	Lexus	Kihn	marc_hahn@jewess.com	38964831
460	Jon	Homenick	jazmyn-pagac@considine.co.uk	12021175
461	Moises	Kuvalis	bode-marlee@bechtelar.com	15021813
462	Ramiro	O'Keefe	ortiz.jacinthe@mitchell.com	49600490
463	Archibald	Torp	rosalinda-rippin@waelchi.co.uk	34431934
464	Clifford	Purdy	hahn.destini@altenwerth.info	54301131
465	Mike	Torp	roselyn.huel@langworth.biz	82482418
466	Bradford	Swaniawski	darrick-collins@rowe.info	59467922
467	Shana	Sawayn	natalie.ebert@rodriguez.us	32767479
468	Marlon	Cummerata	spinka_althea@williamson.co.uk	53908830
469	Tyra	Moore	kreiger-nyasia@wilkinson.com	33564206
470	Keeley	DuBuque	homenick-anabel@schneider.co.uk	76775183
471	Benny	Erdman	goldner_mathew@ortiz.us	53483765
472	Anibal	Nader	stokes_cydney@kiehn.co.uk	21668265
473	Cedrick	O'Kon	wehner-nina@spinka.com	69549019
474	Marjory	Tremblay	mariam_nienow@krajcik.co.uk	35834135
475	Sarah	Turcotte	loyce-marvin@morissette.name	13501394
476	Dexter	Kemmer	ebert_isabelle@larkin.co.uk	83261009
477	Taurean	West	wintheiser-randall@wilderman.ca	11426945
478	Ottis	Crist	andreanne-huel@ferry.us	74525519
479	Corene	Reynolds	vladimir-jaskolski@kertzmann.co.uk	81160566
480	Nicholas	Torphy	langosh-dayton@hauck.co.uk	35595481
481	Emil	Wyman	anya-bartoletti@koss.us	33960407
482	Lizeth	Mann	dawn_jacobi@howell.info	38929691
483	Conner	Corwin	cristian.fadel@goodwin.name	56284751
484	Preston	Glover	lebsack-hortense@muller.biz	14657296
485	Furman	Abernathy	lubowitz-lelia@jast.co.uk	15184015
486	Yvette	Auer	strosin_modesto@heidenreich.biz	75332733
487	Caitlyn	Daugherty	koelpin_taryn@greenfelder.co.uk	59020151
488	Florence	Wunsch	stiedemann_velma@huels.biz	78529408
489	Jane	Eichmann	clementine_wisozk@mayer.info	44177352
490	Raphaelle	Rohan	franecki_mohammed@crona.info	48341660
491	Mittie	Cole	austen.murphy@tromp.biz	72049637
492	Jesse	Hermiston	jast-jeanette@ohara.info	85307516
493	Breanne	Medhurst	stracke.ettie@fay.ca	73577327
494	Newell	Kohler	kuhlman_toney@goodwin.ca	22599571
495	Claude	Stamm	kadin.bailey@hackett.ca	89025743
496	Kaleb	Waelchi	paucek.yazmin@stokes.co.uk	44430752
497	Maximillia	Lubowitz	evangeline_ankunding@ferry.com	67366297
498	Sarina	Stark	carley-dietrich@boyle.biz	47966849
499	Larry	Daugherty	minnie-reichert@hoppe.co.uk	45491441
500	Sterling	Leuschke	maximus.koss@ferry.info	46568835
501	Jordane	Herzog	lemke_samir@sauer.ca	85794757
502	Misael	Farrell	adam_balistreri@schmeler.us	57880489
503	Queenie	Rempel	blanda_rosanna@beatty.us	64696598
504	Gay	Stehr	grant_dejon@schumm.info	62071795
505	Dereck	Batz	jermain.schimmel@jerde.info	77899899
506	Hailie	Crooks	gibson-abdul@becker.ca	26874892
507	Desmond	Schmeler	damien_koelpin@heaney.us	68782821
508	Danielle	Reinger	cassie-baumbach@jacobson.us	81194031
509	Elisabeth	Walsh	norval_hilll@larson.name	56914756
510	Kaylin	Hilpert	gudrun.huel@mayer.biz	63502488
511	Darron	Larson	patricia-kulas@prosacco.ca	28505266
512	Maximus	Mohr	maribel-will@beer.name	75596510
513	Reagan	Spencer	terrell.walter@dare.us	22288426
514	Samanta	Rodriguez	alexanne.kuhlman@lemke.us	64461845
515	Kaley	Berge	gislason_easter@okeefe.name	47238702
516	Susana	Gulgowski	adelle-wehner@moen.co.uk	77132887
517	Lou	Walsh	jeff-jast@medhurst.name	24085271
518	Eduardo	Kris	anderson_beatty@keebler.com	26584600
519	Cloyd	Bechtelar	gorczany.coralie@metz.us	71619970
520	Whitney	Gerlach	gutmann_sheridan@beier.com	40258121
521	Blaise	Grant	braxton.waelchi@leffler.com	86888667
522	Etha	Johnson	thompson.horace@blick.name	57317967
523	Maye	Ernser	israel-farrell@pouros.com	30041415
524	Zachariah	Pfannerstill	fernando_farrell@bradtke.us	10865284
525	Jacinthe	Kunde	koepp-ellis@gerlach.us	68834890
526	Chasity	Jones	louie_hodkiewicz@mraz.co.uk	11532413
527	Electa	Fadel	klocko.desmond@renner.com	73100900
528	Dandre	Pfannerstill	lilian.conroy@rutherford.us	38136712
529	Herminia	Kessler	white_savanna@wyman.biz	53257852
530	Hilbert	Hilll	felix-wiza@gibson.info	84315072
531	Reuben	Schaefer	larson_alexandra@oreilly.co.uk	86353587
532	Mauricio	Wunsch	stanton-israel@mitchell.info	20872844
533	Dayton	Hand	pacocha.kathleen@konopelski.ca	41288487
534	Theodore	Hansen	mayra.deckow@conn.info	41228271
535	Archibald	Jast	schneider-ryder@damore.info	55745071
536	Hildegard	Von	lueilwitz-giuseppe@crooks.us	69649813
537	Brigitte	Hahn	evalyn-hauck@stark.co.uk	44680017
538	Glenna	Veum	levi.wiegand@wintheiser.ca	38161086
539	Osvaldo	Erdman	barney_haag@graham.biz	67247951
540	Cali	Ledner	muhammad_mueller@wehner.us	62549813
541	Macey	Kuhn	elias.dubuque@braun.us	18746855
542	Frederick	Zieme	brakus.jewel@hane.name	47321543
543	Alvera	Tremblay	hellen_heidenreich@zulauf.co.uk	25709641
544	Sibyl	Lemke	hoeger_malinda@koch.us	49009338
545	Frederic	Wilderman	linnie_dibbert@schmeler.com	87199437
546	Syble	Collier	hayden.johnson@lebsack.info	19161519
547	David	Bruen	stamm.terry@pfeffer.biz	11171545
548	Ima	Gleason	price-gustave@bins.co.uk	31373822
549	Sierra	Smith	caesar.heidenreich@wolf.co.uk	69592196
550	Violet	Muller	colleen.flatley@gottlieb.biz	31453340
551	Ahmad	Strosin	kozey.emerald@kohler.com	54588572
552	Terry	Kris	favian.prosacco@parker.com	32686602
553	Sandrine	Rempel	marian_farrell@konopelski.co.uk	26551880
554	Charity	Lynch	jermaine-mccullough@leffler.com	56247237
555	Hiram	Parker	fadel_karelle@kovacek.us	27801994
556	Raleigh	Zieme	ronny-mraz@kautzer.ca	86992862
557	Dorian	Rau	dietrich-tyree@ebert.us	88084606
558	Creola	Smitham	white_bria@abshire.biz	44841603
559	Heloise	Sawayn	krajcik.ludie@rath.biz	41724157
560	Jess	Dooley	scot_weimann@turcotte.co.uk	63238168
561	Jolie	Quitzon	stacy_weber@boyer.com	84916850
562	Margie	Miller	cormier.annetta@gerhold.name	57896533
563	Jarrett	McLaughlin	rutherford-ilene@will.biz	27757163
564	Myrna	Denesik	kling-chad@lueilwitz.info	61295076
565	Desiree	Cartwright	luigi-medhurst@hodkiewicz.com	73425448
566	Marisa	Langosh	ryann-stiedemann@kemmer.us	73926874
567	Celia	Marks	carmella-pagac@hintz.ca	56686340
568	Jermey	O'Kon	nicolas-patience@brown.info	31834745
569	Johann	Hermiston	conn_manley@lesch.ca	38796324
570	Carolina	Stamm	towne_tatyana@mcglynn.name	28496472
571	Laila	Daniel	crooks-kendrick@douglas.name	48004651
572	Brando	Leannon	renner.zack@rath.biz	73826585
573	Roma	Swaniawski	howe_dawn@oconnell.ca	30097766
574	Annabell	Wehner	yost.aric@mertz.biz	76071624
575	Sibyl	Sawayn	janelle_eichmann@rolfson.biz	33237403
576	Carmen	Mitchell	janae_lehner@harris.com	55994447
577	Caden	Trantow	zulauf_stephen@huels.ca	23638762
578	Elmira	Ankunding	deion-carroll@schoen.ca	57827191
579	Shemar	Walker	dessie-morar@murazik.info	71242342
580	Quinton	Fay	fern_ledner@kemmer.name	64916431
581	Cristina	Ziemann	maxie.schimmel@kirlin.name	36500893
582	Gayle	Dibbert	howe_miller@pfannerstill.info	20996180
583	Emily	Lind	shanahan_casey@auer.biz	53906119
584	Dena	Gottlieb	humberto.lang@moen.co.uk	86616050
585	Percival	Lind	mallory.brekke@schaefer.com	46273020
586	Sharon	Rempel	ortiz-giovanny@kulas.co.uk	26120632
587	Emmanuelle	Price	bauch.isabell@cormier.com	50130512
588	Jamal	Douglas	harry.morar@hayes.biz	28520507
589	Edd	McGlynn	melyssa_barrows@senger.ca	38617076
590	Dejon	Collier	lavada_hackett@gusikowski.name	25631683
591	Shaun	Boyle	rath_karli@konopelski.co.uk	42398347
592	Theo	Oga	merlin-franecki@windler.us	85906245
593	Favian	Marquardt	melyssa-o'keefe@murazik.com	69843527
594	Pascale	Gutkowski	elisa_wolff@flatley.name	68178650
595	Stanton	Erdman	lueilwitz.yoshiko@mueller.name	83525786
596	Reese	Walker	halvorson_gabriella@satterfield.info	73811552
597	Addison	Kunde	robin_miller@west.name	31535636
598	Bartholome	Kassulke	morissette_eleanore@ruecker.info	82320606
599	Reba	Stamm	drew.pfannerstill@wyman.biz	34377682
600	Katlyn	Hamill	melyna.marks@watsica.biz	20378331
601	Serena	Harris	dietrich.carolanne@becker.com	23784353
602	Jaunita	Monahan	hessel_maxie@gislason.name	74684044
603	Harold	Rolfson	mcclure-roma@runolfsson.info	64476061
604	Caleigh	Reichel	champlin-hollie@gerhold.com	23372379
605	Shakira	Lubowitz	luz-casper@beahan.com	32222302
606	Karine	Watsica	brown-wellington@heller.ca	59462006
607	Monserrate	Lebsack	devyn.swift@bogan.name	68434983
608	Thurman	Emmerich	favian.zboncak@little.us	53076259
609	Barry	Marvin	ashleigh_greenfelder@kertzmann.biz	13188487
610	Tyler	Boyle	orie-jacobi@hyatt.name	18343155
611	Burley	Torphy	kihn_stanley@schmidt.ca	48094736
612	Jerrell	Casper	noemi.von@thompson.info	53976698
613	Nyasia	Lebsack	ruecker.alba@bruen.us	27260820
614	Enid	Koelpin	boyd_considine@farrell.name	21515926
615	Pearlie	Schimmel	bashirian-allen@pfannerstill.ca	78091341
616	Mekhi	Friesen	jacobson.madilyn@kohler.us	51578864
617	Clay	McCullough	tillman-lela@lockman.info	35663348
618	Americo	O'Conner	dickens_gerhard@welch.us	81877030
619	Earnestine	Stiedemann	berenice-o'kon@kuvalis.ca	11775089
620	Destini	Windler	collier.marcia@jakubowski.name	76596962
621	Rosalyn	Dicki	kadin_hermann@robel.biz	62538537
622	Orin	Lesch	harvey.deven@predovic.co.uk	85878577
623	Reid	Kutch	chaz.maggio@haley.name	15851939
624	Korbin	Halvorson	mathew-moen@rohan.info	51372411
625	Delta	Powlowski	camille.predovic@wyman.co.uk	25851389
626	Jerald	Zulauf	izaiah_mayer@quigley.biz	88246232
627	Anahi	Roob	goldner.alexandrine@abernathy.ca	80780176
628	Jefferey	Torphy	gorczany-reyna@abernathy.info	72000427
629	Zella	Rempel	juwan_johnson@lynch.co.uk	68635716
630	Shannon	Franecki	abagail_barrows@beahan.com	46023395
631	Ruthie	Gislason	stiedemann.isaac@collins.com	28430360
632	Abdiel	Ritchie	josiah.gutkowski@rodriguez.ca	81403570
633	Dolly	Schaefer	isabelle-cole@miller.biz	19330114
634	Polly	Kilback	vincent.dooley@grant.biz	27463147
635	Kian	Carter	bernita.mertz@hirthe.ca	70529539
636	Rosa	Pouros	goyette_aurelia@lind.info	11345461
637	Leanne	Connelly	o'hara_rosina@buckridge.ca	83918521
638	Mckenzie	Legros	miller-turcotte@kirlin.info	56764847
639	Kiel	Watsica	lewis.hamill@padberg.co.uk	40511520
640	Amaya	Bruen	marvin_elbert@balistreri.com	12541751
641	Zena	Baumbach	paucek_aurelio@lang.biz	65354827
642	Lina	Padberg	lynch_jarret@johnson.us	32508476
643	Lyda	Schaefer	klocko-connor@carroll.com	86598242
644	Elta	Renner	otilia_cassin@conn.name	63743535
645	Dejon	Jones	deckow.troy@little.name	77402759
646	Joel	Reinger	horace_pouros@blanda.com	66382322
647	Wilson	Bartell	herman.winston@gutmann.info	41162540
648	Jabari	Rohan	mante-torey@walker.us	89147351
649	Dayne	Strosin	agnes_wolff@gutmann.biz	26544433
650	Annamarie	Huels	trace-becker@kertzmann.ca	39558194
651	Emmett	Mraz	schmidt.gardner@herman.info	81691804
652	Marguerite	Huels	raven_ullrich@kunde.co.uk	24590472
653	Brenda	McDermott	dietrich.raquel@rau.com	25784801
654	Rosina	Mitchell	monica.emard@sporer.info	25794887
655	Lionel	Witting	javon-ratke@brakus.name	60309742
656	Oleta	Lynch	floyd-gutmann@daniel.info	44434794
657	Monte	Vandervort	trenton.walter@gislason.name	23214141
658	Nolan	Kris	esperanza_wisozk@runolfsson.name	28080354
659	Shannon	Kessler	collins-boris@volkman.name	20041495
660	Jaylen	Purdy	maci.gusikowski@metz.ca	58854473
661	Winifred	Jakubowski	keebler_lottie@carroll.co.uk	63921086
662	Asa	Simonis	maggio-orval@jast.biz	77422638
663	Katarina	Maggio	maynard-goodwin@heaney.co.uk	86738039
664	Arlo	Ebert	mueller-tyrell@rolfson.name	14481013
665	Juliana	Wiegand	alia-bradtke@ullrich.us	64144261
666	Calista	Heaney	bergnaum.raoul@kohler.us	88079247
667	Tatum	Sanford	eleazar-beer@kreiger.co.uk	23312558
668	Coy	Hamill	tromp_kenya@monahan.name	64698839
669	Graciela	Ziemann	dorthy_jacobs@purdy.info	81866290
670	Santa	Crona	ethelyn-tromp@hirthe.name	85811921
671	Faustino	Keebler	lily-hauck@hammes.us	64809746
672	Imogene	Okuneva	o'connell.stephania@goyette.com	60339856
673	Vallie	Runte	kraig-langworth@kuhlman.ca	18805774
674	Jazlyn	Mohr	wunsch.hobart@heaney.biz	41024657
675	Kaleb	Osinski	macejkovic-skylar@boyle.com	19359527
676	Coralie	Hoppe	wiegand-mustafa@bergnaum.name	35777651
677	Lonzo	Stiedemann	ressie_leannon@ankunding.com	41014330
678	Grady	Zieme	kuvalis-hershel@okuneva.us	64406891
679	Dorris	Barrows	thad-legros@kunze.name	81983142
680	Clarabelle	Reichert	wava.ebert@rogahn.us	62353190
681	Myriam	Tromp	katarina.wuckert@becker.info	64086184
682	Betsy	Rempel	buckridge_cleta@powlowski.name	54976404
683	Hector	Welch	torp.mollie@gaylord.us	79769571
684	Xavier	Murazik	upton.nichole@steuber.ca	19098751
685	Marguerite	Kohler	mosciski-kayla@rath.co.uk	73367343
686	Alene	Swift	florine_raynor@corkery.biz	38296964
687	Breanne	Reynolds	alejandrin_wilderman@okeefe.us	85047951
688	Michel	Bernhard	justine.schaden@metz.co.uk	63695792
689	Evie	Schaefer	kory.jaskolski@ferry.com	52238385
690	Jeff	Marks	nader_candace@kassulke.co.uk	25168999
691	Ali	Senger	schoen-fidel@dibbert.name	73852942
692	Travis	Streich	batz_angie@hickle.ca	74150024
693	Rey	Balistreri	feil_leda@pollich.biz	57774621
694	Ernie	Gottlieb	dietrich-rodrigo@becker.us	19740650
695	Maia	Schultz	krista-daugherty@moore.info	13043521
696	Carroll	Macejkovic	christiansen_edna@sauer.com	79418066
697	Shannon	O'Conner	bert.durgan@kilback.name	74408248
698	Frederic	Schmidt	schaefer-joyce@mitchell.co.uk	22189106
699	Marilie	Turcotte	abernathy_lupe@upton.co.uk	11694817
700	Mohamed	Crist	crooks_princess@beier.us	51375280
701	Everette	Spinka	aniyah.osinski@bednar.ca	41169092
702	Dedric	Hoppe	bosco-roger@lueilwitz.com	29538540
703	Palma	Vandervort	dax_schmeler@koelpin.co.uk	54599001
704	Newell	Cassin	upton.brigitte@buckridge.biz	72577431
705	Christa	Dickens	andrew-anderson@yundt.us	89097815
706	Katlyn	Marks	twila-grimes@jacobs.info	59326452
707	Litzy	Aufderhar	isac.johnston@walsh.biz	17818793
708	Lue	Moen	schowalter.jerald@huel.biz	86845827
709	Yasmine	Brakus	hane.christine@kris.us	41960380
710	Florian	Schuppe	schroeder_guiseppe@stoltenberg.com	14980834
711	Tyree	Padberg	montana_fahey@murray.info	55920201
712	Durward	Nitzsche	jo_kovacek@goyette.info	46810069
713	Orion	Witting	montana-reynolds@rice.info	48141685
714	Aletha	Runolfsdottir	beier-catharine@walter.biz	78990380
715	Korbin	Rutherford	kassulke.joy@bins.ca	56048299
716	Gaylord	Huels	agustina_legros@wolff.info	89584498
717	Hanna	Hackett	weimann_jannie@blick.ca	66313712
718	Randall	Hyatt	ward_oga@schmeler.com	16814469
719	Rosemarie	Bogisich	beatty-june@doyle.info	24700660
720	Jasper	Batz	georgianna_bernier@kunze.info	11833234
721	Elise	Bailey	littel.arno@thompson.ca	57103911
722	Wilford	Bernier	catalina-bernier@stanton.ca	39297738
723	Donny	Yost	florida_dooley@bailey.co.uk	69778684
724	Vilma	Von	kertzmann.greg@nicolas.biz	78136033
725	Orval	Hahn	mariela-braun@weimann.biz	47214310
726	Halle	Gleason	emilie_friesen@batz.name	33944446
727	Beatrice	Lebsack	lizeth-lindgren@lang.co.uk	48859863
728	Jessika	D'Amore	lakin.sheldon@crona.co.uk	78753131
729	Karine	Harris	dexter_terry@pfannerstill.co.uk	44102454
730	Kianna	Hoeger	matteo.leffler@bahringer.com	83169752
731	Rickie	Kemmer	dickinson_emmie@runolfsdottir.com	46284525
732	Sean	Kautzer	jerde-estel@wolf.biz	44789568
733	Martine	Wolff	berge.jevon@gulgowski.name	17401604
734	Eva	Nikolaus	langworth.madisyn@johnson.name	29083175
735	Haley	Lehner	alyce-daniel@kohler.biz	84689008
736	Lazaro	Ratke	kaylah_willms@bashirian.co.uk	72458019
737	Lee	Heller	schiller.ora@cartwright.ca	43395332
738	Karelle	Christiansen	quigley.phyllis@schulist.info	69909780
739	Keara	Miller	wolff.clemmie@okeefe.co.uk	74908873
740	Lempi	Graham	krajcik_vilma@breitenberg.info	37768369
741	Terrance	Bernier	hahn-pierce@bosco.name	13738952
742	Winona	Greenholt	fritsch_judy@batz.biz	56894067
743	Ernest	Swift	nikolaus.annie@hintz.biz	15250731
744	Camden	Bernier	kessler-adeline@cummings.info	88129119
745	Braden	Grimes	ritchie.isaias@adams.co.uk	64805390
746	Toy	Wilderman	al.harris@torp.co.uk	15297585
747	Floy	Weimann	gretchen-kautzer@heaney.com	66260093
748	Humberto	Block	norval.beahan@frami.biz	60578754
749	Laisha	Medhurst	olson.rozella@fahey.com	49098642
750	Briana	Doyle	ritchie_alda@macejkovic.us	26630341
751	Osvaldo	Feeney	everette.kirlin@berge.biz	25177402
752	Everardo	Nitzsche	wilkinson-esther@corkery.co.uk	76332500
753	Gregoria	Kemmer	schumm.alberta@kihn.com	15352703
754	Kim	Hagenes	mcdermott_bobby@kirlin.info	21363575
755	Ryann	Rempel	dessie_lynch@mayert.biz	17997648
756	Nora	Dach	schumm_katlynn@greenfelder.name	32142904
757	Estrella	Cronin	everette-becker@bernhard.biz	19928924
758	Carey	Schimmel	austen.stroman@feil.com	77077057
759	Felipe	Stanton	geovany_smitham@boyle.info	57630679
760	Reese	Schoen	denesik.jocelyn@lesch.co.uk	60821290
761	Amya	Schaefer	schowalter-lysanne@jakubowski.name	25959791
762	Else	Towne	kirlin.tom@koch.ca	54286314
763	Owen	Labadie	gunner_hamill@dooley.co.uk	23040778
764	Maggie	Denesik	gregg.hagenes@shanahan.name	35250122
765	Bridget	Goyette	weber_erica@purdy.us	83624321
766	Therese	Dickinson	kunde-leonie@hartmann.name	42081654
767	Toni	Kunde	hammes.zora@boyer.ca	70066355
768	Gabrielle	Wolff	vaughn.kemmer@parisian.co.uk	77011175
769	Bertrand	Hessel	casey_mayert@mohr.name	15471931
770	Clovis	Stokes	dicki.dakota@brakus.us	13921760
771	Dandre	Dicki	runolfsdottir_cecilia@botsford.us	55629742
772	Delaney	Quigley	pfeffer_jovani@lebsack.co.uk	52944928
773	Chelsey	Bergstrom	ernser-jamel@smitham.biz	69277098
774	Toby	Mosciski	renner-adriel@heathcote.co.uk	51816625
775	Ted	Anderson	nathan.lehner@jacobs.name	21340170
776	Lynn	Mayer	alison_mckenzie@pacocha.biz	77911463
777	Victoria	Purdy	angie_tremblay@collins.co.uk	73914369
778	Seth	Predovic	runolfsson_lizzie@quigley.ca	39221550
779	Althea	Kozey	alexandrine-davis@mueller.co.uk	30875909
780	Pearlie	Koelpin	estell.berge@becker.ca	72211791
781	Anissa	O'Kon	kameron-hamill@conroy.info	64989665
782	Reina	Corkery	amira.harvey@crist.biz	43465254
783	Jana	Wintheiser	shanahan_brandon@cartwright.info	67849850
784	Brock	Bayer	flavie.hayes@bauch.us	35955682
785	Gwen	Schuppe	logan-boyer@dubuque.us	78208695
786	Dominic	Cummings	hoppe-dejon@quigley.co.uk	42521625
787	Tremayne	Harber	barton-danyka@will.name	18536296
788	Oswaldo	Mohr	bernice-block@marvin.ca	12997745
789	Allene	Lueilwitz	waino_marquardt@douglas.info	13449737
790	Kimberly	Stehr	mante.oscar@bergstrom.biz	87089988
791	Lucius	Schamberger	beahan_savanah@volkman.com	31597319
792	Aaliyah	Kris	kozey.aleen@purdy.co.uk	83193273
793	Morris	Toy	collins_gregg@hodkiewicz.ca	78164872
794	Hilario	Wintheiser	conn-ora@sauer.com	39130379
795	Angelita	Blick	kamron-wintheiser@grady.name	63255057
796	Keagan	Walsh	ciara-kemmer@hilll.biz	20979116
797	Morton	Cassin	kertzmann_rogelio@hyatt.ca	33126485
798	Vern	Jacobi	neil.collier@armstrong.ca	71940085
799	Dovie	Koepp	vivianne-hintz@gibson.co.uk	75141812
800	Vivien	O'Kon	blick.ari@keebler.info	81527374
\.


--
-- Data for Name: flyway_schema_history; Type: TABLE DATA; Schema: public; Owner: postgres
--

COPY public.flyway_schema_history (installed_rank, version, description, type, script, checksum, installed_by, installed_on, execution_time, success) FROM stdin;
1	1	create base entities	SQL	V1__create_base_entities.sql	-219098641	postgres	2025-06-03 09:19:06.010375	89	t
2	2	create dependent entities	SQL	V2__create_dependent_entities.sql	-1825759258	postgres	2025-06-03 09:19:06.149687	44	t
3	3	create supportive entities	SQL	V3__create_supportive_entities.sql	-1600151593	postgres	2025-06-03 09:19:06.222785	106	t
\.


--
-- Data for Name: logistic_company; Type: TABLE DATA; Schema: public; Owner: postgres
--

COPY public.logistic_company (id, name, api_base_url) FROM stdin;
1	Weissnat-Treutel	https://kuphal.us
2	Nicolas Inc	https://blanda.co.uk
3	Gerhold, Monahan and Wilkinson	https://wolf.us
4	Hauck and Sons	https://becker.co.uk
5	Runolfsdottir LLC	https://gleichner.co.uk
6	Welch-Huels	https://mraz.com
7	Wilderman, Dooley and Morar	https://skiles.name
8	Marvin-Wisozk	https://dickinson.us
9	Bayer-Volkman	https://gulgowski.ca
10	Dicki-Waelchi	https://schuppe.biz
11	Block, Tillman and Dickinson	https://bergnaum.ca
12	Harris LLC	https://pacocha.biz
13	Goldner Group	https://thompson.biz
14	Quigley and Sons	https://anderson.com
15	Bode LLC	https://daniel.name
16	Blick Inc	https://renner.name
17	Johns-Block	https://thompson.name
18	Lang-Klocko	https://ruecker.co.uk
19	Dicki-Bayer	https://hoppe.ca
20	Stiedemann-Fadel	https://johnston.com
21	Langworth, Treutel and Armstrong	https://fahey.name
22	Hand, Bernier and Hintz	https://schuppe.ca
23	Greenfelder, Ledner and Berge	https://oga.co.uk
24	Rath, Runolfsson and Marks	https://mills.us
25	Boyle-Hane	https://wuckert.co.uk
26	Jakubowski LLC	https://schaefer.biz
27	Ziemann LLC	https://witting.com
28	Lynch Inc	https://lesch.ca
29	Keeling-Reilly	https://towne.com
30	Lueilwitz, Bailey and Muller	https://bashirian.com
31	Runolfsson, Pollich and Marvin	https://grady.name
32	Vandervort, Kozey and Ebert	https://streich.biz
33	Johnson, Mann and Hettinger	https://okeefe.name
34	Medhurst Inc	https://wolf.info
35	Swift, Yundt and Lakin	https://hagenes.us
36	Botsford Group	https://kuhn.co.uk
37	McCullough-Dickinson	https://hane.name
38	Goyette, Waters and West	https://bogisich.us
39	Lebsack LLC	https://simonis.name
40	Tremblay Inc	https://morar.co.uk
41	Yost, Kassulke and Heathcote	https://swaniawski.co.uk
42	Swift Group	https://price.biz
43	Howell Group	https://lind.com
44	Koelpin, Bernier and Kub	https://okeefe.name
45	Kozey, Ullrich and Witting	https://crooks.ca
46	White, Von and Jakubowski	https://langosh.com
47	Reichert-Homenick	https://kertzmann.ca
48	Rogahn Group	https://anderson.co.uk
49	Fadel Group	https://haag.info
50	Lueilwitz-Kirlin	https://mohr.ca
51	McGlynn and Sons	https://price.biz
52	Schaden and Sons	https://schimmel.us
53	Trantow-Wiegand	https://gulgowski.name
54	Becker, Wisozk and Hills	https://mckenzie.co.uk
55	Witting Group	https://hermann.biz
56	Schroeder, Cruickshank and Rempel	https://friesen.us
57	Corwin, D'Amore and Lynch	https://schamberger.com
58	Denesik Inc	https://price.biz
59	Stamm and Sons	https://lindgren.us
60	O'Hara, Goodwin and Harber	https://lakin.info
61	Mills-Mertz	https://hilll.ca
62	Russel, Balistreri and Upton	https://bergnaum.ca
63	Tillman, Wintheiser and Pfeffer	https://hand.com
64	Pfeffer-Predovic	https://smitham.com
65	Fay, Wisoky and Dibbert	https://davis.com
66	Koepp, Hilll and Lynch	https://wiza.biz
67	Ritchie and Sons	https://friesen.name
68	Breitenberg-Fay	https://hoppe.ca
69	Pfannerstill-Goodwin	https://koelpin.biz
70	Hettinger Group	https://franecki.biz
71	Botsford-Ward	https://reilly.us
72	Wolff-Parisian	https://gislason.info
73	Bosco-Larkin	https://johnson.com
74	Larson, Padberg and Abbott	https://kuhlman.co.uk
75	Kerluke-Carroll	https://brakus.co.uk
76	Gorczany Group	https://christiansen.us
77	Bernier, Ernser and Feeney	https://stamm.name
78	Torphy-Emard	https://larson.ca
79	Cartwright, Watsica and Reinger	https://mills.com
80	Terry-Paucek	https://emmerich.info
81	Kozey, Hammes and Lindgren	https://hyatt.biz
82	Reilly-Quitzon	https://shields.com
83	Murray, Kerluke and Gleason	https://damore.co.uk
84	O'Keefe-Langosh	https://schneider.co.uk
85	Lowe and Sons	https://lowe.biz
86	Shields-Bauch	https://miller.co.uk
87	Bechtelar and Sons	https://kassulke.name
88	Raynor Group	https://deckow.com
89	Satterfield, Lakin and Bednar	https://bruen.com
90	Connelly-Reichert	https://trantow.co.uk
91	Strosin Inc	https://considine.co.uk
92	Boehm, Rempel and Stark	https://daugherty.info
93	Koss, Hayes and Kuhic	https://wyman.ca
94	Lubowitz-Rippin	https://wunsch.info
95	Kuphal-Bartell	https://lind.ca
96	Hyatt-Koepp	https://lueilwitz.biz
97	Wunsch-Doyle	https://hoeger.us
98	Braun-Rodriguez	https://lind.ca
99	Maggio, Rohan and Macejkovic	https://leannon.biz
100	Lebsack Group	https://boehm.name
101	Eichmann-Mosciski	https://wunsch.name
102	Moore, Prohaska and Stracke	https://maggio.us
103	Walsh Group	https://cruickshank.co.uk
104	Dietrich Group	https://jerde.co.uk
105	Greenfelder, Dach and McCullough	https://huels.biz
106	Franecki, Monahan and Barton	https://keeling.name
107	Ankunding LLC	https://gutkowski.name
108	Hamill, Morissette and Erdman	https://heaney.biz
109	Walker, Hansen and Moen	https://kreiger.biz
110	Becker-Wolf	https://bogisich.co.uk
111	Dicki-Kunze	https://stoltenberg.info
112	Gerhold, Oberbrunner and Bosco	https://rath.us
113	Beahan-Pfeffer	https://mitchell.info
114	Donnelly and Sons	https://torphy.info
115	Cruickshank, Fay and Purdy	https://emmerich.us
116	Murphy Inc	https://ortiz.name
117	Cummings-Welch	https://dicki.ca
118	Nicolas, Powlowski and Emmerich	https://weissnat.us
119	Ritchie-Prosacco	https://bosco.us
120	Rau and Sons	https://durgan.info
121	Feeney Inc	https://macejkovic.biz
122	Schowalter-Morar	https://damore.info
123	Corwin, Koepp and Becker	https://batz.biz
124	Will, Hammes and Miller	https://shanahan.biz
125	Terry-Hoeger	https://orn.com
126	Kunze and Sons	https://robel.name
127	Collier-Effertz	https://abernathy.name
128	Rutherford, Mertz and Hoppe	https://schoen.ca
129	Robel Group	https://hudson.name
130	Beier-Yundt	https://grady.biz
131	Beier, DuBuque and Wisoky	https://howe.com
132	Kutch Group	https://swaniawski.co.uk
133	Franecki-Tromp	https://koelpin.info
134	Vandervort-Bogisich	https://larkin.ca
135	Romaguera-Balistreri	https://doyle.info
136	Berge, Hammes and Senger	https://fisher.com
137	Ward-DuBuque	https://franecki.biz
138	McKenzie Inc	https://denesik.co.uk
139	Rath-Heller	https://kuphal.name
140	Lebsack-Wyman	https://kuphal.co.uk
141	Marquardt-Hayes	https://hilpert.info
142	Hauck, Ward and Conn	https://johns.info
143	Leffler LLC	https://upton.co.uk
144	Skiles-Kuhn	https://heidenreich.info
145	Rohan, McLaughlin and Kilback	https://leffler.us
146	Christiansen, Leuschke and Emmerich	https://eichmann.name
147	Cruickshank, Bergstrom and Terry	https://okeefe.ca
148	O'Hara-Morissette	https://daniel.ca
149	Skiles-Zulauf	https://mcdermott.biz
150	Paucek Inc	https://abshire.biz
151	Smitham, Gleichner and Runte	https://schmitt.ca
152	O'Conner-O'Hara	https://price.us
153	Beahan Inc	https://mcdermott.info
154	Nader Inc	https://treutel.co.uk
155	McGlynn-Balistreri	https://mcdermott.biz
156	Jaskolski LLC	https://stiedemann.name
157	Fisher-Predovic	https://cummings.ca
158	Ortiz, Barton and Luettgen	https://gerlach.info
159	Nitzsche-Bednar	https://lueilwitz.com
160	Crooks-Rempel	https://mueller.ca
161	Wisoky Inc	https://jacobi.name
162	O'Keefe-Kreiger	https://nikolaus.ca
163	Hudson Group	https://mckenzie.name
164	Veum, Mertz and Kemmer	https://kautzer.name
165	Tillman-Windler	https://jast.com
166	Johnston, Zieme and Lowe	https://kshlerin.name
167	McDermott, Gutkowski and Heaney	https://orn.name
168	Brown, Rodriguez and Cremin	https://runolfsson.biz
169	Stark-Hodkiewicz	https://stracke.us
170	Windler-Kuphal	https://bergstrom.ca
171	Reilly, Hermiston and Kuphal	https://lesch.info
172	Dare-Moore	https://tremblay.name
173	Weissnat, Torp and Erdman	https://olson.co.uk
174	Nolan LLC	https://schowalter.com
175	Armstrong, Vandervort and Rath	https://oreilly.info
176	Ernser, Jakubowski and Haag	https://cormier.co.uk
177	Rice-Heaney	https://johnston.info
178	Jenkins LLC	https://dickinson.us
179	Rath-Collier	https://shanahan.name
180	Miller-Murray	https://tillman.us
181	Hessel LLC	https://bartell.biz
182	Howell and Sons	https://stoltenberg.us
183	Howell Inc	https://lesch.info
184	Huel-Daugherty	https://schoen.ca
185	Erdman and Sons	https://wilderman.ca
186	Buckridge Group	https://kutch.co.uk
187	Wiegand Inc	https://erdman.co.uk
188	Becker, Hodkiewicz and Grimes	https://ritchie.ca
189	Ondricka-Stroman	https://pollich.info
190	Oberbrunner and Sons	https://ratke.ca
191	Dickens-Larkin	https://jewess.ca
192	Osinski-Armstrong	https://carter.us
193	Rohan and Sons	https://simonis.biz
194	Haley, Kunde and Reinger	https://rolfson.biz
195	Schimmel, Schumm and Bernhard	https://heathcote.co.uk
196	Dach-Schamberger	https://west.biz
197	Carroll LLC	https://okon.info
198	Mayert-Zieme	https://bogan.info
199	Abshire, Konopelski and Mohr	https://walter.info
200	Abshire and Sons	https://abbott.biz
201	Corkery, Okuneva and Marquardt	https://rutherford.co.uk
202	Little, Hudson and Keeling	https://wuckert.us
203	Beier, Gleichner and Anderson	https://gottlieb.ca
204	Beatty-Abbott	https://strosin.us
205	Hayes, Jerde and Gutkowski	https://ritchie.info
206	Aufderhar and Sons	https://prosacco.info
207	Halvorson LLC	https://stoltenberg.com
208	Hilll-Schaefer	https://bode.name
209	Mertz LLC	https://heathcote.com
210	Cassin, Kessler and Glover	https://ondricka.us
211	Kirlin LLC	https://osinski.co.uk
212	McClure, Raynor and Swaniawski	https://kulas.biz
213	Rosenbaum, Ondricka and Hodkiewicz	https://kunde.name
214	Feeney Inc	https://doyle.name
215	Dicki Inc	https://cormier.ca
216	Torphy, Hilll and Collier	https://schneider.name
217	Rodriguez, Hermann and Willms	https://osinski.us
218	Sipes-Harris	https://nitzsche.biz
219	Lebsack, Okuneva and Kuhlman	https://lowe.ca
220	Hansen Inc	https://wolff.us
221	Heller-Schmidt	https://conn.ca
222	Jenkins, Rolfson and DuBuque	https://kerluke.ca
223	Hickle-Sauer	https://keeling.com
224	Bauch and Sons	https://wisozk.info
225	Shanahan, Wyman and Volkman	https://larkin.ca
226	Haley LLC	https://parker.info
227	Gleichner-Hermann	https://spinka.info
228	Lueilwitz and Sons	https://mraz.info
229	Schimmel Inc	https://shields.com
230	Crooks, Mertz and Torphy	https://kling.info
231	Rice, Waters and Flatley	https://veum.ca
232	Walsh, Deckow and Cartwright	https://murphy.us
233	Dibbert-Predovic	https://goyette.name
234	Hodkiewicz, Hilll and Hartmann	https://pfannerstill.co.uk
235	Schultz Group	https://senger.co.uk
236	Jacobi, Bins and Hintz	https://murphy.info
237	Schinner LLC	https://sanford.us
238	Hintz Inc	https://rutherford.us
239	Kerluke, Towne and Lowe	https://stanton.co.uk
240	Hegmann-Weissnat	https://blick.us
241	Haag LLC	https://reichel.biz
242	Kovacek, Hessel and Mills	https://barrows.biz
243	Kub, Osinski and Stoltenberg	https://rogahn.biz
244	Windler, Wintheiser and Gaylord	https://gibson.biz
245	Mayer-Kuhic	https://murphy.biz
246	Graham, Marks and Kutch	https://nolan.co.uk
247	Runolfsson, Lakin and Hilpert	https://sanford.com
248	Doyle-Farrell	https://kling.name
249	Wyman, Lehner and Kertzmann	https://funk.com
250	O'Kon-Kuhic	https://roberts.ca
251	Gerlach and Sons	https://ankunding.com
252	Gaylord-Hagenes	https://heaney.us
253	Lehner, Cruickshank and Wehner	https://marvin.ca
254	Dickinson, Moen and Lynch	https://brekke.com
255	Bergstrom and Sons	https://gaylord.co.uk
256	Boyle, Paucek and Kunze	https://gerhold.biz
257	Schiller-Zulauf	https://tromp.name
258	McLaughlin, Hartmann and Aufderhar	https://yost.com
259	Krajcik, Gutmann and Brown	https://lesch.com
260	Boyle LLC	https://watsica.us
261	Fahey, Miller and Kuphal	https://schneider.info
262	Klocko Inc	https://weimann.ca
263	Turcotte, Kling and Hermiston	https://cole.com
264	Satterfield-Ernser	https://auer.com
265	Hudson-Murphy	https://goyette.biz
266	Cruickshank Inc	https://crist.ca
267	Considine Inc	https://kulas.us
268	Fadel-Simonis	https://mcglynn.com
269	Schulist-Effertz	https://reinger.com
270	Prohaska, Abshire and Turcotte	https://paucek.co.uk
271	Braun, Johnson and Nicolas	https://stark.com
272	Dibbert Inc	https://haag.info
273	Jerde, Olson and Eichmann	https://bernhard.name
274	Lemke Group	https://torp.name
275	Koss-Jenkins	https://breitenberg.ca
276	Hickle, McCullough and Kuhn	https://crooks.biz
277	Block, Howe and Ledner	https://gutkowski.us
278	Stark Group	https://dubuque.co.uk
279	Osinski, Hodkiewicz and Bayer	https://connelly.co.uk
280	Schmitt-Towne	https://stiedemann.ca
281	Weber-Fritsch	https://parisian.info
282	Walter LLC	https://olson.name
283	Murray-Nicolas	https://shields.name
284	Rodriguez, Rutherford and Buckridge	https://orn.info
285	Donnelly-Fahey	https://macejkovic.com
286	Balistreri-Reichert	https://christiansen.com
287	Davis and Sons	https://adams.biz
288	Bergstrom, Koch and Bradtke	https://schimmel.name
289	Connelly, Kertzmann and Conn	https://denesik.info
290	Zieme-Jacobi	https://smitham.co.uk
291	Huels, Donnelly and Wolff	https://senger.com
292	Swaniawski-Conroy	https://legros.name
293	Schroeder-Kassulke	https://kub.biz
294	Wunsch, Leuschke and Hills	https://gislason.name
295	Runolfsdottir-Bernhard	https://bernhard.us
296	Grimes, Collier and Kulas	https://mosciski.us
297	Bernier-Koch	https://brown.ca
298	Smith-Daniel	https://raynor.name
299	Rowe, Wilderman and Kessler	https://parisian.biz
300	Hane Group	https://greenfelder.biz
301	Grant Group	https://welch.com
302	Walter-Koepp	https://boehm.ca
303	Kub-Nienow	https://price.co.uk
304	McGlynn-Morissette	https://kirlin.ca
305	Beer Inc	https://hermann.biz
306	Denesik Inc	https://bechtelar.name
307	Braun, Ullrich and Wisozk	https://collier.info
308	Wolff, Funk and Bernhard	https://ankunding.biz
309	Quitzon-McClure	https://cummerata.name
310	Dicki-Bahringer	https://schinner.co.uk
311	Koepp LLC	https://mante.ca
312	Frami LLC	https://wyman.biz
313	McGlynn-Hessel	https://leuschke.co.uk
314	Pacocha-Bogisich	https://schuster.name
315	Conroy LLC	https://howell.us
316	Steuber-Hamill	https://schroeder.com
317	Marvin-Collins	https://emmerich.info
318	Bode Inc	https://wolf.ca
319	Blick-Jaskolski	https://strosin.ca
320	Friesen-Beer	https://bode.ca
321	Krajcik Inc	https://shanahan.com
322	Leannon Group	https://beer.ca
323	Crona, Funk and Beahan	https://mills.biz
324	Jacobson, Heidenreich and Koelpin	https://schneider.com
325	Bechtelar-McDermott	https://oberbrunner.name
326	Hackett-Legros	https://smitham.info
327	Nikolaus, Feeney and Grant	https://cole.info
328	Walsh, Kohler and Kub	https://rau.biz
329	Block Inc	https://mertz.biz
330	Schowalter, Bins and Kerluke	https://schiller.info
331	Raynor Inc	https://mosciski.name
332	Waters-Cartwright	https://zemlak.ca
333	Osinski LLC	https://quitzon.info
334	Adams, Von and Sanford	https://schuster.name
335	Jacobi Inc	https://yundt.com
336	Wiegand, Fadel and Bartoletti	https://tromp.name
337	Farrell-Barrows	https://towne.name
338	Okuneva-Kub	https://cremin.co.uk
339	Mraz, Oberbrunner and Beatty	https://tillman.name
340	Gibson-Reinger	https://tillman.ca
341	Miller LLC	https://kerluke.com
342	Blanda, Murray and Rempel	https://raynor.name
343	Batz and Sons	https://stroman.com
344	Volkman-Ratke	https://kihn.us
345	Becker, Waelchi and Smith	https://collins.com
346	Hermiston and Sons	https://oberbrunner.info
347	Becker-Schimmel	https://beatty.info
348	Schuster, Kozey and Balistreri	https://mccullough.us
349	Hintz, Bogan and Murray	https://keeling.us
350	O'Reilly Inc	https://rath.us
351	Thiel, Hilll and Moore	https://rutherford.ca
352	Schimmel-Crona	https://barton.ca
353	Weber, Treutel and Feil	https://dach.com
354	Denesik, Gleason and Zulauf	https://hermann.com
355	Kemmer Group	https://morissette.us
356	Smitham Group	https://jerde.us
357	Cole Inc	https://ryan.co.uk
358	Farrell, Greenfelder and Rice	https://mraz.co.uk
359	Block LLC	https://mosciski.biz
360	Hirthe, Ernser and Leannon	https://tremblay.com
361	Murray and Sons	https://mayert.co.uk
362	Koss LLC	https://kiehn.ca
363	Volkman Group	https://predovic.co.uk
364	Schiller-Hauck	https://mertz.com
365	Lemke and Sons	https://bergnaum.name
366	Kihn-Waelchi	https://spinka.ca
367	Shanahan-Marks	https://batz.ca
368	Bartell, Welch and Jaskolski	https://adams.co.uk
369	Kreiger-Fay	https://jacobson.us
370	Kovacek and Sons	https://reynolds.ca
371	Kunze-Schulist	https://mclaughlin.name
372	O'Keefe, Jast and Hettinger	https://adams.biz
373	Roberts and Sons	https://altenwerth.biz
374	Durgan Group	https://rau.com
375	Gutkowski Group	https://vonrueden.name
376	Schroeder-Eichmann	https://gibson.com
377	Will-Jacobi	https://ward.ca
378	Bahringer and Sons	https://herman.com
379	Durgan Group	https://huels.biz
380	Ondricka, Schumm and Cruickshank	https://cummerata.com
381	Koss LLC	https://zieme.biz
382	Wiegand LLC	https://vonrueden.co.uk
383	Stark, Barrows and Powlowski	https://rutherford.info
384	Kautzer Inc	https://gislason.us
385	Moore-Hettinger	https://jast.us
386	Morar-Fadel	https://kertzmann.us
387	Schmitt LLC	https://terry.us
388	Lakin-Howe	https://moen.us
389	Jacobson Group	https://carroll.name
390	Schiller and Sons	https://koss.com
391	Steuber, Cummings and Pfeffer	https://smitham.info
392	Zemlak-Funk	https://bernhard.com
393	Runte Group	https://quigley.name
394	Lockman LLC	https://jacobs.us
395	Predovic-Kessler	https://roberts.name
396	Lindgren, Upton and Vandervort	https://rodriguez.us
397	Crooks and Sons	https://orn.com
398	Wolf-Auer	https://botsford.co.uk
399	Emmerich-Mueller	https://kilback.name
400	Oga LLC	https://stracke.info
401	Leannon-Waelchi	https://rogahn.info
402	Gleason, Durgan and McDermott	https://kautzer.us
403	Schamberger, Erdman and Smitham	https://roberts.biz
404	Altenwerth-Dare	https://sporer.biz
405	Waters, Simonis and Hoeger	https://ortiz.name
406	Muller LLC	https://lueilwitz.name
407	Armstrong-Morar	https://turcotte.name
408	Ledner, Schamberger and Schowalter	https://brekke.info
409	Kutch and Sons	https://roob.name
410	Roob LLC	https://hayes.ca
411	Kreiger, Klein and Smith	https://moore.com
412	Veum, Farrell and Bogisich	https://schaefer.biz
413	Aufderhar-Zemlak	https://lebsack.name
414	Hand-Rohan	https://sauer.co.uk
415	Lebsack, Hickle and Jacobson	https://harber.com
416	Volkman, Will and Collins	https://kozey.name
417	Stehr-Tremblay	https://wiegand.biz
418	Bogisich Inc	https://feest.co.uk
419	Ankunding-Yost	https://kilback.us
420	Upton-Jenkins	https://stehr.co.uk
421	Dach, Larkin and Williamson	https://king.info
422	Tromp-Gusikowski	https://swift.ca
423	Bode and Sons	https://wyman.biz
424	Kuhn-Jewess	https://cormier.name
425	Beatty, Zboncak and Hahn	https://toy.biz
426	Frami-Pollich	https://schultz.name
427	Baumbach, Pagac and Keebler	https://roberts.name
428	Lowe-Casper	https://cremin.info
429	Mills, Purdy and Ruecker	https://considine.biz
430	Lemke Group	https://baumbach.name
431	Gleichner, Parisian and Kulas	https://luettgen.ca
432	Hayes Inc	https://jenkins.ca
433	Gibson, Bashirian and Harris	https://bradtke.ca
434	Koepp Inc	https://waters.com
435	Walter LLC	https://oreilly.info
436	Hegmann, Altenwerth and Klocko	https://mante.biz
437	Buckridge-Balistreri	https://paucek.ca
438	Terry and Sons	https://blanda.co.uk
439	Corkery Group	https://welch.biz
440	Lehner Inc	https://tremblay.us
441	Gleason, Schaden and Moen	https://pfannerstill.biz
442	Lehner-Kuhlman	https://glover.ca
443	White LLC	https://tromp.com
444	Hilll, Nicolas and Predovic	https://lesch.ca
445	Carter Group	https://jakubowski.co.uk
446	Goldner Inc	https://collins.name
447	Gleichner, Kuphal and Nienow	https://jerde.us
448	Douglas-Hilpert	https://morissette.info
449	Windler, Towne and Kunze	https://kulas.com
450	Hilpert-Fritsch	https://leffler.name
451	McKenzie, Sipes and Bernier	https://goyette.biz
452	Simonis, Goodwin and Gerlach	https://glover.co.uk
453	Nader, Davis and Upton	https://aufderhar.info
454	Morissette, Parker and Spencer	https://wisoky.com
455	Rowe Inc	https://wyman.co.uk
456	Rempel, Hermann and Paucek	https://satterfield.name
457	Pacocha-Bogisich	https://crist.com
458	Keeling, Yundt and Beahan	https://maggio.co.uk
459	Bahringer-Kirlin	https://dietrich.biz
460	Gleichner, Moen and McClure	https://marks.biz
461	Rath Inc	https://hyatt.info
462	Kemmer-Kling	https://lehner.biz
463	Roob LLC	https://lakin.co.uk
464	Russel and Sons	https://stark.biz
465	Harber LLC	https://lynch.ca
466	Mueller, Klocko and Ebert	https://mcglynn.co.uk
467	Littel LLC	https://wintheiser.co.uk
468	Kozey, Ledner and Corkery	https://stiedemann.co.uk
469	Sipes-Homenick	https://west.co.uk
470	Goodwin Group	https://jast.name
471	Wintheiser-Cole	https://thompson.ca
472	Schamberger, West and Christiansen	https://moen.co.uk
473	Larson-Fisher	https://kuhn.com
474	Ziemann LLC	https://bayer.com
475	Schaden Group	https://simonis.ca
476	Mosciski, Lind and Kuhn	https://luettgen.us
477	Upton, Marks and Ankunding	https://kris.name
478	Hirthe LLC	https://watsica.info
479	Balistreri-Metz	https://dickinson.ca
480	Gorczany, Rippin and Wolff	https://rolfson.info
481	Carroll and Sons	https://vandervort.co.uk
482	Murray-Hayes	https://stroman.name
483	Boyer, Dach and Kuphal	https://wyman.ca
484	Crooks LLC	https://spencer.ca
485	Veum, Pagac and Cummerata	https://conroy.biz
486	Lynch-Reynolds	https://roberts.name
487	Huel-Nicolas	https://gutmann.com
488	Schmitt, Graham and Cartwright	https://lind.com
489	Boehm, Tremblay and Schaden	https://kreiger.biz
490	Hamill, Grady and Sawayn	https://runolfsdottir.biz
491	Kemmer-Tromp	https://dach.co.uk
492	Heidenreich-Bednar	https://deckow.info
493	Gusikowski, Hackett and Mayert	https://strosin.ca
494	Wunsch-Abernathy	https://weissnat.biz
495	Wyman-Wisozk	https://beer.us
496	Grady-Oga	https://shanahan.com
497	Rosenbaum-Kshlerin	https://jewess.com
498	Dicki and Sons	https://kerluke.info
499	Mosciski-Cole	https://mckenzie.info
500	Lowe-Kuhn	https://mueller.co.uk
501	Batz-Bernier	https://homenick.us
502	Goyette-Abshire	https://flatley.us
503	Heathcote-Haley	https://stiedemann.biz
504	Feest-Harber	https://hodkiewicz.info
505	Littel, Luettgen and Paucek	https://olson.name
506	Wilkinson, Torp and Rogahn	https://wilkinson.com
507	Bins Inc	https://vonrueden.name
508	Gutmann, Mueller and Homenick	https://stiedemann.name
509	Hintz, Keeling and Crona	https://wuckert.ca
510	Jakubowski, Feest and Marvin	https://jacobi.us
511	Farrell and Sons	https://schulist.ca
512	Gerhold-Lynch	https://kerluke.info
513	Reinger Inc	https://welch.com
514	Prohaska-Runte	https://oga.com
515	Hickle and Sons	https://bauch.info
516	Raynor-Hammes	https://toy.us
517	Swaniawski Inc	https://bartell.biz
518	Hessel LLC	https://von.us
519	Hane, Lind and Zemlak	https://ferry.name
520	Bergstrom Group	https://okuneva.com
521	Vandervort-Lehner	https://terry.us
522	Mayer, Rogahn and Rempel	https://schulist.name
523	Kuhn and Sons	https://aufderhar.ca
524	Wunsch, Eichmann and Weber	https://cummings.us
525	Goldner Group	https://moore.ca
526	Doyle-Emmerich	https://eichmann.biz
527	Douglas LLC	https://fadel.com
528	Sawayn LLC	https://turner.com
529	Sanford LLC	https://bednar.us
530	Kulas-Purdy	https://blanda.biz
531	Ritchie Inc	https://moore.us
532	Dietrich-Grimes	https://upton.info
533	Auer-Casper	https://leuschke.ca
534	Spencer-Lemke	https://kemmer.com
535	Berge, Schimmel and Towne	https://keebler.info
536	Bradtke-Monahan	https://schmeler.ca
537	Rice-Haag	https://block.co.uk
538	Abshire LLC	https://rutherford.co.uk
539	Dach-Denesik	https://krajcik.com
540	Hirthe, Hilpert and Abernathy	https://davis.ca
541	Parisian Inc	https://rutherford.biz
542	Klocko LLC	https://lesch.com
543	Wehner-Pacocha	https://mcclure.name
544	Gorczany, Schultz and Lockman	https://ohara.name
545	Feil and Sons	https://mann.com
546	Gottlieb-Langosh	https://schmidt.info
547	Lueilwitz-Ledner	https://moen.com
548	Flatley, Jacobson and Becker	https://mckenzie.us
549	Hand Inc	https://pollich.name
550	Mraz-Kautzer	https://murazik.us
551	Hand and Sons	https://luettgen.co.uk
552	Farrell, O'Conner and Flatley	https://abshire.co.uk
553	Bergnaum Group	https://welch.info
554	Sporer, Cruickshank and Mosciski	https://brakus.info
555	Crooks-Brekke	https://bailey.co.uk
556	Labadie Inc	https://parker.biz
557	Kuhn, Mann and Waters	https://gottlieb.ca
558	Batz, Boyle and Goodwin	https://stoltenberg.biz
559	Beer, Gutmann and Grady	https://erdman.us
560	McGlynn-Schinner	https://marks.biz
561	Welch, Beer and Weimann	https://bergstrom.co.uk
562	Christiansen, Jacobi and Prosacco	https://hudson.us
563	Conroy, Wolff and Langosh	https://feest.name
564	Spencer, Lesch and Mayer	https://leffler.name
565	Kohler, Wiza and Willms	https://mayert.biz
566	Gulgowski, Donnelly and Erdman	https://kuhic.us
567	Johnston Inc	https://hilpert.biz
568	Herzog-White	https://koss.name
569	Schinner Group	https://renner.us
570	Schinner Group	https://mcdermott.us
571	Jacobi-Kessler	https://goodwin.ca
572	Jast LLC	https://hettinger.name
573	Harris, Terry and Schaden	https://koelpin.biz
574	Beier, Watsica and Hills	https://mraz.name
575	Hahn-Balistreri	https://rath.info
576	Jacobi-Wolff	https://daniel.name
577	Flatley-O'Reilly	https://mueller.name
578	Dach and Sons	https://muller.com
579	Crona-Nitzsche	https://ondricka.ca
580	Roob-Gleason	https://hickle.name
581	Torphy and Sons	https://dicki.co.uk
582	Breitenberg Group	https://ratke.us
583	Feil, Schneider and Conroy	https://douglas.biz
584	Brakus-Turner	https://effertz.ca
585	Crooks Group	https://harber.biz
586	Dickens Group	https://auer.biz
587	McDermott-Ullrich	https://bailey.ca
588	Robel-Schaden	https://flatley.name
589	Greenholt LLC	https://collier.com
590	Reilly-Prohaska	https://ebert.name
591	Okuneva Group	https://leannon.us
592	Gaylord-McCullough	https://upton.biz
593	D'Amore, Balistreri and Stiedemann	https://erdman.us
594	Keeling-Hilll	https://pfeffer.com
595	Schmitt Group	https://moen.co.uk
596	Gorczany, Kuphal and Shanahan	https://rice.co.uk
597	Senger, Schuppe and Deckow	https://lakin.info
598	Stracke-Stokes	https://watsica.info
599	Keebler Inc	https://littel.biz
600	Schamberger, Bergstrom and Witting	https://littel.name
601	Bode, Bode and Denesik	https://berge.com
602	Lind Group	https://olson.us
603	White, Okuneva and Runolfsdottir	https://zboncak.ca
604	Parker-Bogisich	https://becker.com
605	Larson-Welch	https://sauer.name
606	Lowe-Zieme	https://von.biz
607	Jerde LLC	https://robel.name
608	Little-Gorczany	https://marks.name
609	Pfeffer, Waelchi and Mertz	https://bashirian.com
610	Johns-Armstrong	https://murray.com
611	Green, Goldner and Langworth	https://kohler.name
612	Ullrich, Effertz and Koepp	https://halvorson.biz
613	Heathcote Group	https://mitchell.name
614	Schumm, Shields and Adams	https://considine.info
615	DuBuque-Bahringer	https://kshlerin.info
616	Ward and Sons	https://auer.name
617	Klein-Kihn	https://okuneva.biz
618	Adams, Reinger and Schmitt	https://gutmann.info
619	Block-Veum	https://bruen.com
620	Baumbach-Dach	https://haley.us
621	Kulas LLC	https://pfannerstill.name
622	Klocko, Fisher and Runte	https://parker.us
623	Hintz LLC	https://mitchell.co.uk
624	Sauer, Lind and Quigley	https://braun.us
625	Turner-Witting	https://harris.us
626	Kozey-Little	https://sawayn.ca
627	Sipes-Wintheiser	https://blanda.biz
628	Bartoletti, Altenwerth and Olson	https://sauer.us
629	Deckow-Gerlach	https://crooks.biz
630	Stehr-Luettgen	https://rutherford.info
631	Christiansen, Gorczany and Hintz	https://medhurst.info
632	Barton, Friesen and Beer	https://senger.info
633	Okuneva-Luettgen	https://wilderman.com
634	Schowalter-Cremin	https://von.us
635	Mayert Inc	https://douglas.biz
636	Feest, Hane and Grady	https://oga.ca
637	Bogan, Donnelly and Jaskolski	https://hermann.name
638	Reichel, Glover and Purdy	https://mueller.ca
639	Walsh, Zboncak and Runte	https://schmeler.info
640	Cremin-Boehm	https://mcclure.co.uk
641	Hauck Inc	https://boyle.info
642	Kulas, Rau and Langworth	https://bosco.com
643	Greenholt, Ortiz and Metz	https://bartoletti.us
644	Kemmer, Kuhic and Jacobi	https://gutmann.name
645	Jacobi, Rath and Abshire	https://kling.ca
646	Goldner-Stokes	https://sipes.ca
647	Metz-Ryan	https://bauch.co.uk
648	Bergstrom LLC	https://howe.name
649	Rempel, Nolan and Maggio	https://vonrueden.co.uk
650	Quitzon LLC	https://daugherty.co.uk
651	Feeney-Zieme	https://kilback.info
652	Torphy, Armstrong and Leffler	https://friesen.co.uk
653	Price Group	https://hyatt.com
654	Murphy-Friesen	https://kuvalis.com
655	Nader, Kris and Eichmann	https://murphy.biz
656	Goyette and Sons	https://ritchie.info
657	Swift Inc	https://schultz.name
658	Cole Group	https://satterfield.com
659	Johnson and Sons	https://volkman.name
660	Kessler LLC	https://schuster.co.uk
661	Gerhold-Ward	https://anderson.us
662	Huels-Rippin	https://rogahn.co.uk
663	Turner and Sons	https://jacobs.com
664	Stoltenberg-Casper	https://kunze.co.uk
665	Bode-Jenkins	https://schaden.name
666	Bernier, Vandervort and Muller	https://emmerich.com
667	Fisher, Haley and Goyette	https://nitzsche.name
668	Smith, Roob and Klein	https://grant.ca
669	Botsford-Rodriguez	https://wyman.com
670	Moen-Feest	https://maggio.us
671	Berge-Kshlerin	https://hirthe.ca
672	Abernathy Group	https://bogan.com
673	McLaughlin Inc	https://wolf.us
674	Lehner-Rath	https://torphy.us
675	Bahringer-Gislason	https://erdman.biz
676	Klein-Kreiger	https://murphy.biz
677	Stamm, Bahringer and Blick	https://kovacek.com
678	Herzog, Turner and Frami	https://bogisich.co.uk
679	Schaden, Collins and Roberts	https://fisher.us
680	Harris, Graham and Kassulke	https://koelpin.us
681	O'Conner LLC	https://jast.info
682	Fisher-Goyette	https://erdman.com
683	Hoeger-Altenwerth	https://pacocha.us
684	Schmitt and Sons	https://roob.us
685	Waters-Hodkiewicz	https://harvey.com
686	Bogisich, Green and Fadel	https://oconner.info
687	Tremblay, Lang and Marvin	https://goyette.ca
688	Ward-Mitchell	https://langworth.co.uk
689	Hoeger LLC	https://stark.name
690	Denesik-Hyatt	https://hagenes.ca
691	McKenzie, Reilly and Walker	https://cole.us
692	Herman-Maggio	https://kertzmann.biz
693	Stehr, Conn and Schumm	https://mitchell.name
694	Abernathy Group	https://howe.ca
695	Schaden and Sons	https://ferry.us
696	Raynor, Waelchi and Halvorson	https://cruickshank.name
697	Robel-Witting	https://koepp.com
698	Kilback Inc	https://bartell.info
699	Lubowitz and Sons	https://gutkowski.co.uk
700	Hessel-Kunze	https://romaguera.us
701	Weimann-White	https://hoppe.biz
702	O'Keefe Inc	https://lakin.name
703	Halvorson-Stoltenberg	https://pfeffer.co.uk
704	Berge Inc	https://lind.com
705	Brown, Stehr and Purdy	https://cassin.ca
706	Herzog Group	https://turner.us
707	Daugherty, Hermiston and Paucek	https://nader.us
708	Lubowitz-Cormier	https://feest.com
709	Gerhold LLC	https://hoeger.info
710	Herman, Fahey and Nitzsche	https://nicolas.biz
711	Kemmer-Lynch	https://krajcik.info
712	Paucek, Volkman and King	https://rolfson.name
713	Hand, Conroy and Adams	https://kiehn.biz
714	Hauck and Sons	https://bernhard.co.uk
715	Hills-Murphy	https://paucek.info
716	Lowe LLC	https://oberbrunner.co.uk
717	McGlynn Inc	https://crist.co.uk
718	Satterfield Inc	https://moen.us
719	Bailey, Metz and Beahan	https://cormier.ca
720	Mohr, Lebsack and Miller	https://cartwright.name
721	Hansen Group	https://runte.ca
722	Kassulke LLC	https://lowe.ca
723	Osinski-Stroman	https://lockman.ca
724	Brekke Inc	https://kertzmann.ca
725	Feest-Schmeler	https://corwin.ca
726	Crist and Sons	https://corkery.co.uk
727	Carroll LLC	https://ebert.ca
728	Upton and Sons	https://gleason.co.uk
729	Hammes, Jakubowski and Reichert	https://mayer.info
730	Sawayn, Lakin and Padberg	https://emard.biz
731	Adams Group	https://gulgowski.co.uk
732	Walter, D'Amore and Friesen	https://schuster.biz
733	Upton, Considine and Hintz	https://krajcik.us
734	Durgan-Connelly	https://kuhlman.ca
735	Mertz Inc	https://borer.com
736	Heller, Anderson and Adams	https://brown.co.uk
737	Greenfelder-Bartell	https://cummerata.ca
738	Will Group	https://howell.co.uk
739	Reichert Inc	https://grant.biz
740	Casper-Effertz	https://weissnat.name
741	Baumbach-Langosh	https://thiel.ca
742	Ankunding, Waelchi and Wunsch	https://harber.ca
743	Cruickshank, Gaylord and Schaefer	https://botsford.ca
744	Hamill Inc	https://schamberger.us
745	Koepp-Kling	https://stehr.us
746	Anderson Inc	https://nikolaus.co.uk
747	Ullrich-Thompson	https://olson.com
748	Cronin-Daniel	https://beahan.com
749	Denesik-Hirthe	https://buckridge.name
750	Pollich-Gusikowski	https://dibbert.co.uk
751	Jenkins-Langosh	https://kuphal.name
752	Klocko, Parker and Gottlieb	https://gibson.biz
753	Batz, Dickinson and Dicki	https://halvorson.ca
754	Jakubowski-Jacobi	https://ondricka.info
755	Rodriguez Inc	https://leannon.ca
756	Waelchi-Reichel	https://adams.name
757	Lockman-Wiza	https://grady.co.uk
758	Willms LLC	https://quitzon.info
759	Wintheiser and Sons	https://bayer.ca
760	Runolfsson, Funk and Denesik	https://muller.co.uk
761	Fahey-Yundt	https://reinger.ca
762	Johnston and Sons	https://mills.name
763	Mertz-Friesen	https://fadel.biz
764	Roberts, Parker and Pouros	https://morar.co.uk
765	Bins-Flatley	https://ortiz.biz
766	Langosh, Weimann and Gorczany	https://wehner.ca
767	Hyatt-Schmeler	https://pollich.com
768	DuBuque and Sons	https://shanahan.info
769	Aufderhar, Windler and Fisher	https://frami.us
770	Muller, Schimmel and Hudson	https://kautzer.com
771	Bartoletti Inc	https://mosciski.name
772	Leffler Inc	https://steuber.biz
773	Klocko-Jenkins	https://labadie.com
774	Lakin-Cole	https://greenholt.biz
775	Armstrong, Altenwerth and Hane	https://skiles.ca
776	O'Hara, Block and Lowe	https://jenkins.biz
777	Bechtelar Group	https://bartell.name
778	Gleichner and Sons	https://erdman.ca
779	Sawayn and Sons	https://stamm.name
780	Schmidt Group	https://rice.ca
781	Armstrong-Becker	https://mckenzie.com
782	Ledner, Dicki and Bailey	https://johns.name
783	Turcotte Inc	https://hessel.co.uk
784	Lueilwitz, Tillman and Balistreri	https://runolfsdottir.info
785	Corwin-Sawayn	https://bradtke.name
786	Hayes-Bogisich	https://grant.name
787	Adams-Christiansen	https://hagenes.co.uk
788	Fritsch-Herman	https://kautzer.com
789	Gottlieb, Weimann and Bradtke	https://kerluke.biz
790	Oberbrunner, Batz and Leffler	https://nitzsche.info
791	Green-Ferry	https://terry.info
792	Harvey, O'Conner and Denesik	https://marquardt.us
793	Baumbach, Becker and Crona	https://kiehn.name
794	Bode Group	https://schaden.co.uk
795	Steuber, Harber and Hansen	https://gusikowski.biz
796	Jacobs Group	https://runolfsson.name
797	Hermann Group	https://oconner.ca
798	Powlowski, Metz and Hilll	https://heller.info
799	Aufderhar Inc	https://jacobi.info
800	King-Beer	https://dibbert.us
\.


--
-- Data for Name: notification; Type: TABLE DATA; Schema: public; Owner: postgres
--

COPY public.notification (id, customer_id, type_id, content) FROM stdin;
1	56	3	Velit egestas dui id ornare arcu odio ut.
2	79	1	Et magnis dis parturient montes.
3	4	1	Sollicitudin nibh sit amet commodo nulla facilisi nullam.
4	29	3	Laoreet sit amet cursus sit amet dictum sit.
5	42	1	Ipsum dolor sit amet consectetur adipiscing elit ut aliquam purus.
6	42	2	Nunc lobortis mattis aliquam faucibus purus in.
7	24	2	Amet volutpat consequat mauris nunc congue nisi vitae suscipit tellus.
8	91	2	Facilisi cras fermentum odio eu feugiat pretium nibh ipsum consequat.
9	17	2	Non diam phasellus vestibulum lorem.
10	44	1	Eleifend quam adipiscing vitae proin sagittis nisl rhoncus.
11	97	3	Porttitor eget dolor morbi non arcu risus quis varius quam.
12	74	3	Viverra adipiscing at in tellus integer feugiat scelerisque.
13	65	1	Dolor sed viverra ipsum nunc aliquet.
14	53	2	Ultrices in iaculis nunc sed augue lacus.
15	2	1	Et malesuada fames ac turpis egestas maecenas.
16	1	2	Dui faucibus in ornare quam viverra orci sagittis eu.
17	87	2	Aliquet eget sit amet tellus cras.
18	67	1	Amet volutpat consequat mauris nunc congue nisi.
19	9	1	Venenatis a condimentum vitae sapien pellentesque.
20	21	2	Vestibulum lectus mauris ultrices eros in cursus.
21	77	2	Dignissim diam quis enim lobortis scelerisque.
22	73	1	Habitasse platea dictumst vestibulum rhoncus est pellentesque elit.
23	83	3	Dictum at tempor commodo ullamcorper.
24	55	1	Nibh nisl condimentum id venenatis a condimentum vitae sapien pellentesque.
25	80	2	Sed id semper risus in hendrerit gravida.
26	50	1	Ultrices sagittis orci a scelerisque.
27	79	2	Adipiscing elit ut aliquam purus sit.
28	23	3	Quam viverra orci sagittis eu volutpat odio facilisis.
29	79	1	Neque convallis a cras semper auctor neque.
30	13	1	Parturient montes nascetur ridiculus mus mauris vitae ultricies leo.
31	7	1	Eu augue ut lectus arcu bibendum at.
32	8	1	Faucibus ornare suspendisse sed nisi lacus sed viverra tellus.
33	34	1	Urna condimentum mattis pellentesque id nibh tortor.
34	85	3	Eget aliquet nibh praesent tristique magna.
35	79	2	Diam vel quam elementum pulvinar etiam non quam lacus suspendisse.
36	26	3	Enim facilisis gravida neque convallis a cras semper auctor neque.
37	49	3	Scelerisque purus semper eget duis.
38	58	2	Mauris nunc congue nisi vitae suscipit tellus.
39	4	3	Morbi tempus iaculis urna id volutpat lacus laoreet non curabitur.
40	62	3	Volutpat consequat mauris nunc congue nisi.
41	35	3	Morbi tincidunt ornare massa eget egestas.
42	41	2	A diam sollicitudin tempor id.
43	19	3	Non blandit massa enim nec.
44	43	2	Cursus turpis massa tincidunt dui ut.
45	8	3	Lectus nulla at volutpat diam.
46	49	2	Sit amet facilisis magna etiam tempor orci eu lobortis.
47	11	1	Posuere sollicitudin aliquam ultrices sagittis orci a.
48	67	1	Aliquet nibh praesent tristique magna sit.
49	63	1	Eu turpis egestas pretium aenean pharetra magna ac placerat vestibulum.
50	38	2	Curabitur vitae nunc sed velit dignissim.
51	78	3	Quis blandit turpis cursus in hac habitasse platea dictumst quisque.
52	10	1	Odio morbi quis commodo odio aenean.
53	27	2	Purus gravida quis blandit turpis cursus in hac habitasse.
54	66	2	Scelerisque fermentum dui faucibus in ornare quam viverra orci.
55	49	3	Vulputate enim nulla aliquet porttitor lacus luctus accumsan tortor.
56	27	3	Nulla aliquet enim tortor at auctor.
57	97	2	Et netus et malesuada fames ac.
58	57	2	Posuere urna nec tincidunt praesent semper feugiat.
59	93	1	Nulla pellentesque dignissim enim sit amet.
60	78	1	Facilisi cras fermentum odio eu feugiat pretium nibh ipsum consequat.
61	74	2	Cras semper auctor neque vitae.
62	28	1	Tellus integer feugiat scelerisque varius morbi.
63	59	3	Arcu dui vivamus arcu felis.
64	73	3	Sit amet nisl purus in mollis nunc sed.
65	79	2	Dignissim suspendisse in est ante.
66	88	1	Molestie ac feugiat sed lectus vestibulum mattis ullamcorper velit.
67	22	2	Consequat id porta nibh venenatis cras sed felis eget velit.
68	40	2	Dolor sit amet consectetur adipiscing elit pellentesque.
69	13	3	Libero nunc consequat interdum varius sit amet mattis vulputate.
70	45	3	Neque gravida in fermentum et sollicitudin ac.
71	47	2	Vitae tempus quam pellentesque nec nam aliquam sem et tortor.
72	30	1	Vitae tempus quam pellentesque nec nam aliquam sem et tortor.
73	61	2	Ultrices in iaculis nunc sed augue lacus.
74	45	3	Eget arcu dictum varius duis at consectetur.
75	50	1	Gravida cum sociis natoque penatibus et magnis dis.
76	24	3	Aliquet nibh praesent tristique magna sit.
77	20	3	Nunc lobortis mattis aliquam faucibus purus in.
78	59	2	Ornare massa eget egestas purus.
79	19	3	Ut ornare lectus sit amet est.
80	40	1	Ac orci phasellus egestas tellus rutrum tellus pellentesque eu tincidunt.
81	35	2	Diam sit amet nisl suscipit adipiscing.
82	32	3	Iaculis nunc sed augue lacus viverra vitae congue eu.
83	38	3	Consectetur purus ut faucibus pulvinar elementum integer enim neque.
84	40	1	Et magnis dis parturient montes nascetur ridiculus mus mauris vitae.
85	11	3	Aliquam nulla facilisi cras fermentum.
86	51	1	Scelerisque viverra mauris in aliquam sem fringilla ut.
87	63	2	Risus ultricies tristique nulla aliquet enim tortor at auctor urna.
88	56	2	Quis hendrerit dolor magna eget est.
89	56	1	Id donec ultrices tincidunt arcu non sodales neque sodales.
90	5	3	Elementum eu facilisis sed odio.
91	36	2	Cras pulvinar mattis nunc sed blandit libero volutpat sed.
92	85	2	Id nibh tortor id aliquet.
93	1	2	Nulla porttitor massa id neque.
94	58	1	Malesuada fames ac turpis egestas maecenas.
95	91	1	Enim facilisis gravida neque convallis a cras semper auctor neque.
96	97	3	Dignissim diam quis enim lobortis scelerisque.
97	59	1	Maecenas accumsan lacus vel facilisis volutpat est.
98	27	1	Egestas fringilla phasellus faucibus scelerisque eleifend donec pretium.
99	49	2	Sem nulla pharetra diam sit amet nisl suscipit adipiscing bibendum.
100	23	3	In nibh mauris cursus mattis molestie.
101	165	1	Porttitor eget dolor morbi non arcu.
102	198	3	Cursus turpis massa tincidunt dui ut ornare lectus.
103	63	3	Pharetra vel turpis nunc eget lorem dolor sed viverra.
104	138	6	Senectus et netus et malesuada fames.
105	115	2	Praesent semper feugiat nibh sed pulvinar proin gravida hendrerit lectus.
106	186	6	At consectetur lorem donec massa sapien faucibus.
107	41	2	Egestas pretium aenean pharetra magna ac placerat vestibulum lectus mauris.
108	102	6	Diam vulputate ut pharetra sit amet aliquam.
109	6	4	Aliquam vestibulum morbi blandit cursus risus at ultrices mi tempus.
110	88	4	Vitae proin sagittis nisl rhoncus mattis rhoncus.
111	30	3	Sed ullamcorper morbi tincidunt ornare massa.
112	1	5	Vitae nunc sed velit dignissim sodales ut eu.
113	143	4	Morbi tristique senectus et netus et malesuada fames.
114	171	3	Dolor sed viverra ipsum nunc aliquet bibendum enim facilisis.
115	22	4	Ridiculus mus mauris vitae ultricies.
116	158	1	Et ultrices neque ornare aenean euismod.
117	110	4	Nunc sed id semper risus in.
118	97	5	Mattis enim ut tellus elementum sagittis vitae et leo.
119	185	5	Aliquam nulla facilisi cras fermentum odio eu feugiat.
120	197	2	Aliquam etiam erat velit scelerisque in dictum.
121	19	5	Cras tincidunt lobortis feugiat vivamus at augue.
122	51	5	Eu lobortis elementum nibh tellus.
123	173	6	Posuere urna nec tincidunt praesent semper feugiat.
124	52	4	Quis lectus nulla at volutpat diam ut.
125	6	4	Tristique senectus et netus et malesuada fames ac.
126	153	5	Id donec ultrices tincidunt arcu non sodales neque sodales.
127	153	3	Nullam eget felis eget nunc.
128	189	4	Posuere urna nec tincidunt praesent semper feugiat.
129	49	3	Eget aliquet nibh praesent tristique magna.
130	11	6	Tincidunt vitae semper quis lectus nulla at.
131	194	6	Integer quis auctor elit sed.
132	47	2	Molestie nunc non blandit massa enim nec.
133	51	4	In metus vulputate eu scelerisque felis.
134	20	4	Interdum velit euismod in pellentesque massa placerat duis ultricies lacus.
135	61	2	Erat imperdiet sed euismod nisi porta lorem mollis.
136	65	1	Elit duis tristique sollicitudin nibh sit amet commodo.
137	3	6	Orci a scelerisque purus semper eget duis at tellus.
138	13	5	Commodo sed egestas egestas fringilla phasellus faucibus scelerisque eleifend.
139	53	2	Aenean vel elit scelerisque mauris pellentesque.
140	130	6	Imperdiet sed euismod nisi porta lorem mollis aliquam ut.
141	176	3	Orci porta non pulvinar neque laoreet suspendisse interdum consectetur.
142	29	3	Ultricies mi quis hendrerit dolor magna eget est lorem ipsum.
143	145	5	Pellentesque dignissim enim sit amet.
144	18	2	Neque convallis a cras semper auctor neque.
145	177	5	Eu non diam phasellus vestibulum lorem sed risus.
146	193	3	Porttitor eget dolor morbi non arcu risus quis varius quam.
147	155	4	Elementum eu facilisis sed odio.
148	39	1	Egestas diam in arcu cursus euismod.
149	152	3	Egestas fringilla phasellus faucibus scelerisque eleifend donec.
150	145	5	Mus mauris vitae ultricies leo integer.
151	25	3	Adipiscing elit ut aliquam purus sit.
152	181	6	Massa tincidunt dui ut ornare lectus sit amet.
153	176	6	Dignissim sodales ut eu sem integer.
154	4	1	Id ornare arcu odio ut sem nulla pharetra diam sit.
155	115	1	Mattis pellentesque id nibh tortor.
156	69	2	Nibh tellus molestie nunc non.
157	2	6	Morbi non arcu risus quis varius quam quisque id diam.
158	88	1	Mattis rhoncus urna neque viverra justo nec ultrices.
159	14	2	Curabitur vitae nunc sed velit.
160	64	3	Facilisis magna etiam tempor orci.
161	58	1	Amet commodo nulla facilisi nullam vehicula.
162	145	4	Adipiscing elit ut aliquam purus sit.
163	95	4	Aliquam eleifend mi in nulla posuere sollicitudin.
164	175	2	Cras adipiscing enim eu turpis egestas pretium aenean pharetra.
165	39	4	Nibh cras pulvinar mattis nunc sed blandit.
166	127	2	Maecenas sed enim ut sem viverra aliquet eget sit.
167	178	1	Semper risus in hendrerit gravida.
168	104	1	Sit amet purus gravida quis blandit turpis cursus in.
169	88	4	Nec sagittis aliquam malesuada bibendum.
170	36	5	Ultricies leo integer malesuada nunc vel risus commodo viverra.
171	63	4	Massa id neque aliquam vestibulum morbi blandit.
172	174	3	Non blandit massa enim nec dui.
173	167	6	Tristique et egestas quis ipsum suspendisse ultrices gravida dictum fusce.
174	21	6	Felis donec et odio pellentesque diam volutpat.
175	134	1	Euismod quis viverra nibh cras pulvinar mattis nunc sed blandit.
176	94	6	Porta non pulvinar neque laoreet suspendisse interdum consectetur libero id.
177	69	2	Nullam ac tortor vitae purus faucibus ornare.
178	46	6	Diam donec adipiscing tristique risus nec feugiat in fermentum.
179	180	1	Sed vulputate odio ut enim.
180	142	1	Morbi tristique senectus et netus et malesuada.
181	73	5	Feugiat vivamus at augue eget arcu dictum varius duis at.
182	4	5	Massa id neque aliquam vestibulum morbi blandit.
183	41	5	Venenatis cras sed felis eget velit aliquet sagittis id.
184	66	4	Laoreet sit amet cursus sit amet dictum sit.
185	48	6	Ut porttitor leo a diam sollicitudin tempor.
186	11	5	Massa massa ultricies mi quis hendrerit.
187	193	6	Est pellentesque elit ullamcorper dignissim cras.
188	156	6	Senectus et netus et malesuada fames.
189	98	2	Neque convallis a cras semper auctor neque.
190	37	1	Nullam ac tortor vitae purus faucibus ornare.
191	158	6	Nisi scelerisque eu ultrices vitae auctor eu.
192	111	6	Dignissim convallis aenean et tortor.
193	104	1	Quis risus sed vulputate odio ut enim.
194	107	5	Eu consequat ac felis donec.
195	157	5	In ornare quam viverra orci sagittis.
196	56	5	Mauris ultrices eros in cursus turpis massa tincidunt.
197	125	6	Laoreet non curabitur gravida arcu ac tortor dignissim.
198	113	4	Netus et malesuada fames ac turpis egestas sed tempus urna.
199	125	4	Morbi tristique senectus et netus et malesuada fames.
200	22	2	Sed sed risus pretium quam vulputate dignissim suspendisse in est.
201	37	2	Egestas diam in arcu cursus euismod.
202	131	6	Mattis vulputate enim nulla aliquet porttitor lacus luctus.
203	221	4	At consectetur lorem donec massa sapien faucibus.
204	294	8	Metus aliquam eleifend mi in nulla posuere sollicitudin.
205	86	6	Magna sit amet purus gravida.
206	237	1	Malesuada fames ac turpis egestas maecenas.
207	224	4	Molestie at elementum eu facilisis sed odio morbi quis.
208	286	4	Netus et malesuada fames ac turpis egestas maecenas pharetra convallis.
209	82	4	Eget mi proin sed libero enim sed.
210	270	6	Ultricies tristique nulla aliquet enim tortor at auctor urna nunc.
211	104	4	Eget mi proin sed libero enim sed.
212	138	4	Morbi non arcu risus quis varius quam quisque id.
213	112	7	Sagittis nisl rhoncus mattis rhoncus urna neque viverra justo.
214	247	3	In ante metus dictum at tempor.
215	83	4	Sem nulla pharetra diam sit amet nisl suscipit adipiscing bibendum.
216	20	7	Elementum facilisis leo vel fringilla est.
217	292	6	Ac feugiat sed lectus vestibulum mattis.
218	38	2	Pharetra vel turpis nunc eget lorem dolor sed viverra.
219	263	4	Pellentesque diam volutpat commodo sed egestas egestas fringilla.
220	141	1	Imperdiet sed euismod nisi porta lorem mollis aliquam ut.
221	218	6	Elementum nibh tellus molestie nunc non blandit massa enim nec.
222	268	1	Enim lobortis scelerisque fermentum dui faucibus in ornare quam.
223	226	8	Lorem ipsum dolor sit amet consectetur adipiscing elit.
224	182	1	Sem fringilla ut morbi tincidunt.
225	265	5	Facilisis gravida neque convallis a cras semper auctor neque vitae.
226	254	4	Nullam eget felis eget nunc.
227	129	2	Turpis massa tincidunt dui ut ornare lectus sit amet est.
228	144	6	Et ultrices neque ornare aenean euismod.
229	141	9	Dolor sit amet consectetur adipiscing elit pellentesque.
230	186	8	Scelerisque varius morbi enim nunc.
231	11	7	Pellentesque dignissim enim sit amet venenatis urna cursus eget nunc.
232	60	9	Odio ut sem nulla pharetra diam sit amet nisl suscipit.
233	169	6	Amet luctus venenatis lectus magna fringilla urna porttitor rhoncus.
234	66	3	Senectus et netus et malesuada.
235	20	1	Sed sed risus pretium quam vulputate dignissim suspendisse in.
236	22	9	Arcu dui vivamus arcu felis.
237	202	7	Laoreet id donec ultrices tincidunt arcu non sodales neque.
238	159	6	Eleifend quam adipiscing vitae proin sagittis nisl rhoncus.
239	181	6	Quis hendrerit dolor magna eget est lorem.
240	52	4	Tempus imperdiet nulla malesuada pellentesque elit eget.
241	79	4	Cum sociis natoque penatibus et.
242	56	3	Convallis convallis tellus id interdum.
243	269	4	Sit amet tellus cras adipiscing enim eu turpis.
244	133	4	Vestibulum lectus mauris ultrices eros in cursus turpis.
245	222	8	Id venenatis a condimentum vitae sapien pellentesque habitant.
246	155	1	In vitae turpis massa sed elementum.
247	12	5	Elementum curabitur vitae nunc sed velit dignissim.
248	45	1	Nunc sed velit dignissim sodales ut.
249	194	3	Amet purus gravida quis blandit turpis cursus in hac habitasse.
250	264	8	Eu tincidunt tortor aliquam nulla facilisi cras fermentum.
251	246	3	Aliquet sagittis id consectetur purus ut faucibus pulvinar.
252	270	5	Arcu cursus euismod quis viverra nibh cras pulvinar.
253	8	8	In vitae turpis massa sed elementum tempus egestas.
254	38	3	Purus in massa tempor nec feugiat nisl pretium fusce.
255	77	8	Ipsum dolor sit amet consectetur adipiscing elit ut aliquam purus.
256	18	7	Urna neque viverra justo nec ultrices.
257	6	9	Fermentum et sollicitudin ac orci phasellus egestas tellus rutrum.
258	218	9	Eros in cursus turpis massa tincidunt dui ut.
259	212	8	Aliquam purus sit amet luctus venenatis lectus magna fringilla urna.
260	165	3	Magna eget est lorem ipsum dolor sit amet consectetur adipiscing.
261	41	8	Pellentesque pulvinar pellentesque habitant morbi tristique senectus et netus et.
262	228	5	Facilisis gravida neque convallis a cras semper auctor neque vitae.
263	125	6	Cum sociis natoque penatibus et.
264	97	5	Pellentesque dignissim enim sit amet venenatis urna cursus eget nunc.
265	109	3	Pulvinar pellentesque habitant morbi tristique.
266	285	1	Egestas fringilla phasellus faucibus scelerisque eleifend donec.
267	57	5	Vel facilisis volutpat est velit egestas dui id ornare arcu.
268	63	9	Et sollicitudin ac orci phasellus egestas tellus rutrum tellus.
269	91	4	Amet commodo nulla facilisi nullam vehicula.
270	18	6	Ultricies mi eget mauris pharetra et ultrices neque ornare aenean.
271	57	9	Pellentesque dignissim enim sit amet.
272	152	1	Blandit aliquam etiam erat velit.
273	24	5	Quis lectus nulla at volutpat diam ut.
274	218	5	Morbi blandit cursus risus at ultrices mi tempus imperdiet nulla.
275	124	4	Sagittis vitae et leo duis ut diam quam nulla porttitor.
276	250	7	A arcu cursus vitae congue mauris rhoncus aenean vel elit.
277	176	7	Eleifend quam adipiscing vitae proin sagittis.
278	31	6	Mus mauris vitae ultricies leo integer.
279	154	3	Accumsan sit amet nulla facilisi morbi.
280	261	9	Integer malesuada nunc vel risus commodo viverra maecenas.
281	27	7	Massa tincidunt dui ut ornare lectus sit amet.
282	104	1	Cras tincidunt lobortis feugiat vivamus at augue.
283	40	5	Posuere urna nec tincidunt praesent.
284	185	6	Tempus iaculis urna id volutpat lacus laoreet.
285	49	9	Fringilla urna porttitor rhoncus dolor purus non.
286	152	3	Ultricies mi quis hendrerit dolor magna eget est lorem ipsum.
287	43	7	Massa tincidunt dui ut ornare lectus sit amet.
288	1	9	Ac turpis egestas sed tempus urna et pharetra pharetra massa.
289	186	6	Varius sit amet mattis vulputate enim nulla aliquet porttitor.
290	113	5	In mollis nunc sed id semper risus.
291	183	7	Nibh nisl condimentum id venenatis a condimentum vitae sapien pellentesque.
292	90	5	Lectus quam id leo in.
293	16	9	Id venenatis a condimentum vitae sapien pellentesque habitant.
294	138	4	Sed risus pretium quam vulputate.
295	4	4	Vestibulum morbi blandit cursus risus.
296	68	8	Velit scelerisque in dictum non consectetur a erat nam at.
297	54	9	Placerat duis ultricies lacus sed turpis tincidunt id.
298	289	3	Posuere urna nec tincidunt praesent semper feugiat nibh sed pulvinar.
299	49	9	Sem nulla pharetra diam sit amet nisl suscipit adipiscing bibendum.
300	42	6	Odio euismod lacinia at quis risus sed.
301	192	2	Scelerisque in dictum non consectetur a erat nam.
302	357	12	Facilisis magna etiam tempor orci eu lobortis elementum nibh tellus.
303	384	2	Amet volutpat consequat mauris nunc congue nisi vitae suscipit.
304	364	11	Diam volutpat commodo sed egestas egestas fringilla phasellus faucibus scelerisque.
305	106	1	Feugiat pretium nibh ipsum consequat nisl vel pretium.
306	103	3	Nisl nunc mi ipsum faucibus vitae aliquet nec.
307	245	1	In pellentesque massa placerat duis ultricies lacus sed turpis.
308	247	5	Sed pulvinar proin gravida hendrerit.
309	323	7	Malesuada fames ac turpis egestas.
310	202	1	Aliquam nulla facilisi cras fermentum.
311	119	7	Arcu ac tortor dignissim convallis aenean et tortor.
312	237	7	Placerat duis ultricies lacus sed turpis tincidunt id.
313	338	6	Lectus sit amet est placerat in egestas erat.
314	38	2	Sit amet mattis vulputate enim.
315	216	4	Velit egestas dui id ornare arcu odio ut.
316	21	10	Euismod nisi porta lorem mollis aliquam ut porttitor leo.
317	128	3	Eu scelerisque felis imperdiet proin fermentum leo.
318	217	11	Integer malesuada nunc vel risus commodo.
319	222	7	Ullamcorper dignissim cras tincidunt lobortis feugiat vivamus at.
320	271	8	Tortor at auctor urna nunc id cursus metus aliquam.
321	215	1	Non blandit massa enim nec.
322	10	7	Pellentesque pulvinar pellentesque habitant morbi tristique senectus et netus et.
323	121	2	Et magnis dis parturient montes nascetur ridiculus mus mauris vitae.
324	310	12	Eget sit amet tellus cras adipiscing enim eu.
325	274	5	Egestas purus viverra accumsan in nisl nisi scelerisque eu ultrices.
326	365	9	Non blandit massa enim nec.
327	20	8	Etiam non quam lacus suspendisse faucibus interdum posuere lorem ipsum.
328	284	9	Enim nec dui nunc mattis enim ut.
329	297	1	Nisl rhoncus mattis rhoncus urna neque viverra justo nec.
330	240	4	Odio pellentesque diam volutpat commodo sed egestas.
331	93	11	Interdum velit euismod in pellentesque massa placerat duis ultricies lacus.
332	301	3	Nisl rhoncus mattis rhoncus urna neque viverra justo nec.
333	270	8	Eu lobortis elementum nibh tellus molestie nunc.
334	363	9	Praesent elementum facilisis leo vel fringilla.
335	356	10	Ac ut consequat semper viverra nam.
336	258	3	Nulla porttitor massa id neque.
337	278	10	Senectus et netus et malesuada.
338	35	10	Lectus vestibulum mattis ullamcorper velit sed ullamcorper.
339	343	7	Elementum sagittis vitae et leo.
340	282	2	Quam viverra orci sagittis eu volutpat odio facilisis.
341	390	6	Maecenas sed enim ut sem viverra aliquet eget sit.
342	370	9	Arcu cursus euismod quis viverra nibh cras pulvinar.
343	182	11	Nulla porttitor massa id neque.
344	153	5	Lectus nulla at volutpat diam.
345	384	5	Magna fermentum iaculis eu non diam.
346	313	4	Velit sed ullamcorper morbi tincidunt ornare massa.
347	389	2	Id velit ut tortor pretium viverra suspendisse.
348	210	5	At lectus urna duis convallis convallis tellus id interdum velit.
349	283	2	In hac habitasse platea dictumst quisque sagittis.
350	204	6	Sed risus ultricies tristique nulla aliquet enim tortor.
351	237	8	Viverra tellus in hac habitasse platea dictumst vestibulum.
352	235	10	Sit amet mattis vulputate enim.
353	15	2	Luctus venenatis lectus magna fringilla urna porttitor rhoncus dolor.
354	98	4	Egestas fringilla phasellus faucibus scelerisque eleifend donec pretium.
355	270	7	Id porta nibh venenatis cras sed felis eget.
356	289	6	Justo laoreet sit amet cursus sit amet dictum.
357	158	10	Id porta nibh venenatis cras sed felis eget.
358	251	10	Adipiscing elit ut aliquam purus sit.
359	155	1	Molestie ac feugiat sed lectus vestibulum mattis ullamcorper velit.
360	84	5	At augue eget arcu dictum varius duis at consectetur.
361	132	9	Amet volutpat consequat mauris nunc congue nisi vitae.
362	21	10	Eu facilisis sed odio morbi quis commodo odio aenean sed.
363	42	8	Proin fermentum leo vel orci porta non.
364	87	2	Ipsum faucibus vitae aliquet nec ullamcorper sit amet risus nullam.
365	395	12	Nec feugiat in fermentum posuere urna nec.
366	369	8	Vitae tempus quam pellentesque nec nam aliquam sem et tortor.
367	186	8	Malesuada fames ac turpis egestas.
368	73	7	Faucibus turpis in eu mi bibendum neque egestas.
369	184	7	Consectetur adipiscing elit ut aliquam.
370	303	10	Auctor neque vitae tempus quam pellentesque nec nam aliquam sem.
371	154	8	Netus et malesuada fames ac turpis egestas sed tempus urna.
372	270	2	Gravida cum sociis natoque penatibus et magnis dis parturient.
373	43	1	Sed ullamcorper morbi tincidunt ornare massa.
374	358	5	Suspendisse in est ante in nibh mauris cursus mattis molestie.
375	261	9	Elit at imperdiet dui accumsan sit amet nulla.
376	300	10	At varius vel pharetra vel turpis nunc eget lorem dolor.
377	20	5	Non blandit massa enim nec dui.
378	398	10	Sed pulvinar proin gravida hendrerit.
379	255	4	Nunc sed id semper risus in hendrerit gravida.
380	323	9	A diam sollicitudin tempor id eu nisl nunc.
381	369	3	Morbi tincidunt ornare massa eget egestas.
382	46	4	Facilisi nullam vehicula ipsum a arcu cursus.
383	302	7	Morbi non arcu risus quis varius quam quisque id diam.
384	9	4	Tincidunt vitae semper quis lectus nulla at.
385	123	5	Maecenas pharetra convallis posuere morbi leo urna.
386	236	3	Massa enim nec dui nunc.
387	19	1	Habitasse platea dictumst vestibulum rhoncus.
388	252	8	Commodo viverra maecenas accumsan lacus vel facilisis volutpat.
389	294	6	Amet tellus cras adipiscing enim eu.
390	93	7	Blandit massa enim nec dui.
391	247	5	Integer enim neque volutpat ac tincidunt.
392	291	8	Eu augue ut lectus arcu bibendum at.
393	359	2	Justo laoreet sit amet cursus sit amet dictum.
394	127	10	Auctor elit sed vulputate mi sit amet mauris.
395	246	11	Mattis vulputate enim nulla aliquet porttitor lacus luctus.
396	274	8	Enim nec dui nunc mattis enim ut.
397	305	10	Etiam non quam lacus suspendisse faucibus interdum posuere lorem ipsum.
398	66	1	Feugiat scelerisque varius morbi enim nunc faucibus.
399	159	7	Hendrerit gravida rutrum quisque non tellus orci ac.
400	47	4	Sem viverra aliquet eget sit amet tellus.
401	34	4	Volutpat ac tincidunt vitae semper quis lectus nulla at.
402	254	1	Volutpat ac tincidunt vitae semper quis lectus nulla at.
403	397	6	Dis parturient montes nascetur ridiculus mus.
404	252	9	Urna neque viverra justo nec ultrices.
405	377	4	In mollis nunc sed id semper.
406	208	11	Arcu dui vivamus arcu felis.
407	157	5	Egestas fringilla phasellus faucibus scelerisque eleifend donec pretium.
408	416	13	Cum sociis natoque penatibus et.
409	3	14	Consectetur purus ut faucibus pulvinar elementum integer enim.
410	237	1	Praesent semper feugiat nibh sed pulvinar proin gravida hendrerit lectus.
411	119	12	Urna cursus eget nunc scelerisque viverra mauris in aliquam sem.
412	318	2	Malesuada fames ac turpis egestas maecenas.
413	276	8	Tempus imperdiet nulla malesuada pellentesque elit eget.
414	418	11	Erat imperdiet sed euismod nisi porta lorem mollis.
415	200	14	Malesuada fames ac turpis egestas maecenas.
416	387	9	A condimentum vitae sapien pellentesque habitant morbi tristique senectus.
417	216	6	Tellus in hac habitasse platea dictumst vestibulum rhoncus est pellentesque.
418	386	1	Fermentum et sollicitudin ac orci.
419	11	15	Pellentesque dignissim enim sit amet venenatis urna cursus eget nunc.
420	150	11	Netus et malesuada fames ac turpis egestas sed tempus urna.
421	423	2	At in tellus integer feugiat scelerisque varius morbi.
422	194	10	Laoreet non curabitur gravida arcu ac.
423	385	5	Lorem ipsum dolor sit amet, consectetur adipiscing elit, sed do eiusmod tempor incididunt ut labore et dolore magna aliqua.
424	148	1	Porttitor eget dolor morbi non arcu.
425	343	1	Id nibh tortor id aliquet lectus proin.
426	413	3	Dictum at tempor commodo ullamcorper.
427	366	10	Ultricies mi eget mauris pharetra et ultrices neque ornare aenean.
428	485	13	Ornare massa eget egestas purus.
429	46	12	Enim ut tellus elementum sagittis vitae.
430	88	4	Laoreet non curabitur gravida arcu ac.
431	139	10	Laoreet sit amet cursus sit amet dictum sit.
432	491	1	Metus vulputate eu scelerisque felis imperdiet.
433	488	14	Integer enim neque volutpat ac tincidunt.
434	160	9	Sed ullamcorper morbi tincidunt ornare massa.
435	114	10	Est pellentesque elit ullamcorper dignissim cras.
436	364	14	Non diam phasellus vestibulum lorem.
437	295	5	Pulvinar elementum integer enim neque volutpat ac tincidunt.
438	251	7	Fringilla est ullamcorper eget nulla facilisi etiam.
439	248	11	Laoreet non curabitur gravida arcu ac.
440	325	1	Dignissim sodales ut eu sem integer.
441	499	15	Adipiscing vitae proin sagittis nisl rhoncus mattis rhoncus urna.
442	106	13	Curabitur vitae nunc sed velit.
443	404	4	Tortor dignissim convallis aenean et tortor.
444	494	13	Dignissim sodales ut eu sem integer.
445	165	10	Molestie at elementum eu facilisis sed odio morbi quis commodo.
446	198	15	Mauris ultrices eros in cursus turpis massa tincidunt.
447	138	4	Enim sit amet venenatis urna cursus.
448	24	10	Enim nec dui nunc mattis enim ut.
449	314	5	A scelerisque purus semper eget duis at.
450	78	4	Aliquet sagittis id consectetur purus ut faucibus pulvinar.
451	180	6	Neque ornare aenean euismod elementum nisi quis.
452	281	13	Feugiat vivamus at augue eget arcu dictum varius duis at.
453	408	11	Elementum tempus egestas sed sed.
454	355	8	Eu nisl nunc mi ipsum faucibus vitae aliquet nec ullamcorper.
455	336	13	Porttitor lacus luctus accumsan tortor posuere ac ut.
456	427	7	Volutpat consequat mauris nunc congue nisi.
457	19	6	Lacus laoreet non curabitur gravida arcu.
458	482	9	Quis auctor elit sed vulputate mi sit amet mauris commodo.
459	399	8	Senectus et netus et malesuada fames ac turpis egestas integer.
460	98	8	Porttitor lacus luctus accumsan tortor.
461	262	5	Posuere urna nec tincidunt praesent semper feugiat.
462	30	10	In nibh mauris cursus mattis molestie.
463	144	13	Vulputate enim nulla aliquet porttitor lacus luctus accumsan tortor.
464	51	13	Eget arcu dictum varius duis at consectetur.
465	494	5	Nullam eget felis eget nunc.
466	497	7	Non tellus orci ac auctor.
467	227	13	Sit amet nisl suscipit adipiscing.
468	397	7	Platea dictumst vestibulum rhoncus est pellentesque elit ullamcorper dignissim.
469	278	13	Senectus et netus et malesuada fames.
470	280	4	Vel facilisis volutpat est velit egestas dui id ornare arcu.
471	316	2	Nibh cras pulvinar mattis nunc sed blandit libero volutpat.
472	352	7	At varius vel pharetra vel turpis nunc eget lorem dolor.
473	387	10	Amet volutpat consequat mauris nunc congue nisi vitae suscipit tellus.
474	204	11	Tristique senectus et netus et malesuada fames ac turpis egestas.
475	447	11	Viverra adipiscing at in tellus integer feugiat scelerisque.
476	18	5	Risus nullam eget felis eget nunc lobortis.
477	87	15	Odio ut enim blandit volutpat maecenas volutpat blandit.
478	89	14	Ipsum consequat nisl vel pretium lectus quam id leo.
479	324	15	Massa enim nec dui nunc.
480	128	9	Pellentesque elit eget gravida cum sociis natoque penatibus et magnis.
481	275	8	Praesent semper feugiat nibh sed pulvinar proin gravida hendrerit lectus.
482	443	13	Vitae proin sagittis nisl rhoncus.
483	324	10	Donec adipiscing tristique risus nec.
484	346	10	Egestas fringilla phasellus faucibus scelerisque eleifend donec pretium.
485	157	3	Aliquam nulla facilisi cras fermentum odio eu feugiat.
486	290	15	Ultrices in iaculis nunc sed augue lacus.
487	414	14	Posuere urna nec tincidunt praesent semper feugiat nibh sed pulvinar.
488	428	5	Vitae auctor eu augue ut lectus.
489	77	5	Amet tellus cras adipiscing enim eu.
490	443	11	Aliquam etiam erat velit scelerisque in dictum.
491	71	4	In vitae turpis massa sed elementum tempus egestas sed sed.
492	253	7	Bibendum enim facilisis gravida neque.
493	265	8	In iaculis nunc sed augue lacus viverra.
494	421	11	Lacus vestibulum sed arcu non odio euismod lacinia.
495	167	1	At urna condimentum mattis pellentesque id nibh tortor.
496	449	5	Nec tincidunt praesent semper feugiat nibh sed pulvinar proin.
497	357	10	Nisl nunc mi ipsum faucibus vitae aliquet nec.
498	203	7	Pulvinar pellentesque habitant morbi tristique.
499	154	1	Imperdiet sed euismod nisi porta lorem mollis aliquam ut.
500	478	7	Viverra justo nec ultrices dui sapien eget mi.
501	138	10	In vitae turpis massa sed elementum.
502	37	5	Enim nec dui nunc mattis enim.
503	39	4	Eget arcu dictum varius duis at consectetur.
504	299	9	Fringilla est ullamcorper eget nulla facilisi etiam.
505	450	10	Augue neque gravida in fermentum et sollicitudin ac orci phasellus.
506	494	18	Mollis aliquam ut porttitor leo.
507	111	12	Nascetur ridiculus mus mauris vitae ultricies leo integer.
508	156	1	Neque convallis a cras semper auctor neque.
509	251	1	Aenean et tortor at risus viverra adipiscing at in.
510	412	15	Sem viverra aliquet eget sit amet tellus.
511	379	1	Vitae et leo duis ut diam quam.
512	548	14	Neque viverra justo nec ultrices dui sapien eget mi.
513	220	6	Urna cursus eget nunc scelerisque viverra mauris in aliquam sem.
514	449	13	Sit amet nisl purus in mollis nunc sed.
515	366	9	Et malesuada fames ac turpis egestas maecenas.
516	333	18	Dictumst quisque sagittis purus sit amet volutpat consequat mauris nunc.
517	230	10	Faucibus scelerisque eleifend donec pretium vulputate sapien nec.
518	431	2	Sit amet porttitor eget dolor morbi non arcu risus quis.
519	566	14	Viverra nibh cras pulvinar mattis nunc.
520	279	12	Condimentum vitae sapien pellentesque habitant morbi.
521	202	1	Arcu cursus euismod quis viverra nibh cras pulvinar.
522	298	5	Non enim praesent elementum facilisis leo vel fringilla est.
523	139	6	Dignissim sodales ut eu sem integer.
524	114	18	Vulputate odio ut enim blandit.
525	500	6	Diam vel quam elementum pulvinar etiam non quam lacus suspendisse.
526	596	4	Felis bibendum ut tristique et egestas quis ipsum suspendisse.
527	384	11	Pellentesque elit eget gravida cum sociis natoque penatibus et magnis.
528	456	9	Ac turpis egestas sed tempus urna et pharetra pharetra massa.
529	200	10	Cursus sit amet dictum sit amet justo donec.
530	463	6	Sit amet aliquam id diam maecenas ultricies mi eget mauris.
531	164	14	Ut porttitor leo a diam sollicitudin.
532	498	4	Dignissim convallis aenean et tortor at risus viverra.
533	387	2	Erat velit scelerisque in dictum non.
534	246	8	Eu scelerisque felis imperdiet proin fermentum leo.
535	406	15	Amet purus gravida quis blandit.
536	508	16	Pellentesque pulvinar pellentesque habitant morbi tristique senectus et netus et.
537	372	3	Facilisi nullam vehicula ipsum a arcu cursus.
538	4	10	Molestie ac feugiat sed lectus vestibulum mattis ullamcorper velit.
539	332	15	Elementum nibh tellus molestie nunc non blandit.
540	483	2	Senectus et netus et malesuada.
541	257	1	Aliquam etiam erat velit scelerisque in dictum.
542	366	9	Cras pulvinar mattis nunc sed blandit libero volutpat sed cras.
543	14	15	Quis blandit turpis cursus in hac habitasse platea dictumst quisque.
544	408	17	Enim lobortis scelerisque fermentum dui faucibus in ornare quam.
545	304	6	Molestie a iaculis at erat pellentesque.
546	420	14	Felis bibendum ut tristique et egestas quis ipsum suspendisse.
547	573	11	Netus et malesuada fames ac turpis egestas sed tempus urna.
548	375	3	Imperdiet proin fermentum leo vel orci porta.
549	78	2	Mauris in aliquam sem fringilla ut.
550	478	14	Eu nisl nunc mi ipsum faucibus vitae aliquet.
551	314	10	Fringilla est ullamcorper eget nulla facilisi etiam.
552	444	2	Turpis cursus in hac habitasse platea dictumst quisque.
553	515	16	Amet consectetur adipiscing elit pellentesque habitant morbi tristique senectus.
554	89	4	Neque volutpat ac tincidunt vitae semper quis.
555	127	5	Laoreet non curabitur gravida arcu ac tortor dignissim.
556	447	5	Elit ut aliquam purus sit amet luctus venenatis lectus.
557	247	11	Fusce ut placerat orci nulla.
558	56	8	Lectus vestibulum mattis ullamcorper velit sed ullamcorper.
559	360	12	Neque viverra justo nec ultrices dui sapien eget mi.
560	12	4	Sit amet purus gravida quis blandit turpis cursus in.
561	88	9	Facilisi nullam vehicula ipsum a arcu cursus.
562	554	18	Tempus iaculis urna id volutpat lacus laoreet.
563	598	10	Ridiculus mus mauris vitae ultricies.
564	269	12	Maecenas ultricies mi eget mauris pharetra et.
565	32	1	Fringilla est ullamcorper eget nulla facilisi etiam.
566	427	13	Sed arcu non odio euismod lacinia.
567	97	1	Laoreet id donec ultrices tincidunt.
568	351	16	Cras pulvinar mattis nunc sed blandit libero volutpat sed cras.
569	13	7	Adipiscing at in tellus integer feugiat scelerisque varius morbi enim.
570	242	12	Quam vulputate dignissim suspendisse in est ante in nibh.
571	362	14	Quis hendrerit dolor magna eget est.
572	511	4	Eleifend quam adipiscing vitae proin sagittis nisl rhoncus.
573	354	4	Aliquet sagittis id consectetur purus ut faucibus pulvinar.
574	101	8	Varius morbi enim nunc faucibus a pellentesque sit amet.
575	273	9	Facilisis magna etiam tempor orci.
576	53	5	Sodales ut eu sem integer vitae.
577	400	10	Dictum at tempor commodo ullamcorper.
578	98	4	Massa massa ultricies mi quis hendrerit.
579	86	8	In mollis nunc sed id semper.
580	546	11	Diam vel quam elementum pulvinar etiam non.
581	25	5	Amet venenatis urna cursus eget.
582	451	3	Proin fermentum leo vel orci porta.
583	26	3	Egestas pretium aenean pharetra magna ac placerat vestibulum lectus mauris.
584	449	9	Justo donec enim diam vulputate ut pharetra sit amet.
585	304	11	Dolor sed viverra ipsum nunc.
586	269	18	Ac turpis egestas integer eget aliquet nibh praesent tristique.
587	103	17	Vitae proin sagittis nisl rhoncus mattis rhoncus.
588	24	14	Elementum nibh tellus molestie nunc non blandit.
589	447	1	Quis lectus nulla at volutpat diam ut venenatis.
590	202	17	Libero nunc consequat interdum varius sit amet.
591	408	16	Vulputate odio ut enim blandit.
592	369	15	Arcu non sodales neque sodales ut etiam sit.
593	329	4	Integer quis auctor elit sed.
594	53	2	Amet consectetur adipiscing elit pellentesque habitant morbi tristique senectus.
595	214	5	Nec feugiat nisl pretium fusce.
596	77	14	Lorem ipsum dolor sit amet consectetur adipiscing elit.
597	467	5	Sed vulputate odio ut enim blandit volutpat maecenas volutpat.
598	447	9	Tempus urna et pharetra pharetra massa.
599	420	16	Arcu bibendum at varius vel pharetra vel.
600	82	3	Risus nullam eget felis eget nunc lobortis.
601	552	10	Nunc congue nisi vitae suscipit tellus mauris.
602	685	9	Nulla pellentesque dignissim enim sit amet.
603	505	7	Mi in nulla posuere sollicitudin aliquam ultrices sagittis orci a.
604	101	19	Eget gravida cum sociis natoque penatibus et magnis.
605	586	8	Elit duis tristique sollicitudin nibh sit amet commodo.
606	605	2	Dolor sit amet consectetur adipiscing elit pellentesque habitant.
607	447	18	Maecenas sed enim ut sem viverra aliquet eget.
608	2	16	Purus in massa tempor nec feugiat nisl pretium fusce.
609	147	20	Cras ornare arcu dui vivamus arcu felis.
610	163	16	Porta non pulvinar neque laoreet suspendisse interdum consectetur libero id.
611	252	12	Eu tincidunt tortor aliquam nulla facilisi cras fermentum.
612	116	17	Ullamcorper velit sed ullamcorper morbi tincidunt.
613	233	4	Imperdiet proin fermentum leo vel orci porta non pulvinar neque.
614	351	5	Tristique et egestas quis ipsum suspendisse.
615	398	19	Eu facilisis sed odio morbi quis commodo odio aenean sed.
616	396	21	Interdum velit euismod in pellentesque massa placerat duis ultricies lacus.
617	29	8	Cursus turpis massa tincidunt dui ut.
618	299	14	Amet consectetur adipiscing elit pellentesque habitant morbi tristique senectus.
619	415	17	Quis risus sed vulputate odio ut enim.
620	341	1	Varius vel pharetra vel turpis nunc.
621	256	14	Natoque penatibus et magnis dis.
622	294	1	Morbi tempus iaculis urna id volutpat lacus.
623	152	20	Ut venenatis tellus in metus vulputate eu scelerisque felis imperdiet.
624	450	15	Diam vulputate ut pharetra sit amet aliquam.
625	687	12	Fringilla urna porttitor rhoncus dolor purus non.
626	671	3	Tellus in hac habitasse platea dictumst vestibulum.
627	36	8	Laoreet id donec ultrices tincidunt arcu non sodales neque.
628	112	7	Fringilla urna porttitor rhoncus dolor purus non enim praesent elementum.
629	290	16	Et netus et malesuada fames ac turpis.
630	77	4	Tortor at auctor urna nunc id cursus metus aliquam.
631	525	11	Orci a scelerisque purus semper eget duis at tellus.
632	24	3	A diam sollicitudin tempor id.
633	585	13	Elit ut aliquam purus sit amet luctus venenatis lectus.
634	540	5	Sem integer vitae justo eget magna.
635	20	2	Turpis in eu mi bibendum.
636	558	6	Mattis ullamcorper velit sed ullamcorper morbi tincidunt ornare massa eget.
637	48	3	Lectus sit amet est placerat in egestas erat.
638	685	5	In nisl nisi scelerisque eu ultrices vitae auctor eu augue.
639	367	13	Eu non diam phasellus vestibulum lorem sed risus.
640	278	20	Aliquet nibh praesent tristique magna sit.
641	80	20	Fusce ut placerat orci nulla pellentesque dignissim enim.
642	455	15	Faucibus nisl tincidunt eget nullam.
643	59	4	Egestas fringilla phasellus faucibus scelerisque.
644	333	11	Nisi scelerisque eu ultrices vitae auctor eu.
645	666	6	Turpis egestas maecenas pharetra convallis posuere morbi leo urna molestie.
646	620	19	Elementum integer enim neque volutpat ac tincidunt vitae.
647	63	21	Varius morbi enim nunc faucibus a pellentesque sit amet.
648	572	12	Elementum tempus egestas sed sed risus pretium quam vulputate.
649	202	5	Porttitor lacus luctus accumsan tortor posuere ac ut consequat semper.
650	112	3	Tempus iaculis urna id volutpat lacus laoreet.
651	523	12	At augue eget arcu dictum varius duis at consectetur.
652	673	9	Ullamcorper morbi tincidunt ornare massa eget egestas purus viverra accumsan.
653	355	14	Vel risus commodo viverra maecenas accumsan lacus.
654	94	20	Porttitor eget dolor morbi non arcu.
655	433	14	Facilisis leo vel fringilla est ullamcorper eget.
656	378	16	Posuere lorem ipsum dolor sit amet consectetur adipiscing elit duis.
657	522	11	Mattis rhoncus urna neque viverra justo nec ultrices.
658	262	9	Integer vitae justo eget magna fermentum.
659	46	12	Velit euismod in pellentesque massa.
660	65	18	Eu lobortis elementum nibh tellus molestie nunc non blandit massa.
661	609	16	Massa placerat duis ultricies lacus sed turpis tincidunt id.
662	140	19	Nec feugiat in fermentum posuere urna nec.
663	395	4	Morbi non arcu risus quis varius quam quisque id diam.
664	55	1	Lacus suspendisse faucibus interdum posuere lorem ipsum dolor sit.
665	290	17	Diam maecenas sed enim ut sem viverra.
666	674	21	Metus aliquam eleifend mi in nulla posuere sollicitudin.
667	199	9	Dui faucibus in ornare quam viverra orci sagittis eu.
668	468	17	Venenatis a condimentum vitae sapien pellentesque habitant.
669	83	14	Viverra mauris in aliquam sem fringilla.
670	162	13	Nunc sed velit dignissim sodales ut.
671	420	17	Tellus in hac habitasse platea dictumst vestibulum rhoncus est pellentesque.
672	225	21	Ipsum a arcu cursus vitae congue.
673	607	4	Egestas erat imperdiet sed euismod nisi porta lorem mollis aliquam.
674	238	6	Libero nunc consequat interdum varius sit amet.
675	314	17	Magna fermentum iaculis eu non diam.
676	376	7	Vel elit scelerisque mauris pellentesque.
677	304	8	Tempus quam pellentesque nec nam aliquam.
678	13	11	Sollicitudin nibh sit amet commodo nulla facilisi nullam.
679	580	20	Porttitor lacus luctus accumsan tortor posuere ac ut.
680	146	20	Nunc sed augue lacus viverra vitae.
681	674	6	Odio tempor orci dapibus ultrices.
682	50	4	Arcu non sodales neque sodales ut etiam sit amet.
683	289	5	Vitae aliquet nec ullamcorper sit amet risus nullam.
684	106	18	Adipiscing vitae proin sagittis nisl rhoncus mattis rhoncus urna.
685	624	9	Vitae nunc sed velit dignissim sodales ut eu.
686	113	5	Tempor id eu nisl nunc mi ipsum.
687	369	6	Nisi lacus sed viverra tellus in hac.
688	586	20	Cursus turpis massa tincidunt dui ut ornare lectus.
689	543	8	Varius morbi enim nunc faucibus a pellentesque.
690	431	5	Vulputate enim nulla aliquet porttitor lacus luctus accumsan tortor.
691	420	19	Faucibus pulvinar elementum integer enim neque.
692	541	11	Nec dui nunc mattis enim.
693	386	15	Pulvinar etiam non quam lacus.
694	655	19	Placerat orci nulla pellentesque dignissim enim sit.
695	274	20	Feugiat vivamus at augue eget arcu.
696	593	6	In cursus turpis massa tincidunt.
697	175	4	Sit amet facilisis magna etiam tempor orci.
698	237	11	Massa ultricies mi quis hendrerit dolor.
699	692	20	Magna fermentum iaculis eu non diam.
700	397	3	Elementum facilisis leo vel fringilla est.
701	677	4	Scelerisque viverra mauris in aliquam sem fringilla ut.
702	321	6	Quis hendrerit dolor magna eget est.
703	510	9	Tortor dignissim convallis aenean et tortor.
704	367	8	Quis risus sed vulputate odio ut enim.
705	36	7	Velit egestas dui id ornare arcu odio ut sem nulla.
706	799	14	Aliquam etiam erat velit scelerisque in dictum.
707	173	20	Est velit egestas dui id ornare arcu.
708	351	7	Libero nunc consequat interdum varius sit amet mattis vulputate.
709	502	3	Nibh nisl condimentum id venenatis a condimentum vitae sapien pellentesque.
710	791	14	Lorem ipsum dolor sit amet, consectetur adipiscing elit, sed do eiusmod tempor incididunt ut labore et dolore magna aliqua.
711	739	21	Ut tellus elementum sagittis vitae.
712	145	24	Aliquam etiam erat velit scelerisque in dictum.
713	327	13	Pulvinar elementum integer enim neque volutpat ac tincidunt.
714	719	21	Justo laoreet sit amet cursus sit amet dictum.
715	505	20	Aliquam nulla facilisi cras fermentum.
716	749	7	Neque ornare aenean euismod elementum nisi quis.
717	4	11	Id aliquet lectus proin nibh nisl condimentum id venenatis.
718	5	21	Ipsum nunc aliquet bibendum enim facilisis gravida.
719	126	13	Est pellentesque elit ullamcorper dignissim cras.
720	460	6	Fringilla est ullamcorper eget nulla facilisi etiam.
721	121	9	Fringilla ut morbi tincidunt augue interdum velit euismod in pellentesque.
722	77	12	Rhoncus aenean vel elit scelerisque mauris pellentesque pulvinar pellentesque.
723	413	12	Sed cras ornare arcu dui vivamus arcu felis bibendum.
724	343	21	Vel facilisis volutpat est velit egestas.
725	140	19	Vitae aliquet nec ullamcorper sit amet risus nullam.
726	722	10	Imperdiet sed euismod nisi porta lorem mollis aliquam ut.
727	284	1	Orci dapibus ultrices in iaculis nunc sed augue lacus viverra.
728	347	21	Vitae semper quis lectus nulla at.
729	33	3	Elit eget gravida cum sociis natoque penatibus et magnis.
730	305	21	Nec feugiat nisl pretium fusce.
731	690	18	Eget velit aliquet sagittis id consectetur purus ut.
732	654	13	Non arcu risus quis varius quam quisque id diam.
733	667	9	In cursus turpis massa tincidunt.
734	69	18	Laoreet non curabitur gravida arcu ac tortor dignissim.
735	741	17	Viverra nibh cras pulvinar mattis nunc.
736	582	15	A condimentum vitae sapien pellentesque habitant morbi tristique senectus.
737	179	17	Aliquam sem et tortor consequat.
738	51	18	Fusce id velit ut tortor pretium viverra.
739	18	5	Purus viverra accumsan in nisl nisi scelerisque.
740	138	4	Praesent elementum facilisis leo vel fringilla.
741	616	19	Habitasse platea dictumst vestibulum rhoncus est pellentesque elit.
742	88	22	Commodo sed egestas egestas fringilla phasellus faucibus scelerisque eleifend.
743	133	7	Sed vulputate mi sit amet mauris.
744	387	15	Nec nam aliquam sem et.
745	755	13	Lacus suspendisse faucibus interdum posuere lorem ipsum dolor sit.
746	587	7	Diam vel quam elementum pulvinar etiam non.
747	535	24	Imperdiet proin fermentum leo vel orci porta non pulvinar neque.
748	427	11	Cras pulvinar mattis nunc sed blandit libero volutpat sed.
749	94	17	Pellentesque adipiscing commodo elit at imperdiet dui accumsan.
750	609	5	Laoreet non curabitur gravida arcu ac tortor dignissim.
751	213	8	Laoreet non curabitur gravida arcu ac.
752	99	24	Neque convallis a cras semper auctor neque.
753	102	12	Pellentesque elit eget gravida cum sociis natoque penatibus et.
754	619	11	Velit euismod in pellentesque massa.
755	754	7	Gravida cum sociis natoque penatibus et magnis dis parturient.
756	389	2	Pretium aenean pharetra magna ac.
757	769	15	Magnis dis parturient montes nascetur ridiculus mus mauris.
758	529	19	Laoreet non curabitur gravida arcu ac.
759	631	13	Tellus integer feugiat scelerisque varius morbi enim nunc faucibus a.
760	542	7	Imperdiet sed euismod nisi porta lorem mollis aliquam ut.
761	259	24	Viverra aliquet eget sit amet.
762	660	17	Molestie ac feugiat sed lectus vestibulum mattis ullamcorper velit.
763	508	18	Magna fermentum iaculis eu non diam.
764	768	6	Semper feugiat nibh sed pulvinar proin gravida hendrerit lectus a.
765	361	4	Amet volutpat consequat mauris nunc congue.
766	28	24	Faucibus ornare suspendisse sed nisi lacus sed viverra tellus.
767	106	12	Amet purus gravida quis blandit.
768	778	4	Nec tincidunt praesent semper feugiat nibh sed pulvinar proin.
769	662	19	Mauris vitae ultricies leo integer malesuada nunc vel.
770	134	12	Laoreet id donec ultrices tincidunt arcu non sodales neque.
771	131	23	Facilisi etiam dignissim diam quis enim.
772	165	11	Senectus et netus et malesuada fames.
773	56	10	Cras ornare arcu dui vivamus arcu felis.
774	702	13	Pharetra sit amet aliquam id diam maecenas ultricies mi eget.
775	361	21	Ipsum consequat nisl vel pretium lectus quam id leo.
776	239	6	Morbi tincidunt ornare massa eget egestas.
777	233	15	Eget gravida cum sociis natoque penatibus et magnis dis parturient.
778	192	7	A lacus vestibulum sed arcu non.
779	319	18	Quis blandit turpis cursus in hac habitasse platea dictumst quisque.
780	385	1	Eget aliquet nibh praesent tristique magna.
781	669	10	Amet luctus venenatis lectus magna fringilla urna porttitor rhoncus.
782	455	10	Egestas dui id ornare arcu.
783	76	22	Sit amet nisl purus in mollis nunc sed.
784	9	17	Mauris vitae ultricies leo integer malesuada nunc vel.
785	273	4	Et netus et malesuada fames ac turpis.
786	710	6	Neque volutpat ac tincidunt vitae semper quis.
787	597	5	Porttitor lacus luctus accumsan tortor.
788	397	10	Neque convallis a cras semper auctor neque.
789	743	5	At lectus urna duis convallis convallis tellus id interdum velit.
790	692	1	Eu consequat ac felis donec.
791	682	4	Massa placerat duis ultricies lacus sed turpis tincidunt id.
792	544	14	Scelerisque viverra mauris in aliquam.
793	155	19	Amet commodo nulla facilisi nullam vehicula.
794	494	5	Pretium aenean pharetra magna ac.
795	482	13	At varius vel pharetra vel.
796	176	3	Consectetur purus ut faucibus pulvinar elementum integer enim.
797	382	2	Posuere lorem ipsum dolor sit amet consectetur adipiscing elit.
798	163	20	Purus viverra accumsan in nisl nisi scelerisque.
799	492	13	Quam viverra orci sagittis eu volutpat odio facilisis.
800	326	7	Facilisis magna etiam tempor orci.
\.


--
-- Data for Name: notification_subscription; Type: TABLE DATA; Schema: public; Owner: postgres
--

COPY public.notification_subscription (customer_id, type_id, enabled) FROM stdin;
1	1	t
1	2	t
1	3	t
2	1	t
2	2	t
2	3	t
3	1	f
3	2	t
3	3	f
4	1	t
4	2	t
4	3	f
5	1	f
5	2	t
5	3	f
6	1	f
6	2	f
6	3	t
7	1	f
7	2	f
7	3	f
8	1	t
8	2	t
8	3	f
9	1	f
9	2	t
9	3	f
10	1	f
10	2	f
10	3	t
11	1	f
11	2	f
11	3	f
12	1	f
12	2	f
12	3	f
13	1	t
13	2	f
13	3	f
14	1	f
14	2	f
14	3	t
15	1	f
15	2	f
15	3	t
16	1	f
16	2	t
16	3	f
17	1	f
17	2	t
17	3	f
18	1	t
18	2	t
18	3	t
19	1	f
19	2	f
19	3	f
20	1	f
20	2	f
20	3	t
21	1	f
21	2	t
21	3	t
22	1	f
22	2	f
22	3	f
23	1	t
23	2	f
23	3	f
24	1	t
24	2	f
24	3	f
25	1	t
25	2	t
25	3	t
26	1	t
26	2	f
26	3	t
27	1	t
27	2	f
27	3	t
28	1	t
28	2	f
28	3	t
29	1	t
29	2	t
29	3	f
30	1	f
30	2	f
30	3	f
31	1	t
31	2	t
31	3	f
32	1	f
32	2	f
32	3	t
33	1	f
33	2	t
33	3	f
34	1	f
34	2	t
34	3	t
35	1	t
35	2	t
35	3	f
36	1	f
36	2	t
36	3	t
37	1	t
37	2	t
37	3	f
38	1	t
38	2	f
38	3	t
39	1	f
39	2	f
39	3	f
40	1	f
40	2	t
40	3	t
41	1	t
41	2	f
41	3	f
42	1	t
42	2	f
42	3	f
43	1	f
43	2	t
43	3	f
44	1	f
44	2	f
44	3	f
45	1	f
45	2	f
45	3	f
46	1	t
46	2	f
46	3	f
47	1	t
47	2	f
47	3	t
48	1	t
48	2	t
48	3	t
49	1	f
49	2	t
49	3	f
50	1	t
50	2	t
50	3	f
51	1	f
51	2	f
51	3	t
52	1	t
52	2	t
52	3	t
53	1	t
53	2	f
53	3	f
54	1	t
54	2	f
54	3	t
55	1	f
55	2	f
55	3	f
56	1	f
56	2	f
56	3	f
57	1	t
57	2	f
57	3	f
58	1	t
58	2	t
58	3	f
59	1	t
59	2	t
59	3	f
60	1	f
60	2	f
60	3	t
61	1	f
61	2	f
61	3	f
62	1	t
62	2	t
62	3	t
63	1	t
63	2	f
63	3	t
64	1	t
64	2	t
64	3	t
65	1	f
65	2	t
65	3	f
66	1	f
66	2	t
66	3	f
67	1	f
67	2	t
67	3	t
68	1	f
68	2	t
68	3	t
69	1	t
69	2	t
69	3	f
70	1	t
70	2	f
70	3	t
71	1	f
71	2	f
71	3	f
72	1	t
72	2	t
72	3	f
73	1	f
73	2	f
73	3	t
74	1	t
74	2	t
74	3	f
75	1	t
75	2	f
75	3	t
76	1	t
76	2	f
76	3	t
77	1	f
77	2	f
77	3	t
78	1	t
78	2	f
78	3	t
79	1	t
79	2	t
79	3	f
80	1	f
80	2	f
80	3	t
81	1	t
81	2	f
81	3	t
82	1	t
82	2	f
82	3	t
83	1	t
83	2	f
83	3	f
84	1	f
84	2	f
84	3	t
85	1	t
85	2	t
85	3	f
86	1	t
86	2	t
86	3	t
87	1	f
87	2	f
87	3	t
88	1	f
88	2	f
88	3	t
89	1	t
89	2	t
89	3	f
90	1	f
90	2	t
90	3	f
91	1	f
91	2	t
91	3	f
92	1	f
92	2	t
92	3	t
93	1	f
93	2	f
93	3	f
94	1	f
94	2	f
94	3	t
95	1	t
95	2	t
95	3	t
96	1	f
96	2	f
96	3	f
97	1	t
97	2	f
97	3	t
98	1	t
98	2	t
98	3	t
99	1	t
99	2	t
99	3	f
100	1	t
100	2	f
100	3	t
1	4	t
1	5	t
1	6	t
2	4	f
2	5	t
2	6	t
3	4	t
3	5	t
3	6	f
4	4	t
4	5	f
4	6	t
5	4	f
5	5	t
5	6	t
6	4	f
6	5	t
6	6	f
7	4	f
7	5	f
7	6	f
8	4	f
8	5	f
8	6	t
9	4	f
9	5	f
9	6	t
10	4	f
10	5	f
10	6	t
11	4	f
11	5	f
11	6	t
12	4	t
12	5	t
12	6	t
13	4	t
13	5	t
13	6	t
14	4	f
14	5	t
14	6	f
15	4	t
15	5	f
15	6	f
16	4	f
16	5	f
16	6	f
17	4	t
17	5	t
17	6	f
18	4	f
18	5	t
18	6	f
19	4	t
19	5	t
19	6	f
20	4	f
20	5	t
20	6	t
21	4	t
21	5	t
21	6	f
22	4	f
22	5	t
22	6	f
23	4	f
23	5	f
23	6	t
24	4	t
24	5	t
24	6	f
25	4	f
25	5	t
25	6	f
26	4	t
26	5	f
26	6	f
27	4	t
27	5	t
27	6	f
28	4	f
28	5	f
28	6	f
29	4	t
29	5	f
29	6	t
30	4	t
30	5	f
30	6	t
31	4	t
31	5	f
31	6	t
32	4	t
32	5	f
32	6	f
33	4	t
33	5	t
33	6	f
34	4	f
34	5	f
34	6	f
35	4	f
35	5	t
35	6	f
36	4	f
36	5	f
36	6	t
37	4	f
37	5	f
37	6	f
38	4	f
38	5	f
38	6	f
39	4	f
39	5	t
39	6	t
40	4	f
40	5	t
40	6	t
41	4	t
41	5	t
41	6	f
42	4	t
42	5	t
42	6	t
43	4	f
43	5	f
43	6	f
44	4	f
44	5	t
44	6	t
45	4	f
45	5	t
45	6	f
46	4	f
46	5	t
46	6	t
47	4	t
47	5	t
47	6	t
48	4	f
48	5	f
48	6	t
49	4	f
49	5	f
49	6	t
50	4	f
50	5	f
50	6	f
51	4	t
51	5	f
51	6	f
52	4	t
52	5	f
52	6	t
53	4	t
53	5	t
53	6	t
54	4	t
54	5	f
54	6	t
55	4	t
55	5	f
55	6	t
56	4	t
56	5	t
56	6	t
57	4	f
57	5	f
57	6	f
58	4	t
58	5	f
58	6	t
59	4	f
59	5	f
59	6	f
60	4	f
60	5	f
60	6	f
61	4	t
61	5	f
61	6	f
62	4	t
62	5	f
62	6	f
63	4	t
63	5	f
63	6	t
64	4	f
64	5	f
64	6	t
65	4	f
65	5	t
65	6	f
66	4	f
66	5	f
66	6	f
67	4	f
67	5	f
67	6	t
68	4	f
68	5	f
68	6	t
69	4	t
69	5	t
69	6	t
70	4	f
70	5	f
70	6	f
71	4	f
71	5	f
71	6	f
72	4	f
72	5	t
72	6	t
73	4	f
73	5	t
73	6	t
74	4	t
74	5	f
74	6	t
75	4	f
75	5	t
75	6	t
76	4	t
76	5	t
76	6	t
77	4	t
77	5	t
77	6	t
78	4	f
78	5	t
78	6	t
79	4	t
79	5	f
79	6	f
80	4	f
80	5	f
80	6	f
81	4	f
81	5	t
81	6	f
82	4	t
82	5	f
82	6	t
83	4	t
83	5	f
83	6	f
84	4	t
84	5	t
84	6	t
85	4	t
85	5	f
85	6	t
86	4	t
86	5	t
86	6	f
87	4	f
87	5	f
87	6	f
88	4	t
88	5	f
88	6	f
89	4	t
89	5	f
89	6	t
90	4	t
90	5	f
90	6	f
91	4	t
91	5	t
91	6	f
92	4	t
92	5	f
92	6	f
93	4	f
93	5	t
93	6	t
94	4	t
94	5	f
94	6	t
95	4	f
95	5	f
95	6	f
96	4	t
96	5	f
96	6	f
97	4	f
97	5	t
97	6	t
98	4	t
98	5	f
98	6	t
99	4	t
99	5	t
99	6	t
100	4	f
100	5	t
100	6	f
101	1	f
101	2	f
101	3	f
101	4	f
101	5	t
101	6	f
102	1	f
102	2	t
102	3	f
102	4	t
102	5	t
102	6	f
103	1	f
103	2	t
103	3	t
103	4	t
103	5	t
103	6	f
104	1	t
104	2	f
104	3	f
104	4	f
104	5	f
104	6	t
105	1	f
105	2	f
105	3	t
105	4	f
105	5	t
105	6	t
106	1	t
106	2	t
106	3	t
106	4	f
106	5	t
106	6	t
107	1	f
107	2	f
107	3	f
107	4	t
107	5	t
107	6	f
108	1	f
108	2	t
108	3	t
108	4	t
108	5	f
108	6	f
109	1	f
109	2	f
109	3	f
109	4	f
109	5	f
109	6	t
110	1	t
110	2	f
110	3	f
110	4	f
110	5	t
110	6	f
111	1	t
111	2	t
111	3	f
111	4	t
111	5	t
111	6	t
112	1	t
112	2	f
112	3	t
112	4	t
112	5	t
112	6	t
113	1	t
113	2	t
113	3	t
113	4	f
113	5	f
113	6	f
114	1	t
114	2	t
114	3	t
114	4	t
114	5	f
114	6	t
115	1	f
115	2	t
115	3	t
115	4	t
115	5	t
115	6	f
116	1	t
116	2	t
116	3	t
116	4	f
116	5	f
116	6	t
117	1	f
117	2	t
117	3	f
117	4	f
117	5	f
117	6	t
118	1	t
118	2	f
118	3	t
118	4	f
118	5	t
118	6	t
119	1	f
119	2	t
119	3	f
119	4	t
119	5	f
119	6	f
120	1	t
120	2	f
120	3	f
120	4	f
120	5	f
120	6	f
121	1	t
121	2	f
121	3	t
121	4	f
121	5	t
121	6	t
122	1	t
122	2	f
122	3	t
122	4	f
122	5	f
122	6	t
123	1	t
123	2	f
123	3	t
123	4	t
123	5	f
123	6	t
124	1	f
124	2	f
124	3	t
124	4	f
124	5	t
124	6	f
125	1	t
125	2	t
125	3	f
125	4	f
125	5	f
125	6	f
126	1	f
126	2	f
126	3	f
126	4	f
126	5	t
126	6	f
127	1	t
127	2	t
127	3	t
127	4	t
127	5	f
127	6	t
128	1	t
128	2	f
128	3	t
128	4	t
128	5	f
128	6	t
129	1	f
129	2	f
129	3	t
129	4	f
129	5	t
129	6	f
130	1	t
130	2	f
130	3	t
130	4	t
130	5	t
130	6	f
131	1	t
131	2	f
131	3	t
131	4	f
131	5	f
131	6	f
132	1	t
132	2	f
132	3	f
132	4	t
132	5	t
132	6	f
133	1	t
133	2	t
133	3	f
133	4	f
133	5	t
133	6	f
134	1	f
134	2	f
134	3	f
134	4	f
134	5	t
134	6	f
135	1	f
135	2	f
135	3	t
135	4	f
135	5	f
135	6	f
136	1	t
136	2	f
136	3	t
136	4	t
136	5	f
136	6	f
137	1	f
137	2	t
137	3	t
137	4	t
137	5	f
137	6	f
138	1	t
138	2	f
138	3	t
138	4	t
138	5	t
138	6	f
139	1	f
139	2	t
139	3	f
139	4	t
139	5	f
139	6	t
140	1	f
140	2	f
140	3	f
140	4	t
140	5	t
140	6	t
141	1	t
141	2	f
141	3	f
141	4	t
141	5	t
141	6	f
142	1	f
142	2	f
142	3	f
142	4	f
142	5	f
142	6	f
143	1	t
143	2	t
143	3	f
143	4	t
143	5	f
143	6	t
144	1	f
144	2	f
144	3	f
144	4	f
144	5	t
144	6	f
145	1	f
145	2	t
145	3	t
145	4	f
145	5	f
145	6	f
146	1	t
146	2	t
146	3	t
146	4	f
146	5	t
146	6	t
147	1	f
147	2	f
147	3	f
147	4	f
147	5	f
147	6	t
148	1	f
148	2	t
148	3	f
148	4	f
148	5	f
148	6	f
149	1	f
149	2	t
149	3	t
149	4	t
149	5	f
149	6	t
150	1	t
150	2	f
150	3	f
150	4	f
150	5	f
150	6	t
151	1	f
151	2	t
151	3	f
151	4	f
151	5	f
151	6	t
152	1	t
152	2	f
152	3	f
152	4	f
152	5	t
152	6	t
153	1	t
153	2	t
153	3	t
153	4	f
153	5	t
153	6	f
154	1	f
154	2	t
154	3	t
154	4	f
154	5	t
154	6	f
155	1	t
155	2	f
155	3	t
155	4	t
155	5	t
155	6	f
156	1	t
156	2	f
156	3	f
156	4	t
156	5	f
156	6	f
157	1	f
157	2	f
157	3	t
157	4	t
157	5	t
157	6	f
158	1	t
158	2	f
158	3	t
158	4	t
158	5	t
158	6	f
159	1	t
159	2	f
159	3	f
159	4	f
159	5	f
159	6	t
160	1	t
160	2	f
160	3	f
160	4	t
160	5	t
160	6	f
161	1	t
161	2	t
161	3	t
161	4	f
161	5	t
161	6	t
162	1	f
162	2	t
162	3	t
162	4	f
162	5	f
162	6	f
163	1	f
163	2	t
163	3	t
163	4	t
163	5	t
163	6	t
164	1	f
164	2	f
164	3	f
164	4	t
164	5	f
164	6	f
165	1	f
165	2	t
165	3	t
165	4	t
165	5	t
165	6	t
166	1	f
166	2	t
166	3	t
166	4	t
166	5	t
166	6	f
167	1	t
167	2	t
167	3	t
167	4	f
167	5	t
167	6	t
168	1	f
168	2	f
168	3	t
168	4	t
168	5	t
168	6	f
169	1	t
169	2	f
169	3	f
169	4	t
169	5	f
169	6	t
170	1	t
170	2	f
170	3	f
170	4	f
170	5	t
170	6	f
171	1	f
171	2	f
171	3	f
171	4	f
171	5	f
171	6	t
172	1	t
172	2	f
172	3	t
172	4	t
172	5	t
172	6	t
173	1	t
173	2	f
173	3	f
173	4	f
173	5	t
173	6	t
174	1	t
174	2	t
174	3	t
174	4	f
174	5	t
174	6	t
175	1	f
175	2	f
175	3	t
175	4	t
175	5	t
175	6	t
176	1	f
176	2	t
176	3	f
176	4	f
176	5	t
176	6	t
177	1	t
177	2	f
177	3	f
177	4	f
177	5	t
177	6	t
178	1	t
178	2	t
178	3	t
178	4	f
178	5	t
178	6	f
179	1	f
179	2	t
179	3	f
179	4	f
179	5	t
179	6	f
180	1	f
180	2	f
180	3	t
180	4	f
180	5	t
180	6	f
181	1	f
181	2	f
181	3	t
181	4	t
181	5	f
181	6	t
182	1	f
182	2	f
182	3	f
182	4	f
182	5	f
182	6	t
183	1	f
183	2	t
183	3	f
183	4	t
183	5	t
183	6	f
184	1	f
184	2	f
184	3	t
184	4	f
184	5	t
184	6	t
185	1	f
185	2	f
185	3	f
185	4	t
185	5	f
185	6	f
186	1	f
186	2	f
186	3	t
186	4	t
186	5	f
186	6	t
187	1	t
187	2	t
187	3	f
187	4	f
187	5	t
187	6	t
188	1	f
188	2	t
188	3	f
188	4	t
188	5	t
188	6	t
189	1	f
189	2	t
189	3	f
189	4	f
189	5	t
189	6	f
190	1	t
190	2	f
190	3	f
190	4	t
190	5	f
190	6	t
191	1	f
191	2	t
191	3	f
191	4	f
191	5	f
191	6	t
192	1	f
192	2	f
192	3	t
192	4	t
192	5	t
192	6	f
193	1	f
193	2	f
193	3	f
193	4	f
193	5	t
193	6	f
194	1	t
194	2	f
194	3	f
194	4	t
194	5	f
194	6	f
195	1	f
195	2	t
195	3	f
195	4	f
195	5	t
195	6	f
196	1	t
196	2	t
196	3	f
196	4	f
196	5	f
196	6	t
197	1	f
197	2	f
197	3	f
197	4	f
197	5	t
197	6	f
198	1	t
198	2	t
198	3	f
198	4	f
198	5	t
198	6	f
199	1	f
199	2	f
199	3	f
199	4	t
199	5	f
199	6	t
200	1	f
200	2	f
200	3	f
200	4	t
200	5	f
200	6	t
1	7	t
1	8	f
1	9	f
2	7	t
2	8	f
2	9	f
3	7	f
3	8	f
3	9	t
4	7	t
4	8	f
4	9	f
5	7	f
5	8	f
5	9	t
6	7	t
6	8	f
6	9	f
7	7	t
7	8	t
7	9	t
8	7	f
8	8	t
8	9	t
9	7	f
9	8	f
9	9	f
10	7	f
10	8	t
10	9	f
11	7	f
11	8	f
11	9	f
12	7	t
12	8	f
12	9	t
13	7	t
13	8	t
13	9	t
14	7	t
14	8	t
14	9	t
15	7	t
15	8	f
15	9	t
16	7	t
16	8	f
16	9	f
17	7	t
17	8	t
17	9	t
18	7	f
18	8	t
18	9	f
19	7	f
19	8	t
19	9	t
20	7	t
20	8	f
20	9	f
21	7	f
21	8	t
21	9	t
22	7	t
22	8	f
22	9	t
23	7	t
23	8	t
23	9	f
24	7	f
24	8	f
24	9	f
25	7	f
25	8	f
25	9	t
26	7	f
26	8	f
26	9	t
27	7	t
27	8	f
27	9	t
28	7	f
28	8	t
28	9	t
29	7	t
29	8	f
29	9	f
30	7	t
30	8	f
30	9	t
31	7	f
31	8	t
31	9	f
32	7	t
32	8	f
32	9	f
33	7	f
33	8	t
33	9	f
34	7	f
34	8	f
34	9	f
35	7	f
35	8	f
35	9	t
36	7	f
36	8	t
36	9	f
37	7	t
37	8	f
37	9	t
38	7	t
38	8	f
38	9	t
39	7	t
39	8	t
39	9	t
40	7	t
40	8	f
40	9	t
41	7	f
41	8	f
41	9	f
42	7	t
42	8	f
42	9	f
43	7	t
43	8	t
43	9	t
44	7	f
44	8	f
44	9	f
45	7	f
45	8	f
45	9	f
46	7	t
46	8	t
46	9	f
47	7	f
47	8	t
47	9	f
48	7	f
48	8	f
48	9	f
49	7	f
49	8	t
49	9	f
50	7	t
50	8	f
50	9	f
51	7	f
51	8	t
51	9	f
52	7	f
52	8	f
52	9	f
53	7	f
53	8	t
53	9	f
54	7	f
54	8	t
54	9	t
55	7	f
55	8	f
55	9	t
56	7	t
56	8	f
56	9	f
57	7	t
57	8	f
57	9	f
58	7	f
58	8	t
58	9	f
59	7	f
59	8	t
59	9	f
60	7	f
60	8	t
60	9	t
61	7	t
61	8	f
61	9	f
62	7	t
62	8	f
62	9	f
63	7	t
63	8	t
63	9	f
64	7	f
64	8	f
64	9	f
65	7	f
65	8	f
65	9	t
66	7	f
66	8	t
66	9	f
67	7	t
67	8	f
67	9	t
68	7	f
68	8	f
68	9	t
69	7	f
69	8	t
69	9	f
70	7	t
70	8	f
70	9	f
71	7	f
71	8	f
71	9	f
72	7	t
72	8	f
72	9	f
73	7	f
73	8	t
73	9	f
74	7	f
74	8	f
74	9	f
75	7	t
75	8	f
75	9	f
76	7	t
76	8	f
76	9	f
77	7	t
77	8	t
77	9	t
78	7	t
78	8	t
78	9	t
79	7	t
79	8	t
79	9	f
80	7	t
80	8	f
80	9	f
81	7	f
81	8	t
81	9	f
82	7	t
82	8	t
82	9	t
83	7	f
83	8	t
83	9	f
84	7	f
84	8	f
84	9	t
85	7	t
85	8	f
85	9	t
86	7	f
86	8	t
86	9	f
87	7	f
87	8	t
87	9	t
88	7	f
88	8	f
88	9	f
89	7	f
89	8	t
89	9	f
90	7	f
90	8	f
90	9	t
91	7	f
91	8	t
91	9	t
92	7	f
92	8	t
92	9	t
93	7	f
93	8	f
93	9	f
94	7	f
94	8	f
94	9	f
95	7	f
95	8	f
95	9	f
96	7	t
96	8	t
96	9	t
97	7	f
97	8	t
97	9	f
98	7	t
98	8	t
98	9	f
99	7	t
99	8	t
99	9	f
100	7	f
100	8	t
100	9	t
101	7	t
101	8	f
101	9	t
102	7	t
102	8	f
102	9	t
103	7	t
103	8	f
103	9	t
104	7	t
104	8	t
104	9	f
105	7	t
105	8	t
105	9	f
106	7	t
106	8	t
106	9	t
107	7	t
107	8	t
107	9	t
108	7	t
108	8	t
108	9	f
109	7	f
109	8	t
109	9	t
110	7	t
110	8	t
110	9	t
111	7	t
111	8	t
111	9	t
112	7	f
112	8	f
112	9	t
113	7	t
113	8	t
113	9	t
114	7	f
114	8	t
114	9	f
115	7	f
115	8	t
115	9	f
116	7	f
116	8	t
116	9	t
117	7	f
117	8	t
117	9	f
118	7	t
118	8	f
118	9	f
119	7	f
119	8	f
119	9	f
120	7	f
120	8	t
120	9	t
121	7	t
121	8	t
121	9	t
122	7	t
122	8	f
122	9	t
123	7	t
123	8	t
123	9	t
124	7	f
124	8	t
124	9	f
125	7	t
125	8	t
125	9	t
126	7	t
126	8	f
126	9	f
127	7	f
127	8	f
127	9	t
128	7	f
128	8	t
128	9	f
129	7	f
129	8	t
129	9	t
130	7	f
130	8	f
130	9	f
131	7	t
131	8	f
131	9	t
132	7	f
132	8	f
132	9	t
133	7	f
133	8	f
133	9	f
134	7	t
134	8	t
134	9	t
135	7	f
135	8	f
135	9	t
136	7	f
136	8	t
136	9	t
137	7	f
137	8	t
137	9	f
138	7	f
138	8	f
138	9	t
139	7	t
139	8	t
139	9	t
140	7	t
140	8	f
140	9	t
141	7	f
141	8	t
141	9	t
142	7	t
142	8	t
142	9	f
143	7	t
143	8	t
143	9	f
144	7	t
144	8	f
144	9	t
145	7	t
145	8	f
145	9	t
146	7	t
146	8	t
146	9	f
147	7	t
147	8	f
147	9	f
148	7	f
148	8	f
148	9	t
149	7	f
149	8	t
149	9	f
150	7	t
150	8	f
150	9	f
151	7	t
151	8	f
151	9	f
152	7	f
152	8	f
152	9	t
153	7	f
153	8	f
153	9	t
154	7	t
154	8	t
154	9	t
155	7	f
155	8	f
155	9	t
156	7	t
156	8	t
156	9	f
157	7	f
157	8	t
157	9	f
158	7	t
158	8	t
158	9	t
159	7	f
159	8	t
159	9	t
160	7	t
160	8	f
160	9	t
161	7	f
161	8	t
161	9	f
162	7	t
162	8	t
162	9	t
163	7	f
163	8	f
163	9	f
164	7	t
164	8	f
164	9	f
165	7	f
165	8	f
165	9	f
166	7	t
166	8	f
166	9	f
167	7	t
167	8	t
167	9	t
168	7	t
168	8	f
168	9	f
169	7	t
169	8	f
169	9	t
170	7	f
170	8	f
170	9	t
171	7	f
171	8	t
171	9	f
172	7	t
172	8	t
172	9	t
173	7	t
173	8	t
173	9	f
174	7	f
174	8	t
174	9	f
175	7	t
175	8	t
175	9	t
176	7	t
176	8	t
176	9	f
177	7	f
177	8	t
177	9	t
178	7	t
178	8	f
178	9	f
179	7	f
179	8	f
179	9	t
180	7	f
180	8	t
180	9	f
181	7	t
181	8	f
181	9	f
182	7	t
182	8	f
182	9	t
183	7	f
183	8	t
183	9	f
184	7	f
184	8	t
184	9	f
185	7	f
185	8	t
185	9	f
186	7	t
186	8	f
186	9	f
187	7	t
187	8	f
187	9	f
188	7	t
188	8	f
188	9	t
189	7	t
189	8	t
189	9	f
190	7	t
190	8	t
190	9	t
191	7	t
191	8	f
191	9	f
192	7	f
192	8	f
192	9	t
193	7	f
193	8	t
193	9	f
194	7	f
194	8	t
194	9	t
195	7	f
195	8	f
195	9	f
196	7	t
196	8	t
196	9	t
197	7	f
197	8	t
197	9	f
198	7	t
198	8	f
198	9	f
199	7	f
199	8	f
199	9	f
200	7	t
200	8	f
200	9	f
201	1	t
201	2	f
201	3	t
201	4	f
201	5	f
201	6	f
201	7	f
201	8	t
201	9	f
202	1	f
202	2	f
202	3	f
202	4	t
202	5	t
202	6	t
202	7	f
202	8	f
202	9	t
203	1	f
203	2	f
203	3	t
203	4	f
203	5	t
203	6	f
203	7	t
203	8	t
203	9	f
204	1	t
204	2	t
204	3	t
204	4	f
204	5	t
204	6	f
204	7	t
204	8	f
204	9	f
205	1	f
205	2	t
205	3	t
205	4	t
205	5	t
205	6	f
205	7	t
205	8	t
205	9	t
206	1	t
206	2	f
206	3	t
206	4	t
206	5	t
206	6	f
206	7	f
206	8	f
206	9	t
207	1	f
207	2	t
207	3	f
207	4	f
207	5	f
207	6	t
207	7	f
207	8	f
207	9	t
208	1	f
208	2	f
208	3	t
208	4	t
208	5	f
208	6	t
208	7	t
208	8	t
208	9	t
209	1	t
209	2	f
209	3	f
209	4	f
209	5	f
209	6	f
209	7	f
209	8	t
209	9	f
210	1	f
210	2	f
210	3	t
210	4	f
210	5	f
210	6	f
210	7	f
210	8	f
210	9	t
211	1	t
211	2	f
211	3	t
211	4	f
211	5	t
211	6	f
211	7	f
211	8	t
211	9	t
212	1	f
212	2	f
212	3	f
212	4	t
212	5	f
212	6	t
212	7	t
212	8	f
212	9	f
213	1	f
213	2	t
213	3	f
213	4	t
213	5	f
213	6	t
213	7	f
213	8	f
213	9	t
214	1	t
214	2	f
214	3	f
214	4	t
214	5	t
214	6	f
214	7	f
214	8	t
214	9	t
215	1	f
215	2	f
215	3	t
215	4	t
215	5	t
215	6	t
215	7	f
215	8	f
215	9	f
216	1	t
216	2	f
216	3	t
216	4	t
216	5	f
216	6	f
216	7	f
216	8	f
216	9	t
217	1	f
217	2	t
217	3	t
217	4	t
217	5	t
217	6	t
217	7	t
217	8	f
217	9	f
218	1	f
218	2	f
218	3	t
218	4	f
218	5	f
218	6	f
218	7	f
218	8	t
218	9	f
219	1	f
219	2	f
219	3	f
219	4	f
219	5	f
219	6	f
219	7	f
219	8	f
219	9	f
220	1	t
220	2	t
220	3	f
220	4	t
220	5	t
220	6	f
220	7	t
220	8	f
220	9	t
221	1	f
221	2	t
221	3	f
221	4	f
221	5	f
221	6	f
221	7	t
221	8	f
221	9	t
222	1	f
222	2	f
222	3	t
222	4	t
222	5	t
222	6	t
222	7	t
222	8	f
222	9	f
223	1	f
223	2	f
223	3	f
223	4	t
223	5	t
223	6	t
223	7	t
223	8	f
223	9	f
224	1	t
224	2	f
224	3	f
224	4	f
224	5	t
224	6	t
224	7	t
224	8	f
224	9	f
225	1	f
225	2	f
225	3	f
225	4	f
225	5	f
225	6	f
225	7	t
225	8	f
225	9	t
226	1	f
226	2	f
226	3	f
226	4	t
226	5	f
226	6	f
226	7	t
226	8	f
226	9	t
227	1	t
227	2	f
227	3	t
227	4	f
227	5	f
227	6	f
227	7	t
227	8	f
227	9	f
228	1	f
228	2	f
228	3	f
228	4	t
228	5	f
228	6	f
228	7	t
228	8	f
228	9	f
229	1	f
229	2	f
229	3	f
229	4	f
229	5	t
229	6	t
229	7	f
229	8	f
229	9	f
230	1	t
230	2	f
230	3	t
230	4	t
230	5	t
230	6	t
230	7	f
230	8	f
230	9	t
231	1	f
231	2	f
231	3	t
231	4	f
231	5	t
231	6	t
231	7	t
231	8	t
231	9	t
232	1	t
232	2	t
232	3	t
232	4	f
232	5	f
232	6	f
232	7	t
232	8	t
232	9	f
233	1	t
233	2	t
233	3	t
233	4	t
233	5	t
233	6	t
233	7	t
233	8	t
233	9	f
234	1	f
234	2	f
234	3	t
234	4	t
234	5	t
234	6	f
234	7	f
234	8	t
234	9	f
235	1	f
235	2	t
235	3	f
235	4	f
235	5	t
235	6	t
235	7	f
235	8	f
235	9	f
236	1	f
236	2	t
236	3	f
236	4	t
236	5	f
236	6	f
236	7	t
236	8	t
236	9	t
237	1	f
237	2	f
237	3	f
237	4	f
237	5	f
237	6	f
237	7	f
237	8	f
237	9	t
238	1	f
238	2	t
238	3	t
238	4	t
238	5	t
238	6	t
238	7	f
238	8	t
238	9	f
239	1	f
239	2	f
239	3	t
239	4	t
239	5	t
239	6	t
239	7	f
239	8	t
239	9	t
240	1	f
240	2	t
240	3	f
240	4	t
240	5	f
240	6	f
240	7	t
240	8	t
240	9	t
241	1	f
241	2	t
241	3	f
241	4	t
241	5	f
241	6	t
241	7	t
241	8	t
241	9	f
242	1	f
242	2	t
242	3	t
242	4	f
242	5	f
242	6	t
242	7	f
242	8	t
242	9	t
243	1	f
243	2	t
243	3	t
243	4	t
243	5	f
243	6	f
243	7	f
243	8	t
243	9	f
244	1	t
244	2	t
244	3	t
244	4	f
244	5	f
244	6	f
244	7	t
244	8	f
244	9	f
245	1	t
245	2	t
245	3	t
245	4	f
245	5	f
245	6	t
245	7	f
245	8	f
245	9	f
246	1	t
246	2	t
246	3	f
246	4	f
246	5	t
246	6	f
246	7	t
246	8	t
246	9	t
247	1	t
247	2	f
247	3	f
247	4	f
247	5	t
247	6	t
247	7	t
247	8	t
247	9	f
248	1	t
248	2	t
248	3	f
248	4	t
248	5	f
248	6	f
248	7	f
248	8	t
248	9	t
249	1	t
249	2	t
249	3	t
249	4	t
249	5	f
249	6	f
249	7	f
249	8	t
249	9	t
250	1	t
250	2	t
250	3	f
250	4	f
250	5	f
250	6	t
250	7	t
250	8	f
250	9	t
251	1	f
251	2	t
251	3	t
251	4	f
251	5	t
251	6	t
251	7	t
251	8	f
251	9	f
252	1	t
252	2	t
252	3	f
252	4	t
252	5	f
252	6	t
252	7	f
252	8	f
252	9	f
253	1	f
253	2	f
253	3	f
253	4	t
253	5	t
253	6	t
253	7	f
253	8	t
253	9	t
254	1	t
254	2	t
254	3	f
254	4	f
254	5	t
254	6	f
254	7	f
254	8	f
254	9	f
255	1	t
255	2	f
255	3	f
255	4	t
255	5	f
255	6	f
255	7	f
255	8	t
255	9	f
256	1	t
256	2	f
256	3	t
256	4	f
256	5	f
256	6	t
256	7	t
256	8	t
256	9	f
257	1	f
257	2	t
257	3	f
257	4	f
257	5	f
257	6	f
257	7	t
257	8	f
257	9	t
258	1	f
258	2	f
258	3	t
258	4	t
258	5	f
258	6	t
258	7	f
258	8	f
258	9	f
259	1	t
259	2	f
259	3	f
259	4	t
259	5	f
259	6	t
259	7	f
259	8	f
259	9	t
260	1	f
260	2	f
260	3	t
260	4	t
260	5	t
260	6	f
260	7	f
260	8	f
260	9	t
261	1	f
261	2	t
261	3	t
261	4	t
261	5	t
261	6	f
261	7	f
261	8	t
261	9	t
262	1	f
262	2	t
262	3	t
262	4	f
262	5	f
262	6	t
262	7	f
262	8	t
262	9	t
263	1	t
263	2	f
263	3	f
263	4	f
263	5	f
263	6	f
263	7	t
263	8	t
263	9	f
264	1	t
264	2	t
264	3	f
264	4	t
264	5	t
264	6	f
264	7	f
264	8	t
264	9	t
265	1	f
265	2	t
265	3	f
265	4	f
265	5	t
265	6	t
265	7	t
265	8	f
265	9	t
266	1	t
266	2	f
266	3	f
266	4	t
266	5	t
266	6	t
266	7	f
266	8	t
266	9	t
267	1	t
267	2	t
267	3	f
267	4	f
267	5	f
267	6	t
267	7	f
267	8	t
267	9	t
268	1	f
268	2	f
268	3	t
268	4	f
268	5	f
268	6	t
268	7	t
268	8	f
268	9	f
269	1	f
269	2	f
269	3	t
269	4	t
269	5	f
269	6	t
269	7	f
269	8	f
269	9	t
270	1	t
270	2	t
270	3	f
270	4	t
270	5	f
270	6	t
270	7	t
270	8	t
270	9	f
271	1	t
271	2	t
271	3	t
271	4	t
271	5	f
271	6	t
271	7	f
271	8	t
271	9	f
272	1	t
272	2	t
272	3	f
272	4	f
272	5	t
272	6	f
272	7	t
272	8	f
272	9	t
273	1	f
273	2	f
273	3	f
273	4	f
273	5	t
273	6	f
273	7	f
273	8	t
273	9	t
274	1	f
274	2	t
274	3	f
274	4	t
274	5	f
274	6	t
274	7	t
274	8	t
274	9	f
275	1	f
275	2	f
275	3	f
275	4	t
275	5	f
275	6	f
275	7	t
275	8	t
275	9	t
276	1	f
276	2	t
276	3	t
276	4	f
276	5	t
276	6	f
276	7	t
276	8	t
276	9	t
277	1	t
277	2	f
277	3	f
277	4	t
277	5	t
277	6	t
277	7	t
277	8	t
277	9	f
278	1	f
278	2	t
278	3	f
278	4	f
278	5	t
278	6	f
278	7	f
278	8	f
278	9	t
279	1	t
279	2	t
279	3	f
279	4	t
279	5	t
279	6	t
279	7	t
279	8	t
279	9	f
280	1	t
280	2	f
280	3	f
280	4	f
280	5	f
280	6	t
280	7	f
280	8	t
280	9	t
281	1	t
281	2	f
281	3	t
281	4	t
281	5	f
281	6	t
281	7	t
281	8	f
281	9	t
282	1	t
282	2	t
282	3	t
282	4	t
282	5	t
282	6	t
282	7	t
282	8	f
282	9	f
283	1	f
283	2	f
283	3	f
283	4	f
283	5	f
283	6	t
283	7	t
283	8	f
283	9	f
284	1	t
284	2	t
284	3	t
284	4	t
284	5	f
284	6	f
284	7	f
284	8	f
284	9	t
285	1	t
285	2	t
285	3	t
285	4	f
285	5	t
285	6	f
285	7	t
285	8	f
285	9	f
286	1	t
286	2	t
286	3	f
286	4	t
286	5	f
286	6	f
286	7	f
286	8	f
286	9	f
287	1	t
287	2	f
287	3	t
287	4	t
287	5	f
287	6	t
287	7	t
287	8	f
287	9	t
288	1	f
288	2	f
288	3	f
288	4	f
288	5	f
288	6	f
288	7	t
288	8	t
288	9	t
289	1	t
289	2	f
289	3	f
289	4	t
289	5	f
289	6	f
289	7	t
289	8	t
289	9	t
290	1	t
290	2	f
290	3	f
290	4	f
290	5	t
290	6	f
290	7	t
290	8	t
290	9	f
291	1	f
291	2	f
291	3	f
291	4	t
291	5	t
291	6	t
291	7	f
291	8	f
291	9	t
292	1	f
292	2	f
292	3	t
292	4	f
292	5	f
292	6	t
292	7	t
292	8	t
292	9	f
293	1	f
293	2	f
293	3	f
293	4	f
293	5	t
293	6	f
293	7	t
293	8	t
293	9	f
294	1	f
294	2	t
294	3	t
294	4	t
294	5	t
294	6	t
294	7	f
294	8	t
294	9	t
295	1	f
295	2	f
295	3	t
295	4	t
295	5	t
295	6	f
295	7	t
295	8	f
295	9	f
296	1	t
296	2	t
296	3	t
296	4	f
296	5	f
296	6	f
296	7	t
296	8	t
296	9	f
297	1	t
297	2	t
297	3	t
297	4	t
297	5	f
297	6	f
297	7	t
297	8	t
297	9	f
298	1	f
298	2	t
298	3	f
298	4	f
298	5	f
298	6	f
298	7	t
298	8	t
298	9	f
299	1	f
299	2	f
299	3	f
299	4	t
299	5	f
299	6	f
299	7	t
299	8	t
299	9	f
300	1	f
300	2	f
300	3	f
300	4	t
300	5	f
300	6	t
300	7	t
300	8	t
300	9	t
1	10	t
1	11	f
1	12	t
2	10	f
2	11	f
2	12	f
3	10	t
3	11	f
3	12	f
4	10	f
4	11	f
4	12	t
5	10	f
5	11	f
5	12	f
6	10	t
6	11	t
6	12	f
7	10	f
7	11	t
7	12	t
8	10	f
8	11	f
8	12	t
9	10	f
9	11	t
9	12	f
10	10	t
10	11	t
10	12	f
11	10	f
11	11	t
11	12	f
12	10	f
12	11	t
12	12	f
13	10	t
13	11	f
13	12	f
14	10	f
14	11	t
14	12	f
15	10	f
15	11	t
15	12	f
16	10	f
16	11	f
16	12	t
17	10	t
17	11	t
17	12	t
18	10	f
18	11	f
18	12	t
19	10	t
19	11	t
19	12	t
20	10	f
20	11	t
20	12	t
21	10	t
21	11	t
21	12	f
22	10	t
22	11	t
22	12	t
23	10	f
23	11	f
23	12	t
24	10	t
24	11	t
24	12	t
25	10	f
25	11	t
25	12	t
26	10	t
26	11	f
26	12	t
27	10	f
27	11	f
27	12	f
28	10	f
28	11	f
28	12	f
29	10	t
29	11	f
29	12	f
30	10	t
30	11	t
30	12	f
31	10	f
31	11	f
31	12	f
32	10	f
32	11	f
32	12	t
33	10	t
33	11	t
33	12	t
34	10	f
34	11	t
34	12	t
35	10	t
35	11	f
35	12	f
36	10	f
36	11	t
36	12	f
37	10	f
37	11	f
37	12	t
38	10	t
38	11	f
38	12	f
39	10	t
39	11	f
39	12	f
40	10	t
40	11	f
40	12	f
41	10	f
41	11	t
41	12	f
42	10	t
42	11	f
42	12	f
43	10	t
43	11	f
43	12	f
44	10	f
44	11	f
44	12	f
45	10	f
45	11	t
45	12	t
46	10	t
46	11	f
46	12	t
47	10	t
47	11	t
47	12	t
48	10	t
48	11	t
48	12	f
49	10	t
49	11	t
49	12	t
50	10	f
50	11	t
50	12	t
51	10	f
51	11	t
51	12	t
52	10	t
52	11	f
52	12	t
53	10	t
53	11	t
53	12	f
54	10	f
54	11	f
54	12	t
55	10	f
55	11	t
55	12	t
56	10	t
56	11	t
56	12	f
57	10	t
57	11	t
57	12	t
58	10	f
58	11	f
58	12	f
59	10	f
59	11	f
59	12	f
60	10	t
60	11	t
60	12	f
61	10	t
61	11	f
61	12	t
62	10	t
62	11	t
62	12	t
63	10	t
63	11	t
63	12	f
64	10	f
64	11	t
64	12	f
65	10	t
65	11	t
65	12	f
66	10	f
66	11	f
66	12	f
67	10	t
67	11	t
67	12	t
68	10	f
68	11	f
68	12	f
69	10	t
69	11	f
69	12	f
70	10	t
70	11	t
70	12	t
71	10	f
71	11	t
71	12	f
72	10	t
72	11	f
72	12	f
73	10	f
73	11	t
73	12	t
74	10	t
74	11	t
74	12	t
75	10	t
75	11	t
75	12	f
76	10	t
76	11	t
76	12	t
77	10	t
77	11	f
77	12	f
78	10	t
78	11	t
78	12	t
79	10	f
79	11	t
79	12	f
80	10	t
80	11	t
80	12	f
81	10	f
81	11	f
81	12	t
82	10	t
82	11	f
82	12	t
83	10	f
83	11	t
83	12	t
84	10	t
84	11	t
84	12	t
85	10	f
85	11	f
85	12	t
86	10	f
86	11	t
86	12	f
87	10	t
87	11	f
87	12	f
88	10	t
88	11	t
88	12	f
89	10	f
89	11	t
89	12	f
90	10	f
90	11	f
90	12	f
91	10	f
91	11	f
91	12	f
92	10	f
92	11	f
92	12	f
93	10	t
93	11	f
93	12	f
94	10	t
94	11	t
94	12	t
95	10	t
95	11	f
95	12	f
96	10	t
96	11	t
96	12	f
97	10	t
97	11	f
97	12	f
98	10	t
98	11	t
98	12	t
99	10	t
99	11	f
99	12	f
100	10	t
100	11	t
100	12	f
101	10	f
101	11	t
101	12	f
102	10	f
102	11	f
102	12	f
103	10	t
103	11	t
103	12	f
104	10	t
104	11	t
104	12	f
105	10	f
105	11	t
105	12	t
106	10	t
106	11	t
106	12	t
107	10	t
107	11	f
107	12	t
108	10	f
108	11	f
108	12	t
109	10	t
109	11	t
109	12	t
110	10	f
110	11	t
110	12	f
111	10	f
111	11	t
111	12	f
112	10	t
112	11	t
112	12	f
113	10	f
113	11	f
113	12	t
114	10	f
114	11	t
114	12	t
115	10	f
115	11	f
115	12	f
116	10	f
116	11	f
116	12	t
117	10	t
117	11	f
117	12	f
118	10	f
118	11	f
118	12	t
119	10	t
119	11	t
119	12	f
120	10	f
120	11	f
120	12	t
121	10	t
121	11	f
121	12	t
122	10	t
122	11	t
122	12	f
123	10	t
123	11	f
123	12	t
124	10	t
124	11	t
124	12	f
125	10	f
125	11	f
125	12	f
126	10	t
126	11	t
126	12	t
127	10	t
127	11	f
127	12	f
128	10	f
128	11	t
128	12	f
129	10	t
129	11	f
129	12	t
130	10	f
130	11	t
130	12	f
131	10	f
131	11	t
131	12	f
132	10	f
132	11	t
132	12	t
133	10	t
133	11	f
133	12	f
134	10	f
134	11	f
134	12	f
135	10	t
135	11	t
135	12	t
136	10	f
136	11	f
136	12	f
137	10	f
137	11	t
137	12	f
138	10	f
138	11	t
138	12	f
139	10	t
139	11	t
139	12	f
140	10	f
140	11	f
140	12	t
141	10	t
141	11	t
141	12	t
142	10	t
142	11	f
142	12	f
143	10	t
143	11	t
143	12	t
144	10	t
144	11	t
144	12	f
145	10	f
145	11	t
145	12	f
146	10	f
146	11	f
146	12	f
147	10	t
147	11	t
147	12	t
148	10	f
148	11	t
148	12	f
149	10	f
149	11	t
149	12	t
150	10	f
150	11	t
150	12	t
151	10	f
151	11	t
151	12	t
152	10	f
152	11	f
152	12	t
153	10	t
153	11	f
153	12	f
154	10	t
154	11	f
154	12	f
155	10	f
155	11	f
155	12	f
156	10	t
156	11	f
156	12	t
157	10	f
157	11	f
157	12	t
158	10	f
158	11	t
158	12	t
159	10	f
159	11	f
159	12	f
160	10	f
160	11	t
160	12	t
161	10	f
161	11	t
161	12	f
162	10	t
162	11	t
162	12	f
163	10	t
163	11	t
163	12	f
164	10	f
164	11	f
164	12	f
165	10	t
165	11	t
165	12	f
166	10	f
166	11	t
166	12	t
167	10	t
167	11	f
167	12	t
168	10	t
168	11	f
168	12	t
169	10	f
169	11	f
169	12	f
170	10	f
170	11	f
170	12	f
171	10	t
171	11	f
171	12	f
172	10	t
172	11	f
172	12	f
173	10	f
173	11	t
173	12	f
174	10	t
174	11	t
174	12	t
175	10	f
175	11	t
175	12	f
176	10	t
176	11	t
176	12	t
177	10	t
177	11	f
177	12	f
178	10	t
178	11	f
178	12	t
179	10	f
179	11	t
179	12	f
180	10	t
180	11	f
180	12	f
181	10	f
181	11	f
181	12	t
182	10	f
182	11	f
182	12	t
183	10	f
183	11	t
183	12	t
184	10	f
184	11	t
184	12	f
185	10	f
185	11	t
185	12	f
186	10	f
186	11	t
186	12	t
187	10	f
187	11	f
187	12	t
188	10	t
188	11	f
188	12	t
189	10	f
189	11	f
189	12	f
190	10	f
190	11	f
190	12	f
191	10	f
191	11	f
191	12	t
192	10	f
192	11	t
192	12	t
193	10	f
193	11	t
193	12	t
194	10	f
194	11	t
194	12	t
195	10	f
195	11	f
195	12	f
196	10	t
196	11	t
196	12	t
197	10	t
197	11	t
197	12	f
198	10	t
198	11	t
198	12	t
199	10	t
199	11	t
199	12	f
200	10	f
200	11	t
200	12	t
201	10	t
201	11	f
201	12	t
202	10	f
202	11	f
202	12	f
203	10	f
203	11	t
203	12	t
204	10	f
204	11	f
204	12	t
205	10	t
205	11	t
205	12	t
206	10	t
206	11	t
206	12	f
207	10	t
207	11	f
207	12	f
208	10	t
208	11	f
208	12	t
209	10	t
209	11	f
209	12	t
210	10	t
210	11	t
210	12	t
211	10	t
211	11	t
211	12	f
212	10	t
212	11	f
212	12	t
213	10	f
213	11	t
213	12	t
214	10	t
214	11	f
214	12	f
215	10	f
215	11	f
215	12	f
216	10	f
216	11	f
216	12	t
217	10	t
217	11	f
217	12	t
218	10	t
218	11	t
218	12	t
219	10	f
219	11	f
219	12	t
220	10	f
220	11	t
220	12	f
221	10	f
221	11	f
221	12	t
222	10	t
222	11	f
222	12	f
223	10	f
223	11	f
223	12	f
224	10	f
224	11	t
224	12	f
225	10	f
225	11	f
225	12	f
226	10	f
226	11	t
226	12	t
227	10	t
227	11	t
227	12	t
228	10	t
228	11	f
228	12	t
229	10	f
229	11	f
229	12	t
230	10	t
230	11	f
230	12	t
231	10	f
231	11	t
231	12	f
232	10	f
232	11	t
232	12	t
233	10	t
233	11	f
233	12	f
234	10	t
234	11	f
234	12	f
235	10	t
235	11	t
235	12	t
236	10	f
236	11	f
236	12	f
237	10	f
237	11	t
237	12	f
238	10	f
238	11	f
238	12	t
239	10	t
239	11	f
239	12	t
240	10	t
240	11	f
240	12	t
241	10	f
241	11	f
241	12	t
242	10	f
242	11	t
242	12	f
243	10	f
243	11	f
243	12	t
244	10	t
244	11	t
244	12	t
245	10	t
245	11	t
245	12	f
246	10	f
246	11	f
246	12	f
247	10	t
247	11	t
247	12	t
248	10	f
248	11	f
248	12	f
249	10	t
249	11	t
249	12	t
250	10	t
250	11	t
250	12	f
251	10	t
251	11	f
251	12	f
252	10	t
252	11	t
252	12	f
253	10	t
253	11	t
253	12	t
254	10	f
254	11	t
254	12	t
255	10	t
255	11	f
255	12	f
256	10	f
256	11	t
256	12	t
257	10	t
257	11	t
257	12	t
258	10	f
258	11	f
258	12	t
259	10	f
259	11	f
259	12	f
260	10	f
260	11	f
260	12	f
261	10	f
261	11	f
261	12	f
262	10	t
262	11	f
262	12	f
263	10	f
263	11	t
263	12	f
264	10	f
264	11	t
264	12	t
265	10	f
265	11	f
265	12	t
266	10	f
266	11	f
266	12	f
267	10	t
267	11	f
267	12	f
268	10	t
268	11	t
268	12	t
269	10	t
269	11	t
269	12	f
270	10	f
270	11	t
270	12	t
271	10	t
271	11	t
271	12	f
272	10	f
272	11	t
272	12	t
273	10	f
273	11	t
273	12	f
274	10	t
274	11	t
274	12	t
275	10	t
275	11	t
275	12	t
276	10	t
276	11	t
276	12	f
277	10	t
277	11	t
277	12	f
278	10	f
278	11	t
278	12	f
279	10	t
279	11	f
279	12	f
280	10	f
280	11	t
280	12	t
281	10	f
281	11	f
281	12	t
282	10	f
282	11	f
282	12	f
283	10	t
283	11	f
283	12	t
284	10	f
284	11	f
284	12	f
285	10	f
285	11	f
285	12	t
286	10	f
286	11	f
286	12	t
287	10	f
287	11	t
287	12	t
288	10	t
288	11	f
288	12	f
289	10	t
289	11	f
289	12	t
290	10	t
290	11	t
290	12	t
291	10	t
291	11	t
291	12	f
292	10	t
292	11	t
292	12	t
293	10	t
293	11	f
293	12	t
294	10	t
294	11	f
294	12	f
295	10	f
295	11	t
295	12	f
296	10	f
296	11	f
296	12	f
297	10	t
297	11	t
297	12	t
298	10	t
298	11	f
298	12	f
299	10	t
299	11	f
299	12	f
300	10	t
300	11	t
300	12	t
301	1	f
301	2	t
301	3	f
301	4	t
301	5	t
301	6	f
301	7	t
301	8	f
301	9	f
301	10	t
301	11	t
301	12	t
302	1	f
302	2	f
302	3	t
302	4	t
302	5	t
302	6	f
302	7	t
302	8	t
302	9	f
302	10	t
302	11	f
302	12	t
303	1	t
303	2	t
303	3	f
303	4	t
303	5	t
303	6	t
303	7	f
303	8	f
303	9	t
303	10	t
303	11	t
303	12	f
304	1	f
304	2	t
304	3	f
304	4	t
304	5	f
304	6	t
304	7	f
304	8	f
304	9	f
304	10	f
304	11	t
304	12	f
305	1	f
305	2	f
305	3	t
305	4	f
305	5	f
305	6	t
305	7	f
305	8	f
305	9	t
305	10	t
305	11	f
305	12	t
306	1	t
306	2	t
306	3	t
306	4	f
306	5	t
306	6	f
306	7	f
306	8	f
306	9	t
306	10	t
306	11	t
306	12	t
307	1	f
307	2	f
307	3	t
307	4	t
307	5	f
307	6	t
307	7	f
307	8	f
307	9	f
307	10	f
307	11	f
307	12	f
308	1	t
308	2	f
308	3	f
308	4	t
308	5	f
308	6	t
308	7	t
308	8	f
308	9	f
308	10	t
308	11	t
308	12	f
309	1	f
309	2	t
309	3	t
309	4	f
309	5	f
309	6	t
309	7	t
309	8	f
309	9	t
309	10	t
309	11	f
309	12	t
310	1	t
310	2	f
310	3	t
310	4	f
310	5	t
310	6	t
310	7	f
310	8	t
310	9	t
310	10	t
310	11	f
310	12	t
311	1	f
311	2	f
311	3	t
311	4	t
311	5	t
311	6	f
311	7	t
311	8	t
311	9	t
311	10	f
311	11	t
311	12	f
312	1	f
312	2	t
312	3	t
312	4	t
312	5	t
312	6	t
312	7	f
312	8	t
312	9	t
312	10	f
312	11	f
312	12	t
313	1	t
313	2	t
313	3	t
313	4	t
313	5	t
313	6	f
313	7	f
313	8	f
313	9	f
313	10	f
313	11	f
313	12	f
314	1	t
314	2	f
314	3	f
314	4	f
314	5	f
314	6	f
314	7	f
314	8	f
314	9	f
314	10	f
314	11	t
314	12	f
315	1	t
315	2	f
315	3	t
315	4	t
315	5	t
315	6	t
315	7	t
315	8	t
315	9	f
315	10	f
315	11	f
315	12	f
316	1	f
316	2	f
316	3	t
316	4	f
316	5	t
316	6	t
316	7	f
316	8	t
316	9	f
316	10	f
316	11	t
316	12	t
317	1	f
317	2	t
317	3	t
317	4	t
317	5	t
317	6	t
317	7	t
317	8	f
317	9	f
317	10	t
317	11	f
317	12	f
318	1	t
318	2	t
318	3	f
318	4	t
318	5	f
318	6	t
318	7	f
318	8	f
318	9	f
318	10	t
318	11	t
318	12	f
319	1	t
319	2	t
319	3	f
319	4	t
319	5	t
319	6	f
319	7	t
319	8	t
319	9	f
319	10	f
319	11	f
319	12	t
320	1	t
320	2	f
320	3	f
320	4	f
320	5	f
320	6	t
320	7	t
320	8	f
320	9	t
320	10	f
320	11	t
320	12	t
321	1	t
321	2	f
321	3	f
321	4	t
321	5	t
321	6	f
321	7	t
321	8	f
321	9	f
321	10	t
321	11	t
321	12	f
322	1	t
322	2	f
322	3	t
322	4	f
322	5	t
322	6	t
322	7	f
322	8	f
322	9	t
322	10	f
322	11	t
322	12	t
323	1	t
323	2	t
323	3	f
323	4	t
323	5	f
323	6	f
323	7	f
323	8	f
323	9	f
323	10	f
323	11	f
323	12	t
324	1	t
324	2	t
324	3	f
324	4	f
324	5	f
324	6	t
324	7	f
324	8	f
324	9	f
324	10	t
324	11	t
324	12	t
325	1	f
325	2	t
325	3	t
325	4	t
325	5	t
325	6	f
325	7	t
325	8	t
325	9	f
325	10	f
325	11	t
325	12	f
326	1	t
326	2	t
326	3	t
326	4	f
326	5	f
326	6	f
326	7	t
326	8	f
326	9	f
326	10	t
326	11	t
326	12	t
327	1	t
327	2	t
327	3	f
327	4	t
327	5	f
327	6	t
327	7	f
327	8	t
327	9	t
327	10	t
327	11	t
327	12	t
328	1	f
328	2	f
328	3	f
328	4	f
328	5	f
328	6	f
328	7	t
328	8	f
328	9	t
328	10	f
328	11	t
328	12	t
329	1	t
329	2	f
329	3	t
329	4	f
329	5	f
329	6	f
329	7	t
329	8	f
329	9	t
329	10	t
329	11	f
329	12	f
330	1	f
330	2	t
330	3	t
330	4	f
330	5	t
330	6	f
330	7	f
330	8	f
330	9	f
330	10	f
330	11	t
330	12	f
331	1	f
331	2	f
331	3	t
331	4	f
331	5	f
331	6	t
331	7	t
331	8	t
331	9	f
331	10	f
331	11	t
331	12	f
332	1	t
332	2	t
332	3	f
332	4	f
332	5	f
332	6	f
332	7	f
332	8	f
332	9	t
332	10	f
332	11	f
332	12	f
333	1	f
333	2	t
333	3	t
333	4	t
333	5	t
333	6	f
333	7	t
333	8	f
333	9	t
333	10	t
333	11	f
333	12	f
334	1	f
334	2	t
334	3	t
334	4	t
334	5	t
334	6	t
334	7	t
334	8	f
334	9	f
334	10	f
334	11	f
334	12	f
335	1	t
335	2	f
335	3	t
335	4	t
335	5	f
335	6	f
335	7	t
335	8	t
335	9	t
335	10	t
335	11	f
335	12	f
336	1	f
336	2	f
336	3	f
336	4	f
336	5	t
336	6	t
336	7	t
336	8	f
336	9	f
336	10	f
336	11	f
336	12	f
337	1	t
337	2	f
337	3	t
337	4	f
337	5	t
337	6	f
337	7	t
337	8	t
337	9	f
337	10	t
337	11	t
337	12	t
338	1	f
338	2	t
338	3	f
338	4	f
338	5	f
338	6	f
338	7	t
338	8	f
338	9	f
338	10	f
338	11	t
338	12	t
339	1	f
339	2	f
339	3	t
339	4	f
339	5	f
339	6	f
339	7	f
339	8	f
339	9	f
339	10	t
339	11	t
339	12	f
340	1	t
340	2	f
340	3	t
340	4	t
340	5	t
340	6	t
340	7	f
340	8	f
340	9	t
340	10	f
340	11	f
340	12	t
341	1	t
341	2	t
341	3	f
341	4	f
341	5	f
341	6	f
341	7	f
341	8	f
341	9	f
341	10	f
341	11	f
341	12	f
342	1	t
342	2	f
342	3	t
342	4	t
342	5	t
342	6	t
342	7	t
342	8	f
342	9	t
342	10	f
342	11	f
342	12	t
343	1	t
343	2	f
343	3	f
343	4	t
343	5	f
343	6	t
343	7	t
343	8	f
343	9	f
343	10	t
343	11	t
343	12	f
344	1	f
344	2	t
344	3	f
344	4	t
344	5	t
344	6	f
344	7	f
344	8	t
344	9	t
344	10	f
344	11	f
344	12	t
345	1	t
345	2	t
345	3	f
345	4	t
345	5	f
345	6	t
345	7	t
345	8	t
345	9	f
345	10	t
345	11	f
345	12	f
346	1	t
346	2	t
346	3	f
346	4	f
346	5	f
346	6	t
346	7	f
346	8	t
346	9	f
346	10	f
346	11	t
346	12	f
347	1	t
347	2	f
347	3	f
347	4	f
347	5	f
347	6	f
347	7	t
347	8	t
347	9	f
347	10	f
347	11	f
347	12	f
348	1	t
348	2	t
348	3	t
348	4	t
348	5	f
348	6	f
348	7	f
348	8	t
348	9	t
348	10	f
348	11	f
348	12	t
349	1	t
349	2	t
349	3	t
349	4	f
349	5	f
349	6	t
349	7	f
349	8	f
349	9	t
349	10	t
349	11	f
349	12	t
350	1	f
350	2	f
350	3	t
350	4	t
350	5	t
350	6	f
350	7	f
350	8	t
350	9	t
350	10	t
350	11	t
350	12	t
351	1	f
351	2	t
351	3	t
351	4	f
351	5	t
351	6	f
351	7	f
351	8	f
351	9	f
351	10	f
351	11	f
351	12	t
352	1	t
352	2	t
352	3	f
352	4	f
352	5	f
352	6	t
352	7	f
352	8	f
352	9	t
352	10	t
352	11	f
352	12	t
353	1	f
353	2	f
353	3	t
353	4	f
353	5	t
353	6	f
353	7	f
353	8	f
353	9	t
353	10	t
353	11	f
353	12	f
354	1	f
354	2	f
354	3	f
354	4	t
354	5	f
354	6	t
354	7	f
354	8	t
354	9	t
354	10	t
354	11	t
354	12	t
355	1	f
355	2	f
355	3	t
355	4	t
355	5	f
355	6	t
355	7	t
355	8	f
355	9	t
355	10	f
355	11	t
355	12	f
356	1	t
356	2	t
356	3	f
356	4	t
356	5	t
356	6	t
356	7	f
356	8	t
356	9	t
356	10	t
356	11	f
356	12	f
357	1	t
357	2	t
357	3	f
357	4	f
357	5	t
357	6	t
357	7	t
357	8	f
357	9	t
357	10	t
357	11	f
357	12	t
358	1	f
358	2	f
358	3	t
358	4	t
358	5	f
358	6	t
358	7	f
358	8	f
358	9	t
358	10	f
358	11	f
358	12	t
359	1	t
359	2	t
359	3	f
359	4	f
359	5	t
359	6	t
359	7	t
359	8	f
359	9	f
359	10	f
359	11	t
359	12	t
360	1	f
360	2	f
360	3	t
360	4	t
360	5	t
360	6	t
360	7	t
360	8	t
360	9	t
360	10	t
360	11	f
360	12	f
361	1	t
361	2	f
361	3	f
361	4	f
361	5	f
361	6	t
361	7	t
361	8	f
361	9	f
361	10	f
361	11	f
361	12	t
362	1	t
362	2	t
362	3	t
362	4	t
362	5	t
362	6	f
362	7	f
362	8	f
362	9	f
362	10	f
362	11	f
362	12	t
363	1	f
363	2	t
363	3	f
363	4	t
363	5	t
363	6	t
363	7	f
363	8	f
363	9	f
363	10	f
363	11	f
363	12	f
364	1	f
364	2	f
364	3	t
364	4	f
364	5	f
364	6	t
364	7	f
364	8	t
364	9	f
364	10	f
364	11	t
364	12	t
365	1	f
365	2	t
365	3	t
365	4	f
365	5	t
365	6	t
365	7	f
365	8	f
365	9	t
365	10	t
365	11	f
365	12	f
366	1	t
366	2	t
366	3	f
366	4	t
366	5	f
366	6	t
366	7	t
366	8	f
366	9	f
366	10	t
366	11	f
366	12	f
367	1	f
367	2	t
367	3	t
367	4	f
367	5	t
367	6	f
367	7	t
367	8	f
367	9	f
367	10	f
367	11	t
367	12	f
368	1	t
368	2	t
368	3	t
368	4	t
368	5	t
368	6	f
368	7	t
368	8	t
368	9	f
368	10	t
368	11	t
368	12	f
369	1	f
369	2	t
369	3	f
369	4	f
369	5	f
369	6	t
369	7	f
369	8	t
369	9	f
369	10	f
369	11	t
369	12	t
370	1	f
370	2	f
370	3	f
370	4	f
370	5	t
370	6	t
370	7	t
370	8	f
370	9	f
370	10	f
370	11	f
370	12	f
371	1	f
371	2	t
371	3	t
371	4	t
371	5	t
371	6	f
371	7	t
371	8	f
371	9	t
371	10	t
371	11	t
371	12	f
372	1	t
372	2	t
372	3	t
372	4	f
372	5	t
372	6	f
372	7	f
372	8	t
372	9	f
372	10	f
372	11	f
372	12	t
373	1	t
373	2	f
373	3	f
373	4	t
373	5	t
373	6	f
373	7	t
373	8	f
373	9	f
373	10	t
373	11	f
373	12	t
374	1	f
374	2	f
374	3	t
374	4	t
374	5	f
374	6	t
374	7	t
374	8	t
374	9	t
374	10	t
374	11	f
374	12	t
375	1	t
375	2	f
375	3	f
375	4	t
375	5	t
375	6	f
375	7	t
375	8	t
375	9	f
375	10	t
375	11	t
375	12	t
376	1	t
376	2	f
376	3	f
376	4	t
376	5	t
376	6	t
376	7	f
376	8	f
376	9	f
376	10	f
376	11	t
376	12	f
377	1	t
377	2	f
377	3	t
377	4	f
377	5	t
377	6	f
377	7	t
377	8	f
377	9	f
377	10	t
377	11	t
377	12	f
378	1	f
378	2	t
378	3	t
378	4	t
378	5	f
378	6	f
378	7	t
378	8	f
378	9	t
378	10	t
378	11	t
378	12	t
379	1	t
379	2	f
379	3	f
379	4	t
379	5	f
379	6	t
379	7	t
379	8	t
379	9	f
379	10	f
379	11	f
379	12	f
380	1	t
380	2	t
380	3	f
380	4	t
380	5	f
380	6	t
380	7	f
380	8	f
380	9	f
380	10	f
380	11	f
380	12	t
381	1	f
381	2	f
381	3	t
381	4	f
381	5	f
381	6	t
381	7	t
381	8	t
381	9	t
381	10	f
381	11	f
381	12	f
382	1	f
382	2	f
382	3	f
382	4	t
382	5	f
382	6	t
382	7	f
382	8	f
382	9	t
382	10	t
382	11	t
382	12	f
383	1	f
383	2	t
383	3	t
383	4	f
383	5	f
383	6	t
383	7	f
383	8	t
383	9	t
383	10	t
383	11	f
383	12	t
384	1	f
384	2	t
384	3	f
384	4	f
384	5	f
384	6	f
384	7	f
384	8	f
384	9	f
384	10	f
384	11	t
384	12	t
385	1	t
385	2	f
385	3	t
385	4	f
385	5	f
385	6	t
385	7	f
385	8	t
385	9	f
385	10	t
385	11	f
385	12	t
386	1	t
386	2	f
386	3	t
386	4	f
386	5	f
386	6	f
386	7	t
386	8	t
386	9	t
386	10	f
386	11	f
386	12	t
387	1	f
387	2	f
387	3	f
387	4	f
387	5	t
387	6	t
387	7	t
387	8	f
387	9	t
387	10	f
387	11	t
387	12	t
388	1	f
388	2	t
388	3	f
388	4	f
388	5	t
388	6	f
388	7	t
388	8	t
388	9	t
388	10	t
388	11	t
388	12	t
389	1	t
389	2	f
389	3	t
389	4	t
389	5	f
389	6	f
389	7	f
389	8	t
389	9	t
389	10	t
389	11	f
389	12	t
390	1	t
390	2	t
390	3	f
390	4	t
390	5	t
390	6	f
390	7	t
390	8	t
390	9	f
390	10	t
390	11	f
390	12	t
391	1	f
391	2	f
391	3	f
391	4	t
391	5	f
391	6	f
391	7	f
391	8	f
391	9	t
391	10	t
391	11	t
391	12	t
392	1	t
392	2	f
392	3	t
392	4	f
392	5	f
392	6	t
392	7	t
392	8	f
392	9	t
392	10	f
392	11	t
392	12	f
393	1	t
393	2	t
393	3	t
393	4	f
393	5	t
393	6	f
393	7	t
393	8	t
393	9	f
393	10	t
393	11	t
393	12	f
394	1	t
394	2	f
394	3	f
394	4	f
394	5	t
394	6	f
394	7	t
394	8	f
394	9	t
394	10	f
394	11	t
394	12	t
395	1	t
395	2	t
395	3	f
395	4	t
395	5	f
395	6	f
395	7	t
395	8	t
395	9	f
395	10	t
395	11	f
395	12	t
396	1	f
396	2	f
396	3	f
396	4	f
396	5	t
396	6	f
396	7	t
396	8	t
396	9	t
396	10	f
396	11	f
396	12	f
397	1	f
397	2	t
397	3	t
397	4	t
397	5	t
397	6	t
397	7	f
397	8	f
397	9	t
397	10	f
397	11	t
397	12	f
398	1	f
398	2	t
398	3	t
398	4	f
398	5	f
398	6	f
398	7	t
398	8	t
398	9	t
398	10	f
398	11	f
398	12	f
399	1	f
399	2	f
399	3	t
399	4	t
399	5	t
399	6	t
399	7	t
399	8	t
399	9	t
399	10	t
399	11	f
399	12	t
400	1	f
400	2	f
400	3	f
400	4	t
400	5	t
400	6	f
400	7	f
400	8	f
400	9	t
400	10	t
400	11	t
400	12	t
1	13	t
1	14	f
1	15	t
2	13	t
2	14	t
2	15	f
3	13	f
3	14	t
3	15	t
4	13	t
4	14	f
4	15	f
5	13	f
5	14	f
5	15	f
6	13	f
6	14	f
6	15	t
7	13	f
7	14	t
7	15	f
8	13	t
8	14	f
8	15	t
9	13	f
9	14	t
9	15	f
10	13	f
10	14	f
10	15	f
11	13	f
11	14	f
11	15	f
12	13	t
12	14	f
12	15	f
13	13	t
13	14	t
13	15	t
14	13	f
14	14	t
14	15	f
15	13	f
15	14	f
15	15	f
16	13	f
16	14	t
16	15	f
17	13	f
17	14	f
17	15	f
18	13	f
18	14	t
18	15	f
19	13	f
19	14	t
19	15	f
20	13	f
20	14	t
20	15	f
21	13	f
21	14	t
21	15	t
22	13	t
22	14	t
22	15	t
23	13	f
23	14	t
23	15	f
24	13	t
24	14	f
24	15	f
25	13	f
25	14	f
25	15	f
26	13	t
26	14	f
26	15	f
27	13	t
27	14	f
27	15	f
28	13	t
28	14	t
28	15	t
29	13	f
29	14	f
29	15	t
30	13	t
30	14	f
30	15	f
31	13	f
31	14	t
31	15	f
32	13	t
32	14	t
32	15	f
33	13	t
33	14	f
33	15	t
34	13	t
34	14	f
34	15	f
35	13	t
35	14	f
35	15	f
36	13	t
36	14	f
36	15	t
37	13	t
37	14	f
37	15	f
38	13	f
38	14	t
38	15	t
39	13	t
39	14	f
39	15	t
40	13	f
40	14	f
40	15	f
41	13	t
41	14	f
41	15	t
42	13	t
42	14	t
42	15	t
43	13	t
43	14	t
43	15	t
44	13	f
44	14	t
44	15	t
45	13	t
45	14	f
45	15	f
46	13	f
46	14	f
46	15	t
47	13	f
47	14	f
47	15	f
48	13	t
48	14	f
48	15	t
49	13	f
49	14	f
49	15	f
50	13	f
50	14	t
50	15	t
51	13	t
51	14	f
51	15	f
52	13	f
52	14	f
52	15	t
53	13	f
53	14	f
53	15	t
54	13	f
54	14	f
54	15	f
55	13	f
55	14	f
55	15	t
56	13	f
56	14	t
56	15	t
57	13	f
57	14	t
57	15	t
58	13	t
58	14	f
58	15	t
59	13	f
59	14	f
59	15	t
60	13	f
60	14	f
60	15	t
61	13	f
61	14	f
61	15	t
62	13	t
62	14	t
62	15	t
63	13	t
63	14	t
63	15	f
64	13	f
64	14	t
64	15	f
65	13	t
65	14	t
65	15	t
66	13	f
66	14	t
66	15	f
67	13	t
67	14	t
67	15	f
68	13	t
68	14	f
68	15	f
69	13	t
69	14	t
69	15	f
70	13	f
70	14	t
70	15	f
71	13	f
71	14	t
71	15	f
72	13	t
72	14	t
72	15	f
73	13	f
73	14	t
73	15	f
74	13	f
74	14	f
74	15	t
75	13	t
75	14	f
75	15	f
76	13	f
76	14	t
76	15	f
77	13	t
77	14	f
77	15	f
78	13	f
78	14	t
78	15	f
79	13	f
79	14	t
79	15	f
80	13	f
80	14	t
80	15	f
81	13	f
81	14	f
81	15	t
82	13	t
82	14	t
82	15	t
83	13	t
83	14	f
83	15	t
84	13	t
84	14	f
84	15	t
85	13	t
85	14	f
85	15	t
86	13	f
86	14	t
86	15	t
87	13	f
87	14	t
87	15	f
88	13	f
88	14	f
88	15	t
89	13	t
89	14	t
89	15	f
90	13	t
90	14	t
90	15	f
91	13	f
91	14	t
91	15	t
92	13	f
92	14	f
92	15	t
93	13	f
93	14	f
93	15	f
94	13	t
94	14	f
94	15	t
95	13	t
95	14	t
95	15	t
96	13	f
96	14	f
96	15	f
97	13	t
97	14	t
97	15	t
98	13	f
98	14	f
98	15	f
99	13	t
99	14	f
99	15	f
100	13	t
100	14	t
100	15	t
101	13	f
101	14	t
101	15	t
102	13	f
102	14	t
102	15	f
103	13	f
103	14	f
103	15	t
104	13	t
104	14	t
104	15	f
105	13	t
105	14	f
105	15	t
106	13	f
106	14	f
106	15	t
107	13	f
107	14	f
107	15	f
108	13	f
108	14	f
108	15	f
109	13	f
109	14	f
109	15	t
110	13	t
110	14	f
110	15	f
111	13	f
111	14	f
111	15	f
112	13	t
112	14	f
112	15	t
113	13	t
113	14	t
113	15	f
114	13	f
114	14	f
114	15	f
115	13	t
115	14	t
115	15	f
116	13	t
116	14	t
116	15	f
117	13	t
117	14	f
117	15	f
118	13	t
118	14	f
118	15	t
119	13	f
119	14	t
119	15	t
120	13	t
120	14	t
120	15	t
121	13	f
121	14	f
121	15	f
122	13	f
122	14	t
122	15	f
123	13	t
123	14	t
123	15	f
124	13	t
124	14	t
124	15	t
125	13	t
125	14	t
125	15	t
126	13	t
126	14	f
126	15	f
127	13	f
127	14	t
127	15	t
128	13	f
128	14	f
128	15	f
129	13	f
129	14	t
129	15	t
130	13	t
130	14	t
130	15	f
131	13	t
131	14	t
131	15	f
132	13	t
132	14	t
132	15	t
133	13	t
133	14	f
133	15	f
134	13	t
134	14	f
134	15	t
135	13	t
135	14	f
135	15	f
136	13	f
136	14	f
136	15	t
137	13	t
137	14	t
137	15	t
138	13	f
138	14	f
138	15	f
139	13	f
139	14	f
139	15	t
140	13	f
140	14	t
140	15	f
141	13	t
141	14	f
141	15	t
142	13	t
142	14	t
142	15	t
143	13	t
143	14	t
143	15	t
144	13	f
144	14	t
144	15	t
145	13	f
145	14	f
145	15	t
146	13	t
146	14	f
146	15	t
147	13	f
147	14	f
147	15	f
148	13	f
148	14	f
148	15	f
149	13	t
149	14	t
149	15	t
150	13	t
150	14	t
150	15	t
151	13	t
151	14	f
151	15	f
152	13	f
152	14	f
152	15	t
153	13	t
153	14	f
153	15	f
154	13	f
154	14	t
154	15	f
155	13	f
155	14	t
155	15	f
156	13	t
156	14	f
156	15	f
157	13	t
157	14	f
157	15	t
158	13	f
158	14	t
158	15	f
159	13	t
159	14	t
159	15	t
160	13	f
160	14	f
160	15	t
161	13	f
161	14	t
161	15	t
162	13	t
162	14	t
162	15	f
163	13	f
163	14	f
163	15	t
164	13	t
164	14	f
164	15	f
165	13	t
165	14	t
165	15	t
166	13	t
166	14	t
166	15	f
167	13	f
167	14	f
167	15	t
168	13	f
168	14	f
168	15	t
169	13	t
169	14	f
169	15	t
170	13	f
170	14	t
170	15	t
171	13	f
171	14	f
171	15	f
172	13	f
172	14	t
172	15	t
173	13	t
173	14	t
173	15	f
174	13	f
174	14	f
174	15	t
175	13	f
175	14	f
175	15	t
176	13	t
176	14	t
176	15	t
177	13	f
177	14	f
177	15	t
178	13	f
178	14	t
178	15	t
179	13	f
179	14	t
179	15	t
180	13	f
180	14	f
180	15	f
181	13	t
181	14	t
181	15	f
182	13	f
182	14	t
182	15	t
183	13	t
183	14	f
183	15	t
184	13	f
184	14	f
184	15	f
185	13	f
185	14	f
185	15	f
186	13	f
186	14	t
186	15	t
187	13	t
187	14	f
187	15	t
188	13	t
188	14	t
188	15	f
189	13	f
189	14	f
189	15	f
190	13	f
190	14	f
190	15	t
191	13	t
191	14	f
191	15	t
192	13	t
192	14	t
192	15	t
193	13	t
193	14	f
193	15	f
194	13	f
194	14	t
194	15	t
195	13	t
195	14	t
195	15	t
196	13	t
196	14	f
196	15	t
197	13	f
197	14	t
197	15	t
198	13	f
198	14	f
198	15	t
199	13	f
199	14	t
199	15	f
200	13	f
200	14	t
200	15	f
201	13	t
201	14	t
201	15	f
202	13	f
202	14	f
202	15	t
203	13	f
203	14	f
203	15	t
204	13	t
204	14	t
204	15	t
205	13	f
205	14	t
205	15	f
206	13	f
206	14	f
206	15	f
207	13	f
207	14	f
207	15	t
208	13	t
208	14	f
208	15	f
209	13	f
209	14	t
209	15	t
210	13	t
210	14	f
210	15	t
211	13	t
211	14	f
211	15	f
212	13	f
212	14	t
212	15	t
213	13	t
213	14	f
213	15	f
214	13	t
214	14	f
214	15	t
215	13	f
215	14	t
215	15	t
216	13	f
216	14	f
216	15	t
217	13	f
217	14	t
217	15	f
218	13	t
218	14	t
218	15	t
219	13	f
219	14	f
219	15	t
220	13	t
220	14	f
220	15	f
221	13	f
221	14	t
221	15	t
222	13	f
222	14	f
222	15	t
223	13	f
223	14	f
223	15	t
224	13	f
224	14	f
224	15	t
225	13	f
225	14	f
225	15	t
226	13	f
226	14	f
226	15	f
227	13	t
227	14	t
227	15	f
228	13	f
228	14	f
228	15	t
229	13	t
229	14	t
229	15	t
230	13	t
230	14	t
230	15	t
231	13	f
231	14	t
231	15	f
232	13	t
232	14	t
232	15	t
233	13	t
233	14	t
233	15	f
234	13	t
234	14	f
234	15	t
235	13	t
235	14	t
235	15	t
236	13	t
236	14	f
236	15	t
237	13	f
237	14	t
237	15	f
238	13	f
238	14	f
238	15	t
239	13	t
239	14	t
239	15	t
240	13	t
240	14	t
240	15	f
241	13	f
241	14	t
241	15	t
242	13	f
242	14	f
242	15	t
243	13	f
243	14	f
243	15	f
244	13	f
244	14	t
244	15	t
245	13	f
245	14	t
245	15	f
246	13	f
246	14	f
246	15	f
247	13	f
247	14	f
247	15	f
248	13	f
248	14	f
248	15	f
249	13	t
249	14	t
249	15	f
250	13	t
250	14	t
250	15	f
251	13	t
251	14	f
251	15	t
252	13	t
252	14	f
252	15	f
253	13	t
253	14	f
253	15	f
254	13	f
254	14	f
254	15	t
255	13	t
255	14	f
255	15	f
256	13	f
256	14	f
256	15	t
257	13	t
257	14	t
257	15	f
258	13	f
258	14	f
258	15	f
259	13	f
259	14	f
259	15	t
260	13	t
260	14	t
260	15	t
261	13	f
261	14	f
261	15	t
262	13	f
262	14	t
262	15	t
263	13	t
263	14	t
263	15	t
264	13	t
264	14	f
264	15	t
265	13	t
265	14	t
265	15	f
266	13	t
266	14	f
266	15	t
267	13	t
267	14	t
267	15	t
268	13	f
268	14	f
268	15	t
269	13	f
269	14	f
269	15	t
270	13	f
270	14	f
270	15	f
271	13	f
271	14	t
271	15	f
272	13	t
272	14	f
272	15	f
273	13	t
273	14	f
273	15	f
274	13	t
274	14	f
274	15	t
275	13	t
275	14	f
275	15	f
276	13	f
276	14	f
276	15	t
277	13	f
277	14	f
277	15	t
278	13	f
278	14	t
278	15	t
279	13	t
279	14	f
279	15	t
280	13	f
280	14	t
280	15	f
281	13	f
281	14	t
281	15	f
282	13	f
282	14	t
282	15	t
283	13	f
283	14	t
283	15	f
284	13	t
284	14	f
284	15	t
285	13	f
285	14	t
285	15	f
286	13	f
286	14	f
286	15	t
287	13	t
287	14	f
287	15	t
288	13	f
288	14	t
288	15	f
289	13	f
289	14	t
289	15	f
290	13	f
290	14	f
290	15	f
291	13	t
291	14	t
291	15	t
292	13	t
292	14	t
292	15	f
293	13	t
293	14	t
293	15	f
294	13	f
294	14	f
294	15	f
295	13	t
295	14	f
295	15	t
296	13	f
296	14	t
296	15	t
297	13	t
297	14	f
297	15	t
298	13	f
298	14	t
298	15	f
299	13	f
299	14	t
299	15	f
300	13	f
300	14	f
300	15	f
301	13	t
301	14	t
301	15	t
302	13	t
302	14	t
302	15	t
303	13	f
303	14	f
303	15	t
304	13	f
304	14	f
304	15	t
305	13	f
305	14	t
305	15	t
306	13	f
306	14	t
306	15	f
307	13	f
307	14	t
307	15	t
308	13	t
308	14	f
308	15	t
309	13	t
309	14	t
309	15	t
310	13	f
310	14	t
310	15	f
311	13	t
311	14	t
311	15	f
312	13	t
312	14	f
312	15	f
313	13	f
313	14	f
313	15	t
314	13	t
314	14	f
314	15	t
315	13	t
315	14	t
315	15	t
316	13	t
316	14	f
316	15	t
317	13	f
317	14	t
317	15	f
318	13	f
318	14	t
318	15	t
319	13	t
319	14	f
319	15	f
320	13	t
320	14	t
320	15	t
321	13	t
321	14	f
321	15	t
322	13	t
322	14	f
322	15	t
323	13	t
323	14	t
323	15	t
324	13	t
324	14	f
324	15	t
325	13	t
325	14	f
325	15	t
326	13	t
326	14	t
326	15	t
327	13	t
327	14	t
327	15	t
328	13	f
328	14	t
328	15	t
329	13	t
329	14	f
329	15	t
330	13	t
330	14	f
330	15	t
331	13	f
331	14	t
331	15	t
332	13	t
332	14	f
332	15	f
333	13	t
333	14	t
333	15	f
334	13	f
334	14	t
334	15	f
335	13	t
335	14	t
335	15	t
336	13	t
336	14	t
336	15	f
337	13	f
337	14	t
337	15	f
338	13	f
338	14	f
338	15	t
339	13	t
339	14	f
339	15	t
340	13	t
340	14	f
340	15	t
341	13	t
341	14	f
341	15	t
342	13	f
342	14	f
342	15	t
343	13	t
343	14	t
343	15	t
344	13	t
344	14	t
344	15	t
345	13	f
345	14	t
345	15	t
346	13	f
346	14	f
346	15	t
347	13	f
347	14	f
347	15	t
348	13	f
348	14	t
348	15	f
349	13	t
349	14	t
349	15	f
350	13	t
350	14	f
350	15	t
351	13	t
351	14	f
351	15	f
352	13	t
352	14	t
352	15	f
353	13	t
353	14	f
353	15	f
354	13	f
354	14	t
354	15	t
355	13	t
355	14	f
355	15	t
356	13	f
356	14	f
356	15	f
357	13	t
357	14	t
357	15	t
358	13	t
358	14	t
358	15	t
359	13	f
359	14	f
359	15	f
360	13	f
360	14	f
360	15	t
361	13	f
361	14	t
361	15	f
362	13	t
362	14	t
362	15	t
363	13	f
363	14	f
363	15	f
364	13	t
364	14	t
364	15	t
365	13	t
365	14	f
365	15	f
366	13	t
366	14	f
366	15	f
367	13	t
367	14	t
367	15	t
368	13	f
368	14	f
368	15	f
369	13	f
369	14	t
369	15	t
370	13	f
370	14	t
370	15	t
371	13	f
371	14	f
371	15	t
372	13	f
372	14	t
372	15	f
373	13	f
373	14	t
373	15	t
374	13	t
374	14	t
374	15	t
375	13	f
375	14	t
375	15	f
376	13	f
376	14	t
376	15	t
377	13	t
377	14	f
377	15	t
378	13	t
378	14	f
378	15	t
379	13	t
379	14	f
379	15	f
380	13	t
380	14	f
380	15	t
381	13	t
381	14	t
381	15	t
382	13	f
382	14	f
382	15	t
383	13	t
383	14	f
383	15	t
384	13	f
384	14	t
384	15	f
385	13	f
385	14	f
385	15	f
386	13	t
386	14	t
386	15	t
387	13	t
387	14	f
387	15	t
388	13	t
388	14	f
388	15	t
389	13	f
389	14	f
389	15	f
390	13	f
390	14	f
390	15	f
391	13	f
391	14	t
391	15	f
392	13	f
392	14	t
392	15	f
393	13	f
393	14	f
393	15	t
394	13	f
394	14	f
394	15	t
395	13	t
395	14	f
395	15	f
396	13	t
396	14	f
396	15	f
397	13	t
397	14	t
397	15	t
398	13	t
398	14	t
398	15	t
399	13	t
399	14	t
399	15	f
400	13	t
400	14	t
400	15	f
401	1	f
401	2	f
401	3	t
401	4	t
401	5	f
401	6	t
401	7	f
401	8	t
401	9	f
401	10	t
401	11	t
401	12	f
401	13	t
401	14	t
401	15	t
402	1	f
402	2	f
402	3	f
402	4	f
402	5	f
402	6	f
402	7	f
402	8	f
402	9	t
402	10	f
402	11	f
402	12	t
402	13	t
402	14	f
402	15	f
403	1	f
403	2	f
403	3	f
403	4	t
403	5	t
403	6	t
403	7	f
403	8	t
403	9	t
403	10	f
403	11	f
403	12	t
403	13	t
403	14	t
403	15	f
404	1	t
404	2	f
404	3	t
404	4	t
404	5	t
404	6	f
404	7	t
404	8	f
404	9	t
404	10	f
404	11	f
404	12	t
404	13	t
404	14	t
404	15	t
405	1	t
405	2	t
405	3	t
405	4	t
405	5	f
405	6	f
405	7	f
405	8	t
405	9	t
405	10	t
405	11	f
405	12	t
405	13	f
405	14	t
405	15	f
406	1	f
406	2	f
406	3	t
406	4	t
406	5	t
406	6	t
406	7	t
406	8	f
406	9	t
406	10	f
406	11	t
406	12	f
406	13	f
406	14	t
406	15	f
407	1	f
407	2	f
407	3	f
407	4	t
407	5	f
407	6	t
407	7	t
407	8	t
407	9	t
407	10	f
407	11	f
407	12	t
407	13	t
407	14	t
407	15	t
408	1	t
408	2	f
408	3	t
408	4	t
408	5	f
408	6	t
408	7	f
408	8	t
408	9	f
408	10	f
408	11	t
408	12	f
408	13	f
408	14	t
408	15	t
409	1	f
409	2	f
409	3	t
409	4	f
409	5	f
409	6	f
409	7	f
409	8	t
409	9	t
409	10	f
409	11	t
409	12	f
409	13	t
409	14	t
409	15	t
410	1	t
410	2	t
410	3	f
410	4	f
410	5	f
410	6	t
410	7	f
410	8	f
410	9	f
410	10	f
410	11	f
410	12	t
410	13	f
410	14	t
410	15	f
411	1	f
411	2	t
411	3	f
411	4	t
411	5	f
411	6	f
411	7	t
411	8	f
411	9	f
411	10	f
411	11	t
411	12	t
411	13	t
411	14	f
411	15	f
412	1	f
412	2	f
412	3	t
412	4	t
412	5	t
412	6	f
412	7	f
412	8	f
412	9	f
412	10	t
412	11	f
412	12	t
412	13	f
412	14	t
412	15	f
413	1	f
413	2	f
413	3	f
413	4	t
413	5	f
413	6	f
413	7	f
413	8	t
413	9	f
413	10	t
413	11	t
413	12	f
413	13	f
413	14	t
413	15	f
414	1	f
414	2	t
414	3	t
414	4	t
414	5	t
414	6	f
414	7	t
414	8	t
414	9	f
414	10	f
414	11	f
414	12	t
414	13	t
414	14	t
414	15	f
415	1	t
415	2	f
415	3	t
415	4	t
415	5	f
415	6	t
415	7	t
415	8	t
415	9	t
415	10	t
415	11	f
415	12	t
415	13	t
415	14	f
415	15	f
416	1	f
416	2	f
416	3	t
416	4	t
416	5	t
416	6	f
416	7	f
416	8	f
416	9	t
416	10	t
416	11	t
416	12	t
416	13	t
416	14	f
416	15	t
417	1	t
417	2	t
417	3	t
417	4	f
417	5	t
417	6	t
417	7	t
417	8	f
417	9	t
417	10	f
417	11	f
417	12	t
417	13	t
417	14	t
417	15	f
418	1	f
418	2	t
418	3	f
418	4	t
418	5	t
418	6	f
418	7	t
418	8	f
418	9	f
418	10	f
418	11	t
418	12	t
418	13	t
418	14	f
418	15	t
419	1	t
419	2	f
419	3	f
419	4	t
419	5	f
419	6	t
419	7	f
419	8	t
419	9	f
419	10	t
419	11	t
419	12	f
419	13	f
419	14	f
419	15	t
420	1	f
420	2	t
420	3	t
420	4	t
420	5	t
420	6	t
420	7	t
420	8	f
420	9	f
420	10	t
420	11	t
420	12	t
420	13	f
420	14	f
420	15	t
421	1	f
421	2	f
421	3	f
421	4	f
421	5	t
421	6	t
421	7	t
421	8	t
421	9	f
421	10	t
421	11	f
421	12	t
421	13	f
421	14	f
421	15	t
422	1	t
422	2	f
422	3	f
422	4	f
422	5	f
422	6	f
422	7	t
422	8	f
422	9	f
422	10	f
422	11	f
422	12	f
422	13	t
422	14	f
422	15	t
423	1	t
423	2	t
423	3	t
423	4	t
423	5	t
423	6	t
423	7	t
423	8	f
423	9	f
423	10	f
423	11	t
423	12	t
423	13	f
423	14	t
423	15	f
424	1	f
424	2	t
424	3	f
424	4	t
424	5	f
424	6	t
424	7	t
424	8	t
424	9	f
424	10	t
424	11	f
424	12	t
424	13	f
424	14	t
424	15	t
425	1	t
425	2	t
425	3	t
425	4	t
425	5	f
425	6	t
425	7	t
425	8	f
425	9	t
425	10	f
425	11	t
425	12	f
425	13	f
425	14	f
425	15	t
426	1	f
426	2	t
426	3	f
426	4	t
426	5	t
426	6	t
426	7	f
426	8	f
426	9	f
426	10	f
426	11	f
426	12	f
426	13	t
426	14	f
426	15	t
427	1	t
427	2	f
427	3	t
427	4	t
427	5	t
427	6	f
427	7	t
427	8	t
427	9	t
427	10	f
427	11	t
427	12	f
427	13	t
427	14	f
427	15	t
428	1	t
428	2	t
428	3	f
428	4	f
428	5	f
428	6	t
428	7	t
428	8	t
428	9	f
428	10	f
428	11	t
428	12	f
428	13	f
428	14	f
428	15	f
429	1	t
429	2	f
429	3	t
429	4	t
429	5	t
429	6	t
429	7	f
429	8	t
429	9	t
429	10	t
429	11	f
429	12	t
429	13	t
429	14	t
429	15	t
430	1	f
430	2	t
430	3	f
430	4	t
430	5	t
430	6	f
430	7	t
430	8	f
430	9	f
430	10	t
430	11	t
430	12	f
430	13	f
430	14	t
430	15	f
431	1	f
431	2	t
431	3	f
431	4	f
431	5	t
431	6	f
431	7	t
431	8	t
431	9	t
431	10	f
431	11	f
431	12	t
431	13	f
431	14	f
431	15	t
432	1	f
432	2	f
432	3	t
432	4	f
432	5	f
432	6	f
432	7	f
432	8	t
432	9	f
432	10	f
432	11	f
432	12	t
432	13	f
432	14	t
432	15	f
433	1	f
433	2	f
433	3	f
433	4	f
433	5	t
433	6	f
433	7	t
433	8	t
433	9	t
433	10	f
433	11	f
433	12	f
433	13	t
433	14	f
433	15	t
434	1	t
434	2	t
434	3	t
434	4	t
434	5	f
434	6	f
434	7	t
434	8	f
434	9	f
434	10	t
434	11	t
434	12	f
434	13	t
434	14	f
434	15	f
435	1	t
435	2	t
435	3	f
435	4	t
435	5	f
435	6	t
435	7	f
435	8	f
435	9	t
435	10	f
435	11	t
435	12	f
435	13	f
435	14	f
435	15	t
436	1	t
436	2	f
436	3	t
436	4	t
436	5	t
436	6	f
436	7	f
436	8	t
436	9	f
436	10	t
436	11	t
436	12	t
436	13	t
436	14	f
436	15	f
437	1	t
437	2	f
437	3	t
437	4	t
437	5	t
437	6	f
437	7	f
437	8	f
437	9	t
437	10	t
437	11	f
437	12	t
437	13	t
437	14	f
437	15	t
438	1	f
438	2	f
438	3	f
438	4	f
438	5	f
438	6	t
438	7	t
438	8	f
438	9	f
438	10	t
438	11	t
438	12	t
438	13	f
438	14	t
438	15	t
439	1	f
439	2	t
439	3	f
439	4	f
439	5	t
439	6	t
439	7	t
439	8	t
439	9	f
439	10	f
439	11	f
439	12	f
439	13	f
439	14	t
439	15	t
440	1	f
440	2	t
440	3	t
440	4	t
440	5	f
440	6	t
440	7	f
440	8	t
440	9	f
440	10	t
440	11	f
440	12	f
440	13	t
440	14	t
440	15	t
441	1	f
441	2	t
441	3	t
441	4	f
441	5	t
441	6	t
441	7	t
441	8	t
441	9	t
441	10	f
441	11	f
441	12	f
441	13	t
441	14	f
441	15	f
442	1	t
442	2	f
442	3	f
442	4	t
442	5	t
442	6	t
442	7	f
442	8	f
442	9	t
442	10	t
442	11	t
442	12	f
442	13	f
442	14	t
442	15	t
443	1	t
443	2	f
443	3	f
443	4	t
443	5	f
443	6	f
443	7	t
443	8	f
443	9	t
443	10	f
443	11	t
443	12	f
443	13	f
443	14	f
443	15	f
444	1	t
444	2	t
444	3	t
444	4	t
444	5	t
444	6	t
444	7	t
444	8	t
444	9	f
444	10	t
444	11	f
444	12	f
444	13	t
444	14	f
444	15	f
445	1	t
445	2	t
445	3	f
445	4	f
445	5	t
445	6	f
445	7	t
445	8	t
445	9	t
445	10	f
445	11	t
445	12	t
445	13	f
445	14	t
445	15	t
446	1	t
446	2	t
446	3	f
446	4	t
446	5	t
446	6	f
446	7	f
446	8	f
446	9	f
446	10	f
446	11	f
446	12	f
446	13	t
446	14	t
446	15	t
447	1	t
447	2	t
447	3	f
447	4	f
447	5	f
447	6	t
447	7	f
447	8	t
447	9	f
447	10	f
447	11	f
447	12	f
447	13	f
447	14	f
447	15	t
448	1	t
448	2	f
448	3	f
448	4	f
448	5	t
448	6	t
448	7	f
448	8	t
448	9	f
448	10	f
448	11	f
448	12	f
448	13	t
448	14	t
448	15	f
449	1	f
449	2	t
449	3	t
449	4	t
449	5	f
449	6	t
449	7	t
449	8	f
449	9	f
449	10	f
449	11	t
449	12	t
449	13	f
449	14	t
449	15	t
450	1	t
450	2	f
450	3	f
450	4	f
450	5	t
450	6	f
450	7	f
450	8	t
450	9	f
450	10	f
450	11	t
450	12	f
450	13	t
450	14	f
450	15	t
451	1	t
451	2	f
451	3	f
451	4	t
451	5	f
451	6	f
451	7	f
451	8	t
451	9	f
451	10	t
451	11	f
451	12	t
451	13	f
451	14	t
451	15	t
452	1	f
452	2	f
452	3	f
452	4	t
452	5	f
452	6	t
452	7	f
452	8	t
452	9	f
452	10	f
452	11	t
452	12	f
452	13	f
452	14	t
452	15	f
453	1	t
453	2	t
453	3	f
453	4	t
453	5	f
453	6	f
453	7	t
453	8	f
453	9	t
453	10	t
453	11	f
453	12	f
453	13	t
453	14	f
453	15	t
454	1	f
454	2	t
454	3	f
454	4	t
454	5	f
454	6	t
454	7	f
454	8	t
454	9	f
454	10	f
454	11	f
454	12	f
454	13	t
454	14	f
454	15	t
455	1	t
455	2	t
455	3	f
455	4	f
455	5	t
455	6	f
455	7	f
455	8	f
455	9	t
455	10	f
455	11	t
455	12	f
455	13	t
455	14	t
455	15	f
456	1	f
456	2	f
456	3	f
456	4	t
456	5	t
456	6	f
456	7	t
456	8	f
456	9	t
456	10	t
456	11	f
456	12	t
456	13	f
456	14	f
456	15	f
457	1	f
457	2	f
457	3	t
457	4	f
457	5	t
457	6	t
457	7	f
457	8	f
457	9	f
457	10	t
457	11	t
457	12	t
457	13	t
457	14	f
457	15	f
458	1	t
458	2	f
458	3	t
458	4	t
458	5	t
458	6	t
458	7	t
458	8	t
458	9	f
458	10	t
458	11	f
458	12	f
458	13	t
458	14	t
458	15	f
459	1	t
459	2	f
459	3	t
459	4	f
459	5	t
459	6	f
459	7	t
459	8	f
459	9	f
459	10	f
459	11	f
459	12	t
459	13	t
459	14	f
459	15	f
460	1	t
460	2	t
460	3	t
460	4	f
460	5	t
460	6	t
460	7	t
460	8	f
460	9	f
460	10	f
460	11	f
460	12	f
460	13	t
460	14	t
460	15	f
461	1	t
461	2	f
461	3	f
461	4	t
461	5	t
461	6	f
461	7	f
461	8	t
461	9	f
461	10	t
461	11	t
461	12	f
461	13	t
461	14	t
461	15	t
462	1	t
462	2	f
462	3	f
462	4	t
462	5	f
462	6	f
462	7	t
462	8	t
462	9	f
462	10	t
462	11	t
462	12	f
462	13	t
462	14	f
462	15	f
463	1	t
463	2	f
463	3	f
463	4	t
463	5	f
463	6	t
463	7	t
463	8	f
463	9	t
463	10	t
463	11	t
463	12	t
463	13	t
463	14	f
463	15	t
464	1	t
464	2	t
464	3	f
464	4	t
464	5	f
464	6	f
464	7	t
464	8	t
464	9	t
464	10	f
464	11	t
464	12	t
464	13	t
464	14	f
464	15	t
465	1	f
465	2	f
465	3	t
465	4	t
465	5	f
465	6	t
465	7	t
465	8	t
465	9	f
465	10	f
465	11	f
465	12	f
465	13	f
465	14	t
465	15	t
466	1	f
466	2	f
466	3	t
466	4	f
466	5	t
466	6	t
466	7	t
466	8	f
466	9	t
466	10	f
466	11	f
466	12	t
466	13	f
466	14	f
466	15	f
467	1	t
467	2	f
467	3	f
467	4	f
467	5	t
467	6	t
467	7	t
467	8	f
467	9	f
467	10	f
467	11	t
467	12	t
467	13	t
467	14	t
467	15	t
468	1	f
468	2	t
468	3	f
468	4	t
468	5	f
468	6	t
468	7	f
468	8	f
468	9	t
468	10	t
468	11	f
468	12	t
468	13	t
468	14	t
468	15	t
469	1	t
469	2	f
469	3	f
469	4	f
469	5	f
469	6	f
469	7	f
469	8	t
469	9	t
469	10	t
469	11	f
469	12	t
469	13	t
469	14	f
469	15	f
470	1	f
470	2	t
470	3	f
470	4	f
470	5	f
470	6	t
470	7	t
470	8	f
470	9	t
470	10	t
470	11	t
470	12	t
470	13	t
470	14	t
470	15	t
471	1	f
471	2	f
471	3	t
471	4	t
471	5	t
471	6	t
471	7	t
471	8	t
471	9	t
471	10	f
471	11	f
471	12	t
471	13	t
471	14	f
471	15	t
472	1	t
472	2	t
472	3	f
472	4	f
472	5	t
472	6	t
472	7	f
472	8	t
472	9	f
472	10	t
472	11	t
472	12	t
472	13	f
472	14	f
472	15	f
473	1	t
473	2	f
473	3	f
473	4	t
473	5	f
473	6	f
473	7	t
473	8	t
473	9	t
473	10	t
473	11	t
473	12	f
473	13	f
473	14	f
473	15	f
474	1	f
474	2	f
474	3	f
474	4	f
474	5	t
474	6	t
474	7	f
474	8	f
474	9	f
474	10	t
474	11	f
474	12	t
474	13	t
474	14	t
474	15	f
475	1	f
475	2	t
475	3	f
475	4	f
475	5	t
475	6	t
475	7	t
475	8	f
475	9	f
475	10	t
475	11	f
475	12	f
475	13	f
475	14	t
475	15	t
476	1	t
476	2	f
476	3	f
476	4	f
476	5	t
476	6	f
476	7	t
476	8	f
476	9	f
476	10	t
476	11	t
476	12	t
476	13	f
476	14	f
476	15	f
477	1	t
477	2	t
477	3	f
477	4	f
477	5	t
477	6	t
477	7	t
477	8	t
477	9	f
477	10	t
477	11	f
477	12	t
477	13	t
477	14	f
477	15	t
478	1	f
478	2	t
478	3	t
478	4	t
478	5	f
478	6	f
478	7	f
478	8	f
478	9	f
478	10	f
478	11	f
478	12	f
478	13	f
478	14	t
478	15	f
479	1	t
479	2	t
479	3	f
479	4	f
479	5	t
479	6	f
479	7	f
479	8	t
479	9	t
479	10	f
479	11	f
479	12	f
479	13	t
479	14	t
479	15	t
480	1	t
480	2	t
480	3	t
480	4	t
480	5	t
480	6	f
480	7	t
480	8	f
480	9	t
480	10	f
480	11	t
480	12	t
480	13	t
480	14	f
480	15	f
481	1	t
481	2	f
481	3	f
481	4	f
481	5	f
481	6	t
481	7	t
481	8	f
481	9	t
481	10	f
481	11	t
481	12	f
481	13	f
481	14	f
481	15	f
482	1	f
482	2	f
482	3	t
482	4	f
482	5	t
482	6	t
482	7	f
482	8	f
482	9	t
482	10	f
482	11	t
482	12	t
482	13	t
482	14	t
482	15	f
483	1	f
483	2	f
483	3	f
483	4	f
483	5	f
483	6	t
483	7	t
483	8	t
483	9	t
483	10	f
483	11	t
483	12	f
483	13	t
483	14	t
483	15	f
484	1	f
484	2	t
484	3	f
484	4	f
484	5	f
484	6	t
484	7	f
484	8	f
484	9	f
484	10	t
484	11	f
484	12	f
484	13	f
484	14	t
484	15	f
485	1	f
485	2	t
485	3	f
485	4	f
485	5	t
485	6	f
485	7	f
485	8	t
485	9	f
485	10	f
485	11	t
485	12	t
485	13	t
485	14	f
485	15	t
486	1	t
486	2	t
486	3	f
486	4	f
486	5	f
486	6	f
486	7	t
486	8	f
486	9	t
486	10	t
486	11	t
486	12	t
486	13	f
486	14	f
486	15	t
487	1	f
487	2	f
487	3	f
487	4	f
487	5	f
487	6	t
487	7	f
487	8	f
487	9	t
487	10	f
487	11	t
487	12	f
487	13	t
487	14	f
487	15	f
488	1	t
488	2	t
488	3	t
488	4	f
488	5	f
488	6	f
488	7	t
488	8	t
488	9	f
488	10	t
488	11	t
488	12	t
488	13	f
488	14	f
488	15	f
489	1	f
489	2	t
489	3	f
489	4	f
489	5	f
489	6	f
489	7	f
489	8	f
489	9	t
489	10	t
489	11	t
489	12	f
489	13	f
489	14	f
489	15	f
490	1	f
490	2	f
490	3	t
490	4	t
490	5	t
490	6	f
490	7	t
490	8	f
490	9	t
490	10	f
490	11	t
490	12	f
490	13	t
490	14	t
490	15	f
491	1	f
491	2	t
491	3	t
491	4	t
491	5	t
491	6	t
491	7	f
491	8	f
491	9	t
491	10	f
491	11	t
491	12	t
491	13	t
491	14	t
491	15	t
492	1	f
492	2	t
492	3	f
492	4	t
492	5	t
492	6	t
492	7	t
492	8	t
492	9	t
492	10	f
492	11	t
492	12	t
492	13	f
492	14	t
492	15	t
493	1	f
493	2	f
493	3	f
493	4	f
493	5	t
493	6	t
493	7	t
493	8	f
493	9	f
493	10	f
493	11	f
493	12	f
493	13	t
493	14	t
493	15	t
494	1	t
494	2	t
494	3	t
494	4	f
494	5	t
494	6	t
494	7	f
494	8	t
494	9	t
494	10	f
494	11	t
494	12	t
494	13	f
494	14	f
494	15	t
495	1	f
495	2	t
495	3	t
495	4	t
495	5	f
495	6	t
495	7	t
495	8	f
495	9	t
495	10	f
495	11	t
495	12	t
495	13	f
495	14	t
495	15	t
496	1	f
496	2	t
496	3	t
496	4	t
496	5	f
496	6	t
496	7	t
496	8	f
496	9	f
496	10	f
496	11	t
496	12	f
496	13	f
496	14	f
496	15	f
497	1	t
497	2	t
497	3	f
497	4	f
497	5	t
497	6	t
497	7	t
497	8	f
497	9	f
497	10	t
497	11	f
497	12	t
497	13	t
497	14	t
497	15	t
498	1	f
498	2	f
498	3	f
498	4	f
498	5	t
498	6	f
498	7	f
498	8	f
498	9	t
498	10	f
498	11	f
498	12	t
498	13	t
498	14	f
498	15	t
499	1	t
499	2	f
499	3	f
499	4	t
499	5	f
499	6	t
499	7	f
499	8	t
499	9	f
499	10	t
499	11	f
499	12	f
499	13	f
499	14	f
499	15	t
500	1	f
500	2	f
500	3	t
500	4	f
500	5	f
500	6	t
500	7	t
500	8	f
500	9	f
500	10	t
500	11	f
500	12	t
500	13	t
500	14	f
500	15	t
1	16	t
1	17	t
1	18	t
2	16	f
2	17	t
2	18	t
3	16	t
3	17	t
3	18	t
4	16	t
4	17	f
4	18	f
5	16	t
5	17	t
5	18	t
6	16	t
6	17	f
6	18	f
7	16	t
7	17	t
7	18	f
8	16	t
8	17	f
8	18	t
9	16	t
9	17	t
9	18	t
10	16	t
10	17	t
10	18	t
11	16	t
11	17	t
11	18	f
12	16	t
12	17	t
12	18	f
13	16	t
13	17	f
13	18	t
14	16	f
14	17	t
14	18	t
15	16	t
15	17	t
15	18	f
16	16	f
16	17	f
16	18	f
17	16	t
17	17	f
17	18	t
18	16	t
18	17	f
18	18	f
19	16	f
19	17	t
19	18	f
20	16	t
20	17	f
20	18	f
21	16	t
21	17	f
21	18	t
22	16	f
22	17	f
22	18	f
23	16	f
23	17	f
23	18	f
24	16	t
24	17	f
24	18	t
25	16	f
25	17	t
25	18	t
26	16	f
26	17	t
26	18	f
27	16	t
27	17	t
27	18	t
28	16	t
28	17	t
28	18	t
29	16	f
29	17	f
29	18	f
30	16	f
30	17	t
30	18	f
31	16	f
31	17	t
31	18	f
32	16	t
32	17	t
32	18	t
33	16	f
33	17	t
33	18	f
34	16	t
34	17	t
34	18	t
35	16	t
35	17	f
35	18	f
36	16	f
36	17	t
36	18	t
37	16	t
37	17	f
37	18	t
38	16	f
38	17	t
38	18	t
39	16	f
39	17	f
39	18	t
40	16	f
40	17	f
40	18	t
41	16	f
41	17	f
41	18	t
42	16	t
42	17	f
42	18	f
43	16	t
43	17	f
43	18	t
44	16	t
44	17	f
44	18	t
45	16	f
45	17	t
45	18	t
46	16	f
46	17	f
46	18	f
47	16	f
47	17	t
47	18	f
48	16	f
48	17	t
48	18	t
49	16	t
49	17	t
49	18	t
50	16	f
50	17	t
50	18	t
51	16	f
51	17	f
51	18	t
52	16	f
52	17	f
52	18	t
53	16	t
53	17	f
53	18	f
54	16	f
54	17	f
54	18	f
55	16	f
55	17	t
55	18	f
56	16	f
56	17	f
56	18	t
57	16	f
57	17	t
57	18	t
58	16	t
58	17	t
58	18	f
59	16	f
59	17	f
59	18	f
60	16	f
60	17	f
60	18	f
61	16	f
61	17	t
61	18	f
62	16	f
62	17	t
62	18	f
63	16	t
63	17	t
63	18	t
64	16	t
64	17	t
64	18	f
65	16	t
65	17	t
65	18	t
66	16	t
66	17	f
66	18	f
67	16	t
67	17	f
67	18	f
68	16	f
68	17	f
68	18	f
69	16	t
69	17	t
69	18	t
70	16	t
70	17	t
70	18	f
71	16	f
71	17	f
71	18	f
72	16	f
72	17	f
72	18	t
73	16	f
73	17	f
73	18	f
74	16	t
74	17	f
74	18	f
75	16	t
75	17	t
75	18	f
76	16	t
76	17	f
76	18	t
77	16	f
77	17	t
77	18	t
78	16	f
78	17	f
78	18	t
79	16	f
79	17	t
79	18	t
80	16	t
80	17	f
80	18	t
81	16	t
81	17	f
81	18	f
82	16	f
82	17	t
82	18	f
83	16	t
83	17	t
83	18	t
84	16	t
84	17	f
84	18	f
85	16	f
85	17	t
85	18	f
86	16	t
86	17	f
86	18	t
87	16	t
87	17	t
87	18	f
88	16	f
88	17	f
88	18	f
89	16	f
89	17	t
89	18	f
90	16	t
90	17	t
90	18	f
91	16	f
91	17	f
91	18	f
92	16	f
92	17	f
92	18	t
93	16	t
93	17	t
93	18	t
94	16	f
94	17	t
94	18	f
95	16	f
95	17	t
95	18	t
96	16	f
96	17	t
96	18	f
97	16	t
97	17	f
97	18	f
98	16	t
98	17	f
98	18	f
99	16	t
99	17	t
99	18	f
100	16	t
100	17	f
100	18	f
101	16	t
101	17	f
101	18	f
102	16	f
102	17	f
102	18	t
103	16	t
103	17	f
103	18	t
104	16	t
104	17	t
104	18	t
105	16	f
105	17	t
105	18	t
106	16	f
106	17	t
106	18	t
107	16	f
107	17	f
107	18	f
108	16	f
108	17	f
108	18	t
109	16	f
109	17	t
109	18	f
110	16	t
110	17	t
110	18	f
111	16	t
111	17	t
111	18	t
112	16	f
112	17	t
112	18	t
113	16	t
113	17	t
113	18	t
114	16	f
114	17	t
114	18	t
115	16	f
115	17	t
115	18	t
116	16	t
116	17	t
116	18	t
117	16	f
117	17	f
117	18	t
118	16	f
118	17	f
118	18	t
119	16	f
119	17	f
119	18	f
120	16	f
120	17	t
120	18	t
121	16	t
121	17	f
121	18	f
122	16	t
122	17	f
122	18	t
123	16	t
123	17	f
123	18	f
124	16	t
124	17	t
124	18	f
125	16	f
125	17	t
125	18	f
126	16	f
126	17	f
126	18	t
127	16	t
127	17	f
127	18	f
128	16	t
128	17	f
128	18	f
129	16	t
129	17	t
129	18	t
130	16	f
130	17	f
130	18	t
131	16	t
131	17	t
131	18	t
132	16	t
132	17	t
132	18	f
133	16	f
133	17	t
133	18	f
134	16	t
134	17	t
134	18	t
135	16	f
135	17	t
135	18	t
136	16	f
136	17	f
136	18	t
137	16	f
137	17	t
137	18	f
138	16	t
138	17	f
138	18	t
139	16	t
139	17	t
139	18	t
140	16	f
140	17	f
140	18	f
141	16	t
141	17	t
141	18	t
142	16	f
142	17	f
142	18	f
143	16	f
143	17	f
143	18	t
144	16	f
144	17	t
144	18	t
145	16	f
145	17	f
145	18	t
146	16	t
146	17	f
146	18	t
147	16	t
147	17	t
147	18	t
148	16	f
148	17	t
148	18	f
149	16	t
149	17	f
149	18	t
150	16	f
150	17	f
150	18	t
151	16	f
151	17	t
151	18	t
152	16	t
152	17	f
152	18	f
153	16	t
153	17	f
153	18	t
154	16	t
154	17	t
154	18	t
155	16	t
155	17	f
155	18	t
156	16	f
156	17	f
156	18	t
157	16	t
157	17	f
157	18	t
158	16	t
158	17	f
158	18	t
159	16	t
159	17	f
159	18	t
160	16	f
160	17	t
160	18	t
161	16	f
161	17	f
161	18	f
162	16	t
162	17	t
162	18	t
163	16	f
163	17	t
163	18	f
164	16	f
164	17	f
164	18	t
165	16	t
165	17	f
165	18	t
166	16	t
166	17	f
166	18	f
167	16	t
167	17	f
167	18	f
168	16	t
168	17	f
168	18	f
169	16	f
169	17	t
169	18	t
170	16	t
170	17	t
170	18	f
171	16	f
171	17	f
171	18	f
172	16	f
172	17	f
172	18	t
173	16	f
173	17	t
173	18	t
174	16	f
174	17	t
174	18	t
175	16	t
175	17	t
175	18	f
176	16	f
176	17	f
176	18	t
177	16	f
177	17	t
177	18	t
178	16	t
178	17	f
178	18	f
179	16	f
179	17	f
179	18	t
180	16	t
180	17	t
180	18	t
181	16	f
181	17	f
181	18	t
182	16	t
182	17	f
182	18	f
183	16	t
183	17	t
183	18	t
184	16	f
184	17	f
184	18	t
185	16	f
185	17	f
185	18	t
186	16	f
186	17	t
186	18	t
187	16	f
187	17	f
187	18	f
188	16	f
188	17	t
188	18	f
189	16	t
189	17	f
189	18	f
190	16	t
190	17	f
190	18	t
191	16	t
191	17	f
191	18	f
192	16	t
192	17	t
192	18	f
193	16	t
193	17	f
193	18	t
194	16	f
194	17	t
194	18	t
195	16	t
195	17	t
195	18	f
196	16	f
196	17	t
196	18	f
197	16	t
197	17	f
197	18	t
198	16	f
198	17	t
198	18	f
199	16	f
199	17	t
199	18	t
200	16	f
200	17	t
200	18	f
201	16	t
201	17	f
201	18	f
202	16	t
202	17	f
202	18	t
203	16	f
203	17	t
203	18	t
204	16	f
204	17	t
204	18	f
205	16	f
205	17	t
205	18	f
206	16	f
206	17	t
206	18	f
207	16	f
207	17	t
207	18	f
208	16	t
208	17	f
208	18	t
209	16	f
209	17	f
209	18	t
210	16	t
210	17	f
210	18	t
211	16	f
211	17	t
211	18	t
212	16	f
212	17	f
212	18	f
213	16	t
213	17	f
213	18	f
214	16	t
214	17	t
214	18	t
215	16	t
215	17	t
215	18	t
216	16	t
216	17	t
216	18	f
217	16	t
217	17	t
217	18	f
218	16	f
218	17	f
218	18	t
219	16	t
219	17	f
219	18	f
220	16	f
220	17	f
220	18	f
221	16	t
221	17	t
221	18	f
222	16	f
222	17	f
222	18	f
223	16	t
223	17	f
223	18	f
224	16	t
224	17	f
224	18	t
225	16	t
225	17	t
225	18	f
226	16	f
226	17	t
226	18	f
227	16	t
227	17	t
227	18	t
228	16	t
228	17	f
228	18	f
229	16	f
229	17	t
229	18	f
230	16	t
230	17	t
230	18	t
231	16	f
231	17	f
231	18	t
232	16	t
232	17	t
232	18	t
233	16	f
233	17	t
233	18	t
234	16	f
234	17	f
234	18	f
235	16	t
235	17	f
235	18	f
236	16	f
236	17	f
236	18	f
237	16	t
237	17	f
237	18	t
238	16	f
238	17	t
238	18	f
239	16	f
239	17	f
239	18	f
240	16	f
240	17	t
240	18	f
241	16	f
241	17	t
241	18	f
242	16	f
242	17	f
242	18	f
243	16	t
243	17	t
243	18	t
244	16	f
244	17	t
244	18	f
245	16	t
245	17	f
245	18	t
246	16	f
246	17	f
246	18	f
247	16	f
247	17	f
247	18	f
248	16	f
248	17	t
248	18	t
249	16	f
249	17	f
249	18	t
250	16	t
250	17	f
250	18	t
251	16	f
251	17	f
251	18	t
252	16	t
252	17	t
252	18	t
253	16	f
253	17	t
253	18	f
254	16	f
254	17	t
254	18	t
255	16	f
255	17	t
255	18	t
256	16	f
256	17	f
256	18	f
257	16	f
257	17	t
257	18	t
258	16	t
258	17	f
258	18	t
259	16	f
259	17	f
259	18	f
260	16	t
260	17	t
260	18	f
261	16	f
261	17	t
261	18	f
262	16	f
262	17	f
262	18	f
263	16	t
263	17	f
263	18	f
264	16	f
264	17	f
264	18	t
265	16	t
265	17	f
265	18	f
266	16	f
266	17	t
266	18	t
267	16	f
267	17	t
267	18	t
268	16	t
268	17	t
268	18	f
269	16	f
269	17	t
269	18	f
270	16	f
270	17	t
270	18	t
271	16	t
271	17	f
271	18	f
272	16	f
272	17	f
272	18	t
273	16	t
273	17	t
273	18	t
274	16	f
274	17	t
274	18	t
275	16	f
275	17	f
275	18	f
276	16	t
276	17	t
276	18	t
277	16	f
277	17	t
277	18	t
278	16	f
278	17	f
278	18	f
279	16	f
279	17	t
279	18	t
280	16	f
280	17	f
280	18	t
281	16	f
281	17	f
281	18	t
282	16	t
282	17	f
282	18	t
283	16	f
283	17	f
283	18	f
284	16	f
284	17	t
284	18	t
285	16	f
285	17	t
285	18	t
286	16	t
286	17	t
286	18	f
287	16	t
287	17	t
287	18	t
288	16	t
288	17	t
288	18	f
289	16	f
289	17	t
289	18	f
290	16	t
290	17	f
290	18	f
291	16	t
291	17	t
291	18	f
292	16	f
292	17	f
292	18	f
293	16	f
293	17	t
293	18	t
294	16	t
294	17	t
294	18	t
295	16	f
295	17	f
295	18	f
296	16	f
296	17	f
296	18	t
297	16	f
297	17	f
297	18	f
298	16	f
298	17	t
298	18	f
299	16	t
299	17	t
299	18	f
300	16	f
300	17	f
300	18	f
301	16	t
301	17	f
301	18	t
302	16	f
302	17	t
302	18	f
303	16	f
303	17	t
303	18	t
304	16	f
304	17	f
304	18	f
305	16	t
305	17	t
305	18	t
306	16	t
306	17	f
306	18	t
307	16	t
307	17	f
307	18	t
308	16	f
308	17	f
308	18	t
309	16	t
309	17	f
309	18	t
310	16	t
310	17	t
310	18	f
311	16	f
311	17	f
311	18	f
312	16	f
312	17	t
312	18	t
313	16	t
313	17	t
313	18	t
314	16	t
314	17	t
314	18	t
315	16	f
315	17	f
315	18	t
316	16	t
316	17	t
316	18	f
317	16	f
317	17	f
317	18	f
318	16	t
318	17	f
318	18	f
319	16	t
319	17	t
319	18	f
320	16	t
320	17	t
320	18	t
321	16	f
321	17	t
321	18	t
322	16	f
322	17	t
322	18	f
323	16	f
323	17	t
323	18	t
324	16	f
324	17	t
324	18	t
325	16	f
325	17	t
325	18	t
326	16	t
326	17	f
326	18	f
327	16	f
327	17	t
327	18	f
328	16	f
328	17	t
328	18	t
329	16	t
329	17	t
329	18	f
330	16	f
330	17	f
330	18	f
331	16	t
331	17	t
331	18	f
332	16	f
332	17	f
332	18	t
333	16	f
333	17	f
333	18	f
334	16	t
334	17	t
334	18	f
335	16	f
335	17	t
335	18	t
336	16	f
336	17	t
336	18	f
337	16	f
337	17	t
337	18	t
338	16	t
338	17	t
338	18	t
339	16	f
339	17	f
339	18	t
340	16	t
340	17	f
340	18	t
341	16	t
341	17	f
341	18	f
342	16	f
342	17	f
342	18	f
343	16	f
343	17	f
343	18	t
344	16	f
344	17	f
344	18	f
345	16	f
345	17	t
345	18	f
346	16	f
346	17	f
346	18	f
347	16	t
347	17	t
347	18	f
348	16	t
348	17	f
348	18	t
349	16	t
349	17	f
349	18	f
350	16	f
350	17	t
350	18	f
351	16	t
351	17	f
351	18	t
352	16	f
352	17	f
352	18	t
353	16	f
353	17	t
353	18	t
354	16	f
354	17	t
354	18	f
355	16	f
355	17	t
355	18	f
356	16	f
356	17	f
356	18	t
357	16	t
357	17	f
357	18	t
358	16	t
358	17	t
358	18	f
359	16	t
359	17	t
359	18	f
360	16	f
360	17	f
360	18	t
361	16	t
361	17	f
361	18	f
362	16	f
362	17	t
362	18	f
363	16	f
363	17	f
363	18	f
364	16	f
364	17	f
364	18	t
365	16	t
365	17	t
365	18	t
366	16	f
366	17	t
366	18	t
367	16	t
367	17	t
367	18	f
368	16	t
368	17	f
368	18	f
369	16	f
369	17	f
369	18	t
370	16	t
370	17	f
370	18	f
371	16	f
371	17	t
371	18	f
372	16	f
372	17	t
372	18	f
373	16	f
373	17	f
373	18	t
374	16	f
374	17	f
374	18	f
375	16	f
375	17	f
375	18	f
376	16	f
376	17	t
376	18	f
377	16	t
377	17	t
377	18	t
378	16	t
378	17	t
378	18	t
379	16	t
379	17	f
379	18	f
380	16	f
380	17	f
380	18	f
381	16	f
381	17	f
381	18	f
382	16	t
382	17	t
382	18	f
383	16	t
383	17	f
383	18	t
384	16	t
384	17	t
384	18	f
385	16	f
385	17	t
385	18	f
386	16	t
386	17	t
386	18	t
387	16	f
387	17	t
387	18	f
388	16	t
388	17	t
388	18	f
389	16	t
389	17	f
389	18	t
390	16	t
390	17	t
390	18	f
391	16	t
391	17	f
391	18	t
392	16	t
392	17	f
392	18	f
393	16	f
393	17	f
393	18	f
394	16	f
394	17	f
394	18	f
395	16	t
395	17	f
395	18	t
396	16	t
396	17	f
396	18	f
397	16	f
397	17	t
397	18	t
398	16	f
398	17	f
398	18	t
399	16	f
399	17	f
399	18	t
400	16	t
400	17	t
400	18	t
401	16	f
401	17	f
401	18	t
402	16	f
402	17	f
402	18	t
403	16	t
403	17	t
403	18	f
404	16	t
404	17	t
404	18	f
405	16	t
405	17	t
405	18	t
406	16	t
406	17	f
406	18	t
407	16	f
407	17	f
407	18	t
408	16	t
408	17	f
408	18	t
409	16	t
409	17	f
409	18	t
410	16	f
410	17	t
410	18	t
411	16	t
411	17	t
411	18	f
412	16	f
412	17	f
412	18	f
413	16	t
413	17	f
413	18	t
414	16	f
414	17	t
414	18	t
415	16	t
415	17	t
415	18	f
416	16	f
416	17	f
416	18	f
417	16	t
417	17	f
417	18	f
418	16	f
418	17	t
418	18	f
419	16	t
419	17	f
419	18	f
420	16	t
420	17	f
420	18	t
421	16	t
421	17	f
421	18	f
422	16	t
422	17	f
422	18	t
423	16	f
423	17	t
423	18	f
424	16	t
424	17	f
424	18	f
425	16	f
425	17	t
425	18	t
426	16	t
426	17	f
426	18	t
427	16	f
427	17	t
427	18	t
428	16	f
428	17	f
428	18	f
429	16	t
429	17	t
429	18	f
430	16	t
430	17	f
430	18	t
431	16	t
431	17	f
431	18	f
432	16	f
432	17	f
432	18	f
433	16	t
433	17	t
433	18	f
434	16	t
434	17	t
434	18	f
435	16	f
435	17	t
435	18	f
436	16	f
436	17	t
436	18	t
437	16	f
437	17	t
437	18	t
438	16	t
438	17	t
438	18	f
439	16	f
439	17	f
439	18	f
440	16	t
440	17	f
440	18	t
441	16	t
441	17	f
441	18	f
442	16	f
442	17	t
442	18	f
443	16	f
443	17	t
443	18	t
444	16	f
444	17	f
444	18	t
445	16	f
445	17	f
445	18	t
446	16	f
446	17	t
446	18	f
447	16	f
447	17	t
447	18	t
448	16	f
448	17	t
448	18	t
449	16	f
449	17	f
449	18	t
450	16	t
450	17	t
450	18	t
451	16	f
451	17	t
451	18	t
452	16	t
452	17	t
452	18	f
453	16	f
453	17	f
453	18	f
454	16	f
454	17	t
454	18	t
455	16	t
455	17	f
455	18	f
456	16	f
456	17	f
456	18	f
457	16	t
457	17	f
457	18	f
458	16	f
458	17	f
458	18	t
459	16	t
459	17	t
459	18	f
460	16	f
460	17	f
460	18	t
461	16	f
461	17	f
461	18	t
462	16	t
462	17	f
462	18	f
463	16	t
463	17	t
463	18	t
464	16	t
464	17	t
464	18	f
465	16	t
465	17	f
465	18	t
466	16	f
466	17	t
466	18	t
467	16	f
467	17	t
467	18	t
468	16	t
468	17	t
468	18	f
469	16	t
469	17	f
469	18	f
470	16	t
470	17	f
470	18	f
471	16	t
471	17	f
471	18	t
472	16	t
472	17	t
472	18	t
473	16	f
473	17	t
473	18	t
474	16	f
474	17	t
474	18	f
475	16	t
475	17	t
475	18	t
476	16	f
476	17	t
476	18	f
477	16	f
477	17	t
477	18	t
478	16	t
478	17	t
478	18	f
479	16	f
479	17	t
479	18	t
480	16	f
480	17	f
480	18	t
481	16	t
481	17	t
481	18	t
482	16	f
482	17	f
482	18	t
483	16	t
483	17	f
483	18	f
484	16	t
484	17	f
484	18	f
485	16	f
485	17	t
485	18	t
486	16	f
486	17	t
486	18	t
487	16	t
487	17	f
487	18	f
488	16	t
488	17	t
488	18	t
489	16	f
489	17	f
489	18	t
490	16	t
490	17	f
490	18	t
491	16	f
491	17	t
491	18	f
492	16	f
492	17	t
492	18	f
493	16	t
493	17	t
493	18	t
494	16	t
494	17	t
494	18	t
495	16	f
495	17	t
495	18	f
496	16	f
496	17	f
496	18	t
497	16	f
497	17	f
497	18	t
498	16	f
498	17	t
498	18	f
499	16	t
499	17	t
499	18	t
500	16	t
500	17	f
500	18	f
501	1	f
501	2	t
501	3	f
501	4	f
501	5	f
501	6	t
501	7	t
501	8	t
501	9	f
501	10	t
501	11	t
501	12	t
501	13	f
501	14	t
501	15	f
501	16	f
501	17	f
501	18	f
502	1	f
502	2	t
502	3	f
502	4	f
502	5	t
502	6	t
502	7	f
502	8	f
502	9	t
502	10	f
502	11	f
502	12	f
502	13	f
502	14	f
502	15	t
502	16	t
502	17	t
502	18	t
503	1	f
503	2	f
503	3	t
503	4	t
503	5	t
503	6	f
503	7	t
503	8	t
503	9	t
503	10	f
503	11	f
503	12	f
503	13	t
503	14	f
503	15	t
503	16	f
503	17	t
503	18	t
504	1	t
504	2	t
504	3	t
504	4	t
504	5	f
504	6	t
504	7	t
504	8	t
504	9	t
504	10	f
504	11	t
504	12	f
504	13	t
504	14	t
504	15	f
504	16	f
504	17	t
504	18	f
505	1	t
505	2	t
505	3	f
505	4	t
505	5	t
505	6	f
505	7	f
505	8	t
505	9	f
505	10	t
505	11	f
505	12	t
505	13	t
505	14	f
505	15	t
505	16	t
505	17	t
505	18	f
506	1	f
506	2	t
506	3	f
506	4	f
506	5	t
506	6	t
506	7	t
506	8	f
506	9	t
506	10	t
506	11	f
506	12	t
506	13	f
506	14	f
506	15	f
506	16	t
506	17	f
506	18	t
507	1	t
507	2	f
507	3	t
507	4	t
507	5	f
507	6	f
507	7	f
507	8	t
507	9	t
507	10	f
507	11	f
507	12	t
507	13	t
507	14	t
507	15	f
507	16	f
507	17	t
507	18	f
508	1	t
508	2	f
508	3	f
508	4	t
508	5	f
508	6	t
508	7	f
508	8	f
508	9	f
508	10	t
508	11	f
508	12	t
508	13	t
508	14	f
508	15	t
508	16	t
508	17	t
508	18	t
509	1	t
509	2	f
509	3	f
509	4	f
509	5	f
509	6	f
509	7	t
509	8	t
509	9	f
509	10	t
509	11	t
509	12	t
509	13	f
509	14	t
509	15	f
509	16	t
509	17	f
509	18	f
510	1	f
510	2	t
510	3	t
510	4	t
510	5	f
510	6	f
510	7	f
510	8	t
510	9	t
510	10	f
510	11	t
510	12	t
510	13	t
510	14	f
510	15	f
510	16	f
510	17	t
510	18	t
511	1	t
511	2	f
511	3	f
511	4	f
511	5	f
511	6	f
511	7	t
511	8	f
511	9	f
511	10	f
511	11	f
511	12	t
511	13	f
511	14	t
511	15	f
511	16	f
511	17	t
511	18	f
512	1	f
512	2	f
512	3	t
512	4	t
512	5	f
512	6	t
512	7	t
512	8	t
512	9	t
512	10	t
512	11	f
512	12	f
512	13	f
512	14	t
512	15	f
512	16	f
512	17	f
512	18	f
513	1	t
513	2	f
513	3	t
513	4	f
513	5	t
513	6	f
513	7	t
513	8	t
513	9	f
513	10	f
513	11	t
513	12	t
513	13	f
513	14	f
513	15	t
513	16	f
513	17	f
513	18	t
514	1	t
514	2	t
514	3	f
514	4	t
514	5	t
514	6	t
514	7	f
514	8	f
514	9	f
514	10	f
514	11	t
514	12	t
514	13	f
514	14	f
514	15	f
514	16	t
514	17	t
514	18	t
515	1	f
515	2	t
515	3	f
515	4	f
515	5	t
515	6	f
515	7	f
515	8	f
515	9	t
515	10	f
515	11	t
515	12	f
515	13	t
515	14	t
515	15	f
515	16	t
515	17	f
515	18	t
516	1	f
516	2	f
516	3	f
516	4	f
516	5	f
516	6	f
516	7	t
516	8	f
516	9	t
516	10	f
516	11	f
516	12	f
516	13	f
516	14	t
516	15	f
516	16	t
516	17	t
516	18	f
517	1	t
517	2	f
517	3	t
517	4	t
517	5	t
517	6	t
517	7	f
517	8	t
517	9	t
517	10	t
517	11	f
517	12	f
517	13	f
517	14	t
517	15	t
517	16	f
517	17	t
517	18	t
518	1	f
518	2	t
518	3	t
518	4	t
518	5	f
518	6	t
518	7	f
518	8	f
518	9	f
518	10	f
518	11	f
518	12	f
518	13	t
518	14	f
518	15	t
518	16	f
518	17	f
518	18	f
519	1	f
519	2	t
519	3	f
519	4	f
519	5	t
519	6	t
519	7	f
519	8	t
519	9	f
519	10	t
519	11	t
519	12	f
519	13	t
519	14	t
519	15	t
519	16	t
519	17	t
519	18	t
520	1	f
520	2	f
520	3	f
520	4	t
520	5	f
520	6	t
520	7	f
520	8	t
520	9	t
520	10	t
520	11	t
520	12	t
520	13	t
520	14	f
520	15	f
520	16	f
520	17	t
520	18	t
521	1	t
521	2	t
521	3	f
521	4	f
521	5	f
521	6	f
521	7	f
521	8	f
521	9	f
521	10	f
521	11	f
521	12	t
521	13	t
521	14	f
521	15	f
521	16	t
521	17	f
521	18	t
522	1	f
522	2	t
522	3	f
522	4	t
522	5	f
522	6	f
522	7	f
522	8	t
522	9	t
522	10	f
522	11	t
522	12	t
522	13	t
522	14	t
522	15	t
522	16	t
522	17	f
522	18	f
523	1	t
523	2	f
523	3	t
523	4	f
523	5	f
523	6	f
523	7	f
523	8	t
523	9	f
523	10	t
523	11	f
523	12	t
523	13	t
523	14	f
523	15	t
523	16	t
523	17	f
523	18	t
524	1	f
524	2	t
524	3	t
524	4	f
524	5	f
524	6	t
524	7	f
524	8	f
524	9	f
524	10	f
524	11	t
524	12	f
524	13	t
524	14	t
524	15	t
524	16	f
524	17	f
524	18	t
525	1	f
525	2	t
525	3	f
525	4	t
525	5	t
525	6	t
525	7	f
525	8	f
525	9	t
525	10	f
525	11	t
525	12	f
525	13	f
525	14	t
525	15	t
525	16	f
525	17	t
525	18	t
526	1	t
526	2	t
526	3	f
526	4	t
526	5	f
526	6	f
526	7	f
526	8	f
526	9	f
526	10	t
526	11	t
526	12	t
526	13	f
526	14	f
526	15	t
526	16	t
526	17	f
526	18	t
527	1	f
527	2	f
527	3	t
527	4	f
527	5	f
527	6	f
527	7	t
527	8	f
527	9	f
527	10	f
527	11	f
527	12	t
527	13	t
527	14	t
527	15	f
527	16	f
527	17	f
527	18	t
528	1	f
528	2	t
528	3	t
528	4	t
528	5	f
528	6	t
528	7	f
528	8	f
528	9	t
528	10	f
528	11	t
528	12	f
528	13	t
528	14	f
528	15	t
528	16	t
528	17	t
528	18	f
529	1	f
529	2	t
529	3	f
529	4	f
529	5	t
529	6	t
529	7	f
529	8	t
529	9	t
529	10	f
529	11	t
529	12	f
529	13	t
529	14	t
529	15	t
529	16	f
529	17	t
529	18	t
530	1	f
530	2	f
530	3	t
530	4	t
530	5	f
530	6	f
530	7	t
530	8	f
530	9	f
530	10	f
530	11	t
530	12	t
530	13	f
530	14	t
530	15	t
530	16	f
530	17	f
530	18	f
531	1	t
531	2	f
531	3	t
531	4	f
531	5	f
531	6	t
531	7	t
531	8	t
531	9	t
531	10	f
531	11	f
531	12	f
531	13	f
531	14	t
531	15	f
531	16	t
531	17	t
531	18	f
532	1	f
532	2	t
532	3	f
532	4	f
532	5	t
532	6	t
532	7	t
532	8	t
532	9	t
532	10	t
532	11	t
532	12	f
532	13	t
532	14	f
532	15	t
532	16	t
532	17	f
532	18	f
533	1	t
533	2	f
533	3	f
533	4	f
533	5	f
533	6	t
533	7	t
533	8	t
533	9	f
533	10	t
533	11	t
533	12	t
533	13	f
533	14	t
533	15	f
533	16	f
533	17	t
533	18	t
534	1	f
534	2	t
534	3	t
534	4	t
534	5	t
534	6	f
534	7	t
534	8	t
534	9	t
534	10	f
534	11	f
534	12	t
534	13	t
534	14	f
534	15	t
534	16	t
534	17	f
534	18	f
535	1	f
535	2	f
535	3	t
535	4	f
535	5	t
535	6	f
535	7	t
535	8	f
535	9	f
535	10	t
535	11	f
535	12	t
535	13	t
535	14	t
535	15	t
535	16	f
535	17	t
535	18	f
536	1	f
536	2	f
536	3	f
536	4	f
536	5	t
536	6	t
536	7	f
536	8	f
536	9	t
536	10	t
536	11	t
536	12	f
536	13	t
536	14	t
536	15	f
536	16	t
536	17	t
536	18	f
537	1	t
537	2	f
537	3	f
537	4	f
537	5	f
537	6	f
537	7	f
537	8	f
537	9	t
537	10	t
537	11	t
537	12	t
537	13	f
537	14	t
537	15	t
537	16	f
537	17	f
537	18	f
538	1	f
538	2	t
538	3	f
538	4	f
538	5	f
538	6	t
538	7	t
538	8	f
538	9	f
538	10	t
538	11	t
538	12	f
538	13	t
538	14	t
538	15	t
538	16	f
538	17	f
538	18	t
539	1	t
539	2	f
539	3	t
539	4	f
539	5	t
539	6	f
539	7	f
539	8	t
539	9	f
539	10	f
539	11	f
539	12	f
539	13	t
539	14	f
539	15	f
539	16	f
539	17	f
539	18	t
540	1	f
540	2	t
540	3	f
540	4	t
540	5	t
540	6	f
540	7	t
540	8	t
540	9	t
540	10	t
540	11	f
540	12	t
540	13	f
540	14	f
540	15	f
540	16	f
540	17	t
540	18	f
541	1	f
541	2	t
541	3	f
541	4	f
541	5	f
541	6	f
541	7	f
541	8	t
541	9	t
541	10	t
541	11	f
541	12	t
541	13	f
541	14	t
541	15	t
541	16	t
541	17	f
541	18	f
542	1	f
542	2	f
542	3	t
542	4	t
542	5	f
542	6	t
542	7	t
542	8	f
542	9	f
542	10	t
542	11	t
542	12	t
542	13	t
542	14	t
542	15	f
542	16	t
542	17	t
542	18	f
543	1	t
543	2	f
543	3	f
543	4	t
543	5	t
543	6	f
543	7	f
543	8	t
543	9	t
543	10	f
543	11	f
543	12	t
543	13	t
543	14	f
543	15	f
543	16	f
543	17	t
543	18	f
544	1	t
544	2	f
544	3	t
544	4	f
544	5	f
544	6	t
544	7	f
544	8	t
544	9	f
544	10	f
544	11	t
544	12	t
544	13	t
544	14	f
544	15	f
544	16	f
544	17	t
544	18	f
545	1	f
545	2	f
545	3	f
545	4	f
545	5	t
545	6	f
545	7	f
545	8	t
545	9	f
545	10	f
545	11	f
545	12	f
545	13	t
545	14	f
545	15	t
545	16	t
545	17	t
545	18	t
546	1	f
546	2	f
546	3	f
546	4	f
546	5	t
546	6	t
546	7	t
546	8	t
546	9	f
546	10	f
546	11	t
546	12	f
546	13	f
546	14	f
546	15	f
546	16	f
546	17	t
546	18	f
547	1	t
547	2	t
547	3	f
547	4	t
547	5	f
547	6	f
547	7	t
547	8	t
547	9	t
547	10	t
547	11	t
547	12	f
547	13	f
547	14	f
547	15	f
547	16	f
547	17	t
547	18	f
548	1	f
548	2	f
548	3	t
548	4	f
548	5	f
548	6	t
548	7	t
548	8	t
548	9	f
548	10	t
548	11	t
548	12	t
548	13	f
548	14	f
548	15	t
548	16	f
548	17	t
548	18	f
549	1	f
549	2	t
549	3	f
549	4	f
549	5	f
549	6	f
549	7	f
549	8	t
549	9	t
549	10	f
549	11	t
549	12	t
549	13	t
549	14	t
549	15	f
549	16	f
549	17	f
549	18	t
550	1	f
550	2	f
550	3	f
550	4	f
550	5	t
550	6	f
550	7	f
550	8	f
550	9	t
550	10	t
550	11	t
550	12	t
550	13	f
550	14	t
550	15	f
550	16	t
550	17	t
550	18	f
551	1	f
551	2	t
551	3	f
551	4	t
551	5	t
551	6	t
551	7	t
551	8	t
551	9	f
551	10	f
551	11	t
551	12	t
551	13	f
551	14	t
551	15	t
551	16	f
551	17	f
551	18	t
552	1	t
552	2	f
552	3	t
552	4	t
552	5	t
552	6	f
552	7	t
552	8	f
552	9	f
552	10	f
552	11	t
552	12	f
552	13	f
552	14	t
552	15	f
552	16	t
552	17	t
552	18	f
553	1	f
553	2	t
553	3	t
553	4	t
553	5	f
553	6	t
553	7	t
553	8	f
553	9	f
553	10	f
553	11	f
553	12	t
553	13	t
553	14	f
553	15	t
553	16	f
553	17	f
553	18	t
554	1	t
554	2	t
554	3	t
554	4	f
554	5	t
554	6	f
554	7	f
554	8	t
554	9	t
554	10	t
554	11	t
554	12	f
554	13	t
554	14	f
554	15	f
554	16	f
554	17	t
554	18	f
555	1	t
555	2	f
555	3	t
555	4	f
555	5	f
555	6	t
555	7	f
555	8	t
555	9	t
555	10	f
555	11	t
555	12	t
555	13	t
555	14	f
555	15	t
555	16	f
555	17	t
555	18	f
556	1	t
556	2	t
556	3	t
556	4	f
556	5	f
556	6	f
556	7	f
556	8	t
556	9	f
556	10	f
556	11	t
556	12	f
556	13	f
556	14	t
556	15	t
556	16	t
556	17	t
556	18	f
557	1	f
557	2	f
557	3	f
557	4	f
557	5	f
557	6	f
557	7	t
557	8	t
557	9	t
557	10	f
557	11	f
557	12	f
557	13	t
557	14	t
557	15	f
557	16	t
557	17	f
557	18	t
558	1	t
558	2	t
558	3	f
558	4	f
558	5	f
558	6	f
558	7	t
558	8	t
558	9	f
558	10	f
558	11	t
558	12	t
558	13	f
558	14	f
558	15	f
558	16	t
558	17	t
558	18	t
559	1	t
559	2	t
559	3	f
559	4	f
559	5	f
559	6	t
559	7	f
559	8	f
559	9	f
559	10	t
559	11	f
559	12	t
559	13	f
559	14	f
559	15	f
559	16	f
559	17	f
559	18	f
560	1	f
560	2	f
560	3	f
560	4	t
560	5	t
560	6	t
560	7	t
560	8	f
560	9	f
560	10	t
560	11	f
560	12	t
560	13	t
560	14	f
560	15	t
560	16	f
560	17	t
560	18	t
561	1	t
561	2	f
561	3	f
561	4	f
561	5	f
561	6	t
561	7	f
561	8	t
561	9	f
561	10	t
561	11	f
561	12	t
561	13	t
561	14	f
561	15	f
561	16	t
561	17	t
561	18	f
562	1	t
562	2	f
562	3	t
562	4	t
562	5	f
562	6	t
562	7	t
562	8	t
562	9	t
562	10	f
562	11	t
562	12	f
562	13	t
562	14	t
562	15	t
562	16	t
562	17	f
562	18	t
563	1	f
563	2	t
563	3	t
563	4	t
563	5	f
563	6	f
563	7	t
563	8	t
563	9	f
563	10	f
563	11	t
563	12	t
563	13	f
563	14	f
563	15	t
563	16	t
563	17	t
563	18	t
564	1	f
564	2	f
564	3	f
564	4	f
564	5	f
564	6	f
564	7	t
564	8	t
564	9	f
564	10	t
564	11	f
564	12	t
564	13	f
564	14	t
564	15	f
564	16	f
564	17	t
564	18	f
565	1	t
565	2	t
565	3	t
565	4	f
565	5	t
565	6	f
565	7	t
565	8	t
565	9	t
565	10	t
565	11	f
565	12	f
565	13	t
565	14	t
565	15	f
565	16	f
565	17	f
565	18	f
566	1	t
566	2	f
566	3	t
566	4	f
566	5	f
566	6	t
566	7	t
566	8	f
566	9	f
566	10	t
566	11	f
566	12	t
566	13	t
566	14	f
566	15	t
566	16	f
566	17	f
566	18	f
567	1	t
567	2	f
567	3	f
567	4	f
567	5	f
567	6	f
567	7	t
567	8	f
567	9	t
567	10	t
567	11	f
567	12	t
567	13	t
567	14	f
567	15	t
567	16	t
567	17	t
567	18	f
568	1	t
568	2	f
568	3	t
568	4	t
568	5	t
568	6	f
568	7	f
568	8	t
568	9	f
568	10	f
568	11	f
568	12	f
568	13	f
568	14	t
568	15	f
568	16	t
568	17	t
568	18	t
569	1	f
569	2	f
569	3	f
569	4	t
569	5	f
569	6	f
569	7	t
569	8	t
569	9	t
569	10	t
569	11	f
569	12	t
569	13	f
569	14	f
569	15	f
569	16	t
569	17	t
569	18	f
570	1	t
570	2	f
570	3	t
570	4	f
570	5	t
570	6	f
570	7	t
570	8	t
570	9	t
570	10	f
570	11	t
570	12	t
570	13	f
570	14	t
570	15	t
570	16	f
570	17	t
570	18	t
571	1	t
571	2	f
571	3	t
571	4	t
571	5	t
571	6	f
571	7	t
571	8	t
571	9	t
571	10	f
571	11	t
571	12	f
571	13	t
571	14	f
571	15	t
571	16	f
571	17	t
571	18	t
572	1	t
572	2	f
572	3	t
572	4	t
572	5	f
572	6	f
572	7	f
572	8	f
572	9	t
572	10	t
572	11	f
572	12	t
572	13	t
572	14	t
572	15	t
572	16	f
572	17	f
572	18	t
573	1	t
573	2	f
573	3	f
573	4	t
573	5	f
573	6	t
573	7	t
573	8	f
573	9	t
573	10	t
573	11	f
573	12	f
573	13	t
573	14	t
573	15	f
573	16	f
573	17	t
573	18	t
574	1	f
574	2	t
574	3	f
574	4	f
574	5	t
574	6	t
574	7	t
574	8	t
574	9	f
574	10	t
574	11	f
574	12	f
574	13	f
574	14	t
574	15	t
574	16	t
574	17	t
574	18	t
575	1	t
575	2	f
575	3	f
575	4	t
575	5	f
575	6	f
575	7	t
575	8	t
575	9	t
575	10	f
575	11	t
575	12	t
575	13	f
575	14	f
575	15	f
575	16	f
575	17	f
575	18	f
576	1	t
576	2	f
576	3	f
576	4	f
576	5	t
576	6	t
576	7	f
576	8	t
576	9	t
576	10	f
576	11	f
576	12	f
576	13	f
576	14	f
576	15	f
576	16	f
576	17	f
576	18	f
577	1	t
577	2	t
577	3	t
577	4	f
577	5	t
577	6	t
577	7	f
577	8	f
577	9	t
577	10	t
577	11	t
577	12	t
577	13	t
577	14	t
577	15	t
577	16	f
577	17	t
577	18	t
578	1	t
578	2	t
578	3	t
578	4	f
578	5	t
578	6	f
578	7	f
578	8	f
578	9	t
578	10	f
578	11	t
578	12	t
578	13	t
578	14	t
578	15	f
578	16	f
578	17	f
578	18	t
579	1	f
579	2	f
579	3	t
579	4	t
579	5	f
579	6	f
579	7	f
579	8	f
579	9	f
579	10	t
579	11	t
579	12	t
579	13	f
579	14	t
579	15	t
579	16	t
579	17	f
579	18	f
580	1	f
580	2	f
580	3	t
580	4	f
580	5	t
580	6	t
580	7	t
580	8	t
580	9	f
580	10	f
580	11	t
580	12	f
580	13	t
580	14	f
580	15	t
580	16	t
580	17	t
580	18	f
581	1	f
581	2	t
581	3	t
581	4	t
581	5	t
581	6	t
581	7	t
581	8	t
581	9	f
581	10	t
581	11	t
581	12	t
581	13	f
581	14	f
581	15	f
581	16	f
581	17	f
581	18	f
582	1	f
582	2	f
582	3	t
582	4	f
582	5	f
582	6	f
582	7	f
582	8	f
582	9	t
582	10	t
582	11	f
582	12	t
582	13	f
582	14	t
582	15	f
582	16	f
582	17	f
582	18	f
583	1	f
583	2	f
583	3	t
583	4	f
583	5	t
583	6	t
583	7	f
583	8	t
583	9	t
583	10	t
583	11	t
583	12	f
583	13	f
583	14	f
583	15	f
583	16	t
583	17	f
583	18	f
584	1	f
584	2	f
584	3	t
584	4	f
584	5	t
584	6	f
584	7	f
584	8	f
584	9	t
584	10	f
584	11	t
584	12	t
584	13	f
584	14	f
584	15	f
584	16	f
584	17	t
584	18	f
585	1	f
585	2	t
585	3	f
585	4	t
585	5	t
585	6	t
585	7	f
585	8	t
585	9	f
585	10	f
585	11	t
585	12	f
585	13	f
585	14	f
585	15	t
585	16	t
585	17	f
585	18	f
586	1	t
586	2	f
586	3	f
586	4	t
586	5	f
586	6	f
586	7	t
586	8	f
586	9	f
586	10	f
586	11	f
586	12	f
586	13	f
586	14	t
586	15	f
586	16	f
586	17	f
586	18	f
587	1	t
587	2	t
587	3	t
587	4	f
587	5	t
587	6	t
587	7	f
587	8	f
587	9	t
587	10	t
587	11	t
587	12	t
587	13	f
587	14	f
587	15	t
587	16	f
587	17	t
587	18	f
588	1	f
588	2	f
588	3	f
588	4	f
588	5	t
588	6	t
588	7	t
588	8	t
588	9	t
588	10	f
588	11	f
588	12	t
588	13	f
588	14	f
588	15	f
588	16	f
588	17	t
588	18	t
589	1	t
589	2	f
589	3	f
589	4	f
589	5	f
589	6	f
589	7	f
589	8	f
589	9	f
589	10	f
589	11	t
589	12	f
589	13	f
589	14	f
589	15	t
589	16	t
589	17	t
589	18	t
590	1	f
590	2	t
590	3	t
590	4	t
590	5	t
590	6	t
590	7	f
590	8	f
590	9	t
590	10	f
590	11	f
590	12	t
590	13	f
590	14	t
590	15	f
590	16	t
590	17	t
590	18	f
591	1	t
591	2	t
591	3	t
591	4	f
591	5	t
591	6	t
591	7	t
591	8	t
591	9	t
591	10	t
591	11	f
591	12	t
591	13	f
591	14	t
591	15	f
591	16	f
591	17	t
591	18	t
592	1	f
592	2	t
592	3	t
592	4	f
592	5	t
592	6	t
592	7	f
592	8	t
592	9	f
592	10	t
592	11	f
592	12	f
592	13	f
592	14	f
592	15	f
592	16	t
592	17	t
592	18	f
593	1	f
593	2	f
593	3	t
593	4	f
593	5	f
593	6	f
593	7	f
593	8	t
593	9	t
593	10	t
593	11	t
593	12	t
593	13	f
593	14	f
593	15	t
593	16	f
593	17	f
593	18	f
594	1	f
594	2	t
594	3	f
594	4	f
594	5	t
594	6	f
594	7	f
594	8	t
594	9	t
594	10	f
594	11	t
594	12	f
594	13	f
594	14	t
594	15	f
594	16	t
594	17	f
594	18	f
595	1	f
595	2	t
595	3	t
595	4	t
595	5	f
595	6	t
595	7	t
595	8	t
595	9	t
595	10	f
595	11	f
595	12	t
595	13	t
595	14	f
595	15	f
595	16	f
595	17	f
595	18	t
596	1	t
596	2	f
596	3	f
596	4	t
596	5	t
596	6	f
596	7	f
596	8	t
596	9	f
596	10	t
596	11	f
596	12	f
596	13	t
596	14	f
596	15	t
596	16	f
596	17	f
596	18	t
597	1	t
597	2	f
597	3	t
597	4	t
597	5	f
597	6	t
597	7	t
597	8	t
597	9	f
597	10	t
597	11	f
597	12	t
597	13	t
597	14	t
597	15	f
597	16	t
597	17	t
597	18	f
598	1	t
598	2	t
598	3	f
598	4	t
598	5	t
598	6	f
598	7	f
598	8	f
598	9	f
598	10	t
598	11	t
598	12	f
598	13	t
598	14	t
598	15	f
598	16	f
598	17	f
598	18	f
599	1	t
599	2	t
599	3	t
599	4	f
599	5	t
599	6	f
599	7	t
599	8	f
599	9	t
599	10	f
599	11	t
599	12	f
599	13	t
599	14	t
599	15	t
599	16	f
599	17	f
599	18	t
600	1	f
600	2	t
600	3	f
600	4	f
600	5	t
600	6	t
600	7	t
600	8	f
600	9	f
600	10	f
600	11	f
600	12	t
600	13	t
600	14	t
600	15	f
600	16	t
600	17	t
600	18	f
1	19	f
1	20	f
1	21	f
2	19	t
2	20	t
2	21	t
3	19	t
3	20	f
3	21	f
4	19	f
4	20	t
4	21	t
5	19	t
5	20	t
5	21	f
6	19	t
6	20	f
6	21	t
7	19	f
7	20	t
7	21	t
8	19	f
8	20	t
8	21	t
9	19	f
9	20	t
9	21	f
10	19	f
10	20	t
10	21	f
11	19	f
11	20	t
11	21	t
12	19	t
12	20	f
12	21	t
13	19	f
13	20	t
13	21	f
14	19	f
14	20	f
14	21	f
15	19	f
15	20	t
15	21	t
16	19	t
16	20	t
16	21	f
17	19	t
17	20	t
17	21	f
18	19	f
18	20	t
18	21	f
19	19	f
19	20	t
19	21	t
20	19	t
20	20	t
20	21	t
21	19	f
21	20	f
21	21	f
22	19	t
22	20	f
22	21	f
23	19	t
23	20	t
23	21	t
24	19	t
24	20	t
24	21	t
25	19	f
25	20	f
25	21	f
26	19	f
26	20	f
26	21	t
27	19	t
27	20	f
27	21	t
28	19	t
28	20	t
28	21	f
29	19	t
29	20	f
29	21	f
30	19	f
30	20	t
30	21	t
31	19	t
31	20	t
31	21	f
32	19	f
32	20	f
32	21	f
33	19	t
33	20	f
33	21	t
34	19	f
34	20	t
34	21	f
35	19	f
35	20	t
35	21	t
36	19	t
36	20	t
36	21	f
37	19	t
37	20	t
37	21	f
38	19	t
38	20	t
38	21	f
39	19	f
39	20	t
39	21	f
40	19	f
40	20	f
40	21	f
41	19	f
41	20	t
41	21	f
42	19	t
42	20	f
42	21	t
43	19	f
43	20	t
43	21	t
44	19	t
44	20	t
44	21	f
45	19	t
45	20	t
45	21	t
46	19	t
46	20	t
46	21	f
47	19	f
47	20	f
47	21	f
48	19	t
48	20	t
48	21	t
49	19	t
49	20	t
49	21	t
50	19	f
50	20	t
50	21	t
51	19	f
51	20	f
51	21	t
52	19	t
52	20	f
52	21	f
53	19	f
53	20	f
53	21	t
54	19	t
54	20	t
54	21	t
55	19	t
55	20	t
55	21	f
56	19	t
56	20	t
56	21	f
57	19	f
57	20	t
57	21	f
58	19	t
58	20	t
58	21	f
59	19	t
59	20	t
59	21	f
60	19	f
60	20	f
60	21	t
61	19	f
61	20	f
61	21	t
62	19	t
62	20	f
62	21	f
63	19	t
63	20	f
63	21	t
64	19	t
64	20	f
64	21	t
65	19	f
65	20	f
65	21	t
66	19	t
66	20	f
66	21	t
67	19	t
67	20	t
67	21	t
68	19	t
68	20	f
68	21	f
69	19	t
69	20	t
69	21	f
70	19	t
70	20	f
70	21	t
71	19	f
71	20	f
71	21	t
72	19	f
72	20	f
72	21	f
73	19	t
73	20	f
73	21	t
74	19	f
74	20	f
74	21	f
75	19	t
75	20	t
75	21	f
76	19	f
76	20	f
76	21	t
77	19	t
77	20	t
77	21	f
78	19	t
78	20	t
78	21	f
79	19	t
79	20	f
79	21	f
80	19	t
80	20	t
80	21	t
81	19	f
81	20	t
81	21	t
82	19	f
82	20	t
82	21	t
83	19	f
83	20	f
83	21	t
84	19	f
84	20	t
84	21	f
85	19	t
85	20	t
85	21	f
86	19	t
86	20	f
86	21	f
87	19	f
87	20	t
87	21	f
88	19	f
88	20	f
88	21	f
89	19	t
89	20	f
89	21	f
90	19	t
90	20	f
90	21	t
91	19	f
91	20	t
91	21	f
92	19	f
92	20	t
92	21	t
93	19	t
93	20	t
93	21	t
94	19	t
94	20	t
94	21	f
95	19	f
95	20	t
95	21	t
96	19	t
96	20	t
96	21	t
97	19	t
97	20	t
97	21	f
98	19	f
98	20	f
98	21	f
99	19	t
99	20	t
99	21	t
100	19	f
100	20	t
100	21	f
101	19	f
101	20	f
101	21	f
102	19	t
102	20	t
102	21	f
103	19	f
103	20	f
103	21	t
104	19	f
104	20	f
104	21	t
105	19	t
105	20	f
105	21	f
106	19	f
106	20	t
106	21	f
107	19	t
107	20	t
107	21	t
108	19	t
108	20	t
108	21	t
109	19	t
109	20	f
109	21	f
110	19	t
110	20	f
110	21	f
111	19	t
111	20	f
111	21	f
112	19	t
112	20	t
112	21	t
113	19	t
113	20	t
113	21	f
114	19	f
114	20	f
114	21	t
115	19	f
115	20	f
115	21	t
116	19	f
116	20	t
116	21	t
117	19	t
117	20	t
117	21	t
118	19	f
118	20	f
118	21	t
119	19	t
119	20	t
119	21	t
120	19	t
120	20	t
120	21	f
121	19	t
121	20	t
121	21	f
122	19	f
122	20	t
122	21	t
123	19	f
123	20	f
123	21	t
124	19	f
124	20	f
124	21	f
125	19	f
125	20	t
125	21	f
126	19	t
126	20	f
126	21	f
127	19	f
127	20	f
127	21	f
128	19	f
128	20	f
128	21	t
129	19	t
129	20	t
129	21	t
130	19	t
130	20	t
130	21	f
131	19	f
131	20	t
131	21	t
132	19	f
132	20	f
132	21	t
133	19	f
133	20	t
133	21	f
134	19	t
134	20	f
134	21	t
135	19	f
135	20	t
135	21	t
136	19	t
136	20	f
136	21	t
137	19	f
137	20	t
137	21	f
138	19	t
138	20	f
138	21	t
139	19	t
139	20	f
139	21	f
140	19	f
140	20	f
140	21	f
141	19	t
141	20	t
141	21	t
142	19	f
142	20	f
142	21	t
143	19	t
143	20	t
143	21	f
144	19	t
144	20	t
144	21	t
145	19	t
145	20	t
145	21	f
146	19	f
146	20	f
146	21	t
147	19	f
147	20	t
147	21	t
148	19	t
148	20	t
148	21	t
149	19	t
149	20	f
149	21	t
150	19	t
150	20	t
150	21	f
151	19	t
151	20	f
151	21	t
152	19	t
152	20	f
152	21	t
153	19	t
153	20	t
153	21	t
154	19	t
154	20	t
154	21	f
155	19	f
155	20	f
155	21	f
156	19	f
156	20	f
156	21	f
157	19	t
157	20	f
157	21	f
158	19	t
158	20	f
158	21	f
159	19	f
159	20	f
159	21	t
160	19	f
160	20	t
160	21	f
161	19	f
161	20	f
161	21	f
162	19	f
162	20	f
162	21	f
163	19	f
163	20	t
163	21	f
164	19	t
164	20	t
164	21	f
165	19	f
165	20	t
165	21	t
166	19	f
166	20	t
166	21	f
167	19	f
167	20	t
167	21	f
168	19	t
168	20	t
168	21	f
169	19	f
169	20	f
169	21	t
170	19	f
170	20	t
170	21	f
171	19	t
171	20	t
171	21	t
172	19	f
172	20	t
172	21	t
173	19	t
173	20	t
173	21	f
174	19	f
174	20	t
174	21	f
175	19	f
175	20	f
175	21	f
176	19	t
176	20	f
176	21	f
177	19	t
177	20	t
177	21	f
178	19	t
178	20	t
178	21	f
179	19	t
179	20	t
179	21	t
180	19	f
180	20	f
180	21	t
181	19	f
181	20	t
181	21	t
182	19	f
182	20	t
182	21	t
183	19	t
183	20	t
183	21	t
184	19	t
184	20	t
184	21	f
185	19	f
185	20	f
185	21	t
186	19	f
186	20	f
186	21	t
187	19	f
187	20	t
187	21	t
188	19	f
188	20	f
188	21	f
189	19	t
189	20	t
189	21	f
190	19	f
190	20	f
190	21	t
191	19	f
191	20	f
191	21	t
192	19	t
192	20	f
192	21	f
193	19	t
193	20	f
193	21	f
194	19	t
194	20	t
194	21	t
195	19	f
195	20	f
195	21	t
196	19	f
196	20	t
196	21	f
197	19	f
197	20	t
197	21	f
198	19	f
198	20	t
198	21	f
199	19	t
199	20	t
199	21	t
200	19	f
200	20	f
200	21	f
201	19	f
201	20	t
201	21	f
202	19	t
202	20	t
202	21	f
203	19	t
203	20	f
203	21	t
204	19	t
204	20	t
204	21	t
205	19	f
205	20	t
205	21	t
206	19	f
206	20	f
206	21	f
207	19	f
207	20	f
207	21	t
208	19	t
208	20	t
208	21	t
209	19	t
209	20	f
209	21	f
210	19	f
210	20	f
210	21	t
211	19	t
211	20	t
211	21	t
212	19	f
212	20	f
212	21	t
213	19	t
213	20	f
213	21	t
214	19	t
214	20	t
214	21	f
215	19	f
215	20	t
215	21	f
216	19	t
216	20	f
216	21	t
217	19	f
217	20	t
217	21	f
218	19	t
218	20	t
218	21	t
219	19	t
219	20	t
219	21	f
220	19	t
220	20	f
220	21	t
221	19	t
221	20	t
221	21	t
222	19	f
222	20	t
222	21	f
223	19	t
223	20	f
223	21	f
224	19	f
224	20	t
224	21	t
225	19	t
225	20	f
225	21	f
226	19	f
226	20	f
226	21	f
227	19	t
227	20	t
227	21	t
228	19	f
228	20	f
228	21	t
229	19	t
229	20	t
229	21	t
230	19	f
230	20	f
230	21	t
231	19	f
231	20	f
231	21	f
232	19	f
232	20	f
232	21	t
233	19	f
233	20	t
233	21	f
234	19	t
234	20	f
234	21	f
235	19	t
235	20	f
235	21	t
236	19	t
236	20	t
236	21	t
237	19	t
237	20	f
237	21	f
238	19	f
238	20	f
238	21	t
239	19	t
239	20	t
239	21	t
240	19	f
240	20	t
240	21	f
241	19	t
241	20	f
241	21	f
242	19	t
242	20	t
242	21	t
243	19	t
243	20	f
243	21	f
244	19	f
244	20	t
244	21	f
245	19	t
245	20	f
245	21	t
246	19	t
246	20	f
246	21	f
247	19	t
247	20	f
247	21	f
248	19	f
248	20	f
248	21	f
249	19	f
249	20	t
249	21	t
250	19	t
250	20	t
250	21	f
251	19	t
251	20	f
251	21	t
252	19	t
252	20	t
252	21	f
253	19	t
253	20	f
253	21	t
254	19	t
254	20	f
254	21	f
255	19	f
255	20	f
255	21	t
256	19	f
256	20	f
256	21	f
257	19	f
257	20	f
257	21	t
258	19	t
258	20	t
258	21	t
259	19	t
259	20	f
259	21	f
260	19	t
260	20	t
260	21	f
261	19	f
261	20	f
261	21	t
262	19	t
262	20	t
262	21	f
263	19	f
263	20	t
263	21	f
264	19	t
264	20	f
264	21	t
265	19	f
265	20	t
265	21	t
266	19	f
266	20	f
266	21	t
267	19	t
267	20	f
267	21	t
268	19	t
268	20	t
268	21	t
269	19	f
269	20	t
269	21	f
270	19	f
270	20	f
270	21	t
271	19	t
271	20	f
271	21	f
272	19	t
272	20	f
272	21	f
273	19	f
273	20	f
273	21	f
274	19	f
274	20	f
274	21	f
275	19	t
275	20	t
275	21	t
276	19	f
276	20	t
276	21	f
277	19	t
277	20	f
277	21	t
278	19	t
278	20	f
278	21	f
279	19	t
279	20	t
279	21	t
280	19	t
280	20	f
280	21	f
281	19	t
281	20	f
281	21	f
282	19	t
282	20	f
282	21	t
283	19	t
283	20	f
283	21	f
284	19	f
284	20	f
284	21	f
285	19	f
285	20	f
285	21	t
286	19	t
286	20	f
286	21	t
287	19	f
287	20	f
287	21	f
288	19	t
288	20	t
288	21	t
289	19	t
289	20	t
289	21	f
290	19	f
290	20	f
290	21	t
291	19	f
291	20	t
291	21	f
292	19	f
292	20	f
292	21	f
293	19	t
293	20	f
293	21	f
294	19	f
294	20	t
294	21	f
295	19	t
295	20	f
295	21	t
296	19	f
296	20	f
296	21	f
297	19	f
297	20	t
297	21	t
298	19	f
298	20	f
298	21	f
299	19	f
299	20	t
299	21	t
300	19	f
300	20	f
300	21	f
301	19	t
301	20	t
301	21	f
302	19	f
302	20	f
302	21	t
303	19	t
303	20	t
303	21	f
304	19	t
304	20	t
304	21	t
305	19	f
305	20	t
305	21	f
306	19	t
306	20	f
306	21	f
307	19	t
307	20	t
307	21	t
308	19	f
308	20	t
308	21	t
309	19	f
309	20	f
309	21	t
310	19	f
310	20	t
310	21	t
311	19	t
311	20	t
311	21	f
312	19	f
312	20	f
312	21	t
313	19	t
313	20	f
313	21	t
314	19	t
314	20	f
314	21	t
315	19	f
315	20	f
315	21	t
316	19	t
316	20	t
316	21	f
317	19	f
317	20	f
317	21	f
318	19	t
318	20	t
318	21	f
319	19	f
319	20	t
319	21	t
320	19	t
320	20	f
320	21	t
321	19	f
321	20	f
321	21	f
322	19	f
322	20	t
322	21	f
323	19	t
323	20	t
323	21	f
324	19	f
324	20	f
324	21	t
325	19	t
325	20	t
325	21	t
326	19	t
326	20	t
326	21	f
327	19	f
327	20	t
327	21	t
328	19	t
328	20	t
328	21	f
329	19	f
329	20	t
329	21	t
330	19	f
330	20	t
330	21	f
331	19	t
331	20	t
331	21	t
332	19	f
332	20	t
332	21	f
333	19	t
333	20	f
333	21	f
334	19	f
334	20	t
334	21	t
335	19	f
335	20	t
335	21	t
336	19	t
336	20	t
336	21	f
337	19	f
337	20	f
337	21	f
338	19	t
338	20	f
338	21	t
339	19	t
339	20	f
339	21	f
340	19	t
340	20	f
340	21	t
341	19	f
341	20	t
341	21	f
342	19	t
342	20	f
342	21	f
343	19	t
343	20	f
343	21	f
344	19	f
344	20	f
344	21	t
345	19	f
345	20	f
345	21	t
346	19	f
346	20	f
346	21	t
347	19	t
347	20	f
347	21	t
348	19	f
348	20	f
348	21	f
349	19	t
349	20	t
349	21	t
350	19	f
350	20	f
350	21	t
351	19	t
351	20	f
351	21	f
352	19	f
352	20	f
352	21	t
353	19	f
353	20	t
353	21	t
354	19	t
354	20	f
354	21	t
355	19	f
355	20	f
355	21	f
356	19	t
356	20	f
356	21	t
357	19	t
357	20	f
357	21	t
358	19	f
358	20	t
358	21	f
359	19	f
359	20	t
359	21	f
360	19	t
360	20	f
360	21	t
361	19	t
361	20	f
361	21	t
362	19	f
362	20	f
362	21	t
363	19	f
363	20	f
363	21	t
364	19	f
364	20	f
364	21	f
365	19	t
365	20	t
365	21	t
366	19	f
366	20	f
366	21	f
367	19	f
367	20	t
367	21	t
368	19	t
368	20	t
368	21	f
369	19	f
369	20	f
369	21	t
370	19	t
370	20	f
370	21	f
371	19	f
371	20	f
371	21	f
372	19	t
372	20	t
372	21	f
373	19	t
373	20	f
373	21	t
374	19	t
374	20	f
374	21	t
375	19	t
375	20	f
375	21	f
376	19	t
376	20	f
376	21	t
377	19	f
377	20	t
377	21	f
378	19	t
378	20	t
378	21	f
379	19	t
379	20	t
379	21	t
380	19	f
380	20	t
380	21	t
381	19	f
381	20	f
381	21	f
382	19	f
382	20	t
382	21	f
383	19	f
383	20	t
383	21	t
384	19	t
384	20	t
384	21	f
385	19	t
385	20	t
385	21	f
386	19	f
386	20	f
386	21	t
387	19	t
387	20	t
387	21	f
388	19	f
388	20	f
388	21	t
389	19	t
389	20	f
389	21	t
390	19	t
390	20	t
390	21	t
391	19	t
391	20	t
391	21	f
392	19	f
392	20	t
392	21	f
393	19	f
393	20	t
393	21	t
394	19	f
394	20	t
394	21	f
395	19	f
395	20	t
395	21	t
396	19	t
396	20	t
396	21	f
397	19	f
397	20	f
397	21	t
398	19	t
398	20	f
398	21	f
399	19	f
399	20	f
399	21	t
400	19	t
400	20	t
400	21	t
401	19	f
401	20	t
401	21	t
402	19	f
402	20	f
402	21	f
403	19	t
403	20	f
403	21	t
404	19	t
404	20	f
404	21	t
405	19	t
405	20	f
405	21	f
406	19	f
406	20	t
406	21	t
407	19	f
407	20	t
407	21	t
408	19	t
408	20	f
408	21	f
409	19	f
409	20	t
409	21	f
410	19	f
410	20	f
410	21	t
411	19	t
411	20	t
411	21	t
412	19	f
412	20	f
412	21	f
413	19	t
413	20	f
413	21	t
414	19	f
414	20	t
414	21	f
415	19	t
415	20	t
415	21	f
416	19	f
416	20	f
416	21	f
417	19	f
417	20	t
417	21	t
418	19	t
418	20	t
418	21	f
419	19	t
419	20	f
419	21	t
420	19	f
420	20	f
420	21	f
421	19	t
421	20	t
421	21	f
422	19	f
422	20	t
422	21	t
423	19	f
423	20	t
423	21	t
424	19	f
424	20	t
424	21	t
425	19	f
425	20	f
425	21	t
426	19	t
426	20	f
426	21	t
427	19	t
427	20	f
427	21	f
428	19	f
428	20	t
428	21	f
429	19	f
429	20	f
429	21	t
430	19	t
430	20	t
430	21	t
431	19	t
431	20	f
431	21	f
432	19	t
432	20	f
432	21	f
433	19	f
433	20	t
433	21	t
434	19	t
434	20	t
434	21	t
435	19	f
435	20	f
435	21	t
436	19	t
436	20	t
436	21	f
437	19	f
437	20	t
437	21	t
438	19	f
438	20	t
438	21	t
439	19	t
439	20	f
439	21	f
440	19	f
440	20	f
440	21	f
441	19	t
441	20	t
441	21	t
442	19	t
442	20	t
442	21	f
443	19	t
443	20	f
443	21	t
444	19	t
444	20	t
444	21	t
445	19	t
445	20	t
445	21	t
446	19	t
446	20	t
446	21	t
447	19	f
447	20	t
447	21	f
448	19	t
448	20	t
448	21	f
449	19	f
449	20	f
449	21	t
450	19	f
450	20	t
450	21	f
451	19	f
451	20	f
451	21	t
452	19	t
452	20	f
452	21	t
453	19	t
453	20	f
453	21	t
454	19	t
454	20	f
454	21	t
455	19	f
455	20	f
455	21	f
456	19	t
456	20	t
456	21	t
457	19	f
457	20	f
457	21	t
458	19	f
458	20	t
458	21	f
459	19	f
459	20	f
459	21	t
460	19	f
460	20	t
460	21	t
461	19	t
461	20	f
461	21	f
462	19	t
462	20	t
462	21	t
463	19	t
463	20	f
463	21	t
464	19	t
464	20	t
464	21	t
465	19	f
465	20	t
465	21	f
466	19	t
466	20	t
466	21	f
467	19	f
467	20	t
467	21	f
468	19	t
468	20	f
468	21	f
469	19	t
469	20	f
469	21	f
470	19	f
470	20	f
470	21	f
471	19	f
471	20	t
471	21	f
472	19	f
472	20	f
472	21	f
473	19	f
473	20	t
473	21	t
474	19	t
474	20	f
474	21	f
475	19	t
475	20	t
475	21	f
476	19	f
476	20	t
476	21	t
477	19	f
477	20	f
477	21	t
478	19	t
478	20	f
478	21	t
479	19	f
479	20	f
479	21	f
480	19	f
480	20	f
480	21	t
481	19	t
481	20	t
481	21	f
482	19	t
482	20	t
482	21	t
483	19	f
483	20	t
483	21	f
484	19	t
484	20	f
484	21	f
485	19	t
485	20	t
485	21	t
486	19	t
486	20	t
486	21	t
487	19	f
487	20	t
487	21	t
488	19	t
488	20	f
488	21	t
489	19	t
489	20	f
489	21	t
490	19	f
490	20	f
490	21	t
491	19	f
491	20	f
491	21	f
492	19	f
492	20	f
492	21	f
493	19	t
493	20	t
493	21	f
494	19	t
494	20	t
494	21	t
495	19	f
495	20	t
495	21	f
496	19	f
496	20	f
496	21	t
497	19	t
497	20	f
497	21	t
498	19	f
498	20	f
498	21	t
499	19	f
499	20	f
499	21	f
500	19	t
500	20	f
500	21	f
501	19	t
501	20	f
501	21	f
502	19	t
502	20	f
502	21	t
503	19	f
503	20	t
503	21	f
504	19	t
504	20	t
504	21	f
505	19	t
505	20	f
505	21	t
506	19	f
506	20	f
506	21	f
507	19	t
507	20	f
507	21	f
508	19	t
508	20	f
508	21	f
509	19	f
509	20	t
509	21	t
510	19	t
510	20	t
510	21	t
511	19	f
511	20	t
511	21	f
512	19	f
512	20	f
512	21	f
513	19	t
513	20	t
513	21	f
514	19	t
514	20	t
514	21	t
515	19	t
515	20	f
515	21	f
516	19	f
516	20	f
516	21	f
517	19	f
517	20	t
517	21	t
518	19	f
518	20	t
518	21	t
519	19	t
519	20	t
519	21	f
520	19	f
520	20	t
520	21	f
521	19	f
521	20	f
521	21	f
522	19	t
522	20	t
522	21	t
523	19	f
523	20	t
523	21	f
524	19	t
524	20	t
524	21	f
525	19	t
525	20	t
525	21	t
526	19	t
526	20	t
526	21	t
527	19	t
527	20	f
527	21	f
528	19	f
528	20	t
528	21	f
529	19	t
529	20	t
529	21	f
530	19	t
530	20	f
530	21	f
531	19	t
531	20	f
531	21	f
532	19	f
532	20	f
532	21	t
533	19	t
533	20	t
533	21	f
534	19	t
534	20	t
534	21	f
535	19	f
535	20	t
535	21	f
536	19	t
536	20	t
536	21	f
537	19	t
537	20	t
537	21	t
538	19	f
538	20	f
538	21	f
539	19	f
539	20	f
539	21	f
540	19	t
540	20	f
540	21	t
541	19	f
541	20	f
541	21	f
542	19	f
542	20	f
542	21	t
543	19	f
543	20	t
543	21	t
544	19	t
544	20	f
544	21	t
545	19	f
545	20	t
545	21	f
546	19	t
546	20	f
546	21	t
547	19	f
547	20	f
547	21	t
548	19	f
548	20	f
548	21	t
549	19	f
549	20	f
549	21	t
550	19	f
550	20	t
550	21	f
551	19	f
551	20	f
551	21	t
552	19	t
552	20	t
552	21	t
553	19	f
553	20	f
553	21	f
554	19	f
554	20	t
554	21	t
555	19	t
555	20	f
555	21	f
556	19	f
556	20	t
556	21	f
557	19	t
557	20	t
557	21	f
558	19	t
558	20	f
558	21	t
559	19	t
559	20	t
559	21	t
560	19	t
560	20	f
560	21	f
561	19	f
561	20	t
561	21	f
562	19	f
562	20	f
562	21	t
563	19	t
563	20	t
563	21	t
564	19	f
564	20	t
564	21	f
565	19	f
565	20	t
565	21	t
566	19	f
566	20	f
566	21	t
567	19	t
567	20	f
567	21	t
568	19	f
568	20	f
568	21	f
569	19	f
569	20	t
569	21	f
570	19	t
570	20	t
570	21	f
571	19	t
571	20	t
571	21	t
572	19	f
572	20	t
572	21	t
573	19	t
573	20	t
573	21	f
574	19	t
574	20	t
574	21	t
575	19	f
575	20	f
575	21	f
576	19	t
576	20	f
576	21	f
577	19	f
577	20	f
577	21	f
578	19	f
578	20	f
578	21	t
579	19	f
579	20	t
579	21	t
580	19	t
580	20	t
580	21	f
581	19	t
581	20	t
581	21	f
582	19	f
582	20	f
582	21	t
583	19	t
583	20	t
583	21	t
584	19	f
584	20	f
584	21	f
585	19	t
585	20	t
585	21	t
586	19	f
586	20	f
586	21	f
587	19	t
587	20	t
587	21	t
588	19	f
588	20	t
588	21	f
589	19	t
589	20	t
589	21	t
590	19	t
590	20	t
590	21	f
591	19	t
591	20	f
591	21	t
592	19	t
592	20	t
592	21	f
593	19	f
593	20	f
593	21	t
594	19	t
594	20	f
594	21	f
595	19	t
595	20	t
595	21	t
596	19	f
596	20	f
596	21	t
597	19	f
597	20	t
597	21	t
598	19	t
598	20	t
598	21	f
599	19	t
599	20	t
599	21	t
600	19	t
600	20	f
600	21	f
601	1	t
601	2	f
601	3	t
601	4	t
601	5	f
601	6	t
601	7	t
601	8	t
601	9	f
601	10	t
601	11	t
601	12	t
601	13	t
601	14	t
601	15	f
601	16	f
601	17	t
601	18	t
601	19	t
601	20	t
601	21	t
602	1	f
602	2	f
602	3	t
602	4	t
602	5	f
602	6	t
602	7	t
602	8	f
602	9	t
602	10	f
602	11	f
602	12	f
602	13	t
602	14	t
602	15	t
602	16	f
602	17	f
602	18	t
602	19	t
602	20	t
602	21	t
603	1	t
603	2	f
603	3	t
603	4	t
603	5	f
603	6	t
603	7	t
603	8	f
603	9	f
603	10	t
603	11	t
603	12	t
603	13	t
603	14	t
603	15	t
603	16	f
603	17	t
603	18	t
603	19	f
603	20	f
603	21	t
604	1	t
604	2	t
604	3	f
604	4	f
604	5	f
604	6	f
604	7	f
604	8	t
604	9	f
604	10	t
604	11	t
604	12	f
604	13	t
604	14	f
604	15	t
604	16	f
604	17	t
604	18	t
604	19	t
604	20	t
604	21	t
605	1	f
605	2	f
605	3	t
605	4	f
605	5	t
605	6	f
605	7	t
605	8	f
605	9	f
605	10	t
605	11	f
605	12	t
605	13	t
605	14	f
605	15	t
605	16	f
605	17	f
605	18	t
605	19	t
605	20	f
605	21	t
606	1	t
606	2	f
606	3	t
606	4	f
606	5	f
606	6	f
606	7	t
606	8	f
606	9	t
606	10	f
606	11	f
606	12	t
606	13	f
606	14	f
606	15	t
606	16	t
606	17	t
606	18	t
606	19	f
606	20	t
606	21	f
607	1	t
607	2	t
607	3	t
607	4	f
607	5	t
607	6	f
607	7	f
607	8	t
607	9	f
607	10	f
607	11	t
607	12	f
607	13	t
607	14	f
607	15	f
607	16	t
607	17	f
607	18	f
607	19	f
607	20	f
607	21	f
608	1	t
608	2	t
608	3	t
608	4	t
608	5	f
608	6	f
608	7	t
608	8	f
608	9	t
608	10	t
608	11	t
608	12	f
608	13	f
608	14	t
608	15	f
608	16	f
608	17	f
608	18	f
608	19	f
608	20	t
608	21	t
609	1	f
609	2	f
609	3	f
609	4	f
609	5	f
609	6	f
609	7	f
609	8	f
609	9	t
609	10	f
609	11	f
609	12	t
609	13	t
609	14	f
609	15	f
609	16	f
609	17	t
609	18	t
609	19	t
609	20	f
609	21	t
610	1	t
610	2	f
610	3	f
610	4	t
610	5	f
610	6	t
610	7	f
610	8	f
610	9	t
610	10	f
610	11	t
610	12	f
610	13	f
610	14	t
610	15	f
610	16	t
610	17	t
610	18	f
610	19	t
610	20	t
610	21	t
611	1	f
611	2	t
611	3	t
611	4	t
611	5	t
611	6	f
611	7	t
611	8	t
611	9	t
611	10	f
611	11	t
611	12	f
611	13	f
611	14	f
611	15	f
611	16	f
611	17	t
611	18	f
611	19	f
611	20	t
611	21	t
612	1	t
612	2	t
612	3	f
612	4	f
612	5	f
612	6	f
612	7	t
612	8	t
612	9	f
612	10	f
612	11	t
612	12	t
612	13	f
612	14	t
612	15	f
612	16	f
612	17	t
612	18	t
612	19	t
612	20	f
612	21	f
613	1	f
613	2	f
613	3	t
613	4	f
613	5	f
613	6	f
613	7	f
613	8	t
613	9	f
613	10	t
613	11	t
613	12	t
613	13	t
613	14	f
613	15	f
613	16	f
613	17	t
613	18	f
613	19	f
613	20	f
613	21	f
614	1	t
614	2	t
614	3	f
614	4	f
614	5	f
614	6	f
614	7	t
614	8	t
614	9	t
614	10	f
614	11	f
614	12	f
614	13	f
614	14	t
614	15	f
614	16	t
614	17	f
614	18	f
614	19	t
614	20	t
614	21	f
615	1	f
615	2	f
615	3	t
615	4	f
615	5	f
615	6	t
615	7	t
615	8	t
615	9	f
615	10	f
615	11	t
615	12	t
615	13	t
615	14	f
615	15	t
615	16	t
615	17	t
615	18	f
615	19	t
615	20	t
615	21	t
616	1	f
616	2	t
616	3	f
616	4	f
616	5	t
616	6	t
616	7	t
616	8	f
616	9	t
616	10	t
616	11	t
616	12	f
616	13	t
616	14	t
616	15	f
616	16	f
616	17	t
616	18	f
616	19	t
616	20	f
616	21	f
617	1	t
617	2	f
617	3	f
617	4	f
617	5	t
617	6	t
617	7	t
617	8	f
617	9	t
617	10	t
617	11	f
617	12	t
617	13	f
617	14	f
617	15	t
617	16	f
617	17	f
617	18	f
617	19	t
617	20	f
617	21	t
618	1	f
618	2	t
618	3	t
618	4	f
618	5	t
618	6	f
618	7	t
618	8	t
618	9	t
618	10	t
618	11	t
618	12	f
618	13	f
618	14	f
618	15	f
618	16	f
618	17	f
618	18	t
618	19	f
618	20	t
618	21	f
619	1	f
619	2	f
619	3	t
619	4	t
619	5	t
619	6	t
619	7	t
619	8	t
619	9	f
619	10	f
619	11	f
619	12	f
619	13	f
619	14	f
619	15	f
619	16	f
619	17	t
619	18	t
619	19	f
619	20	f
619	21	f
620	1	t
620	2	f
620	3	t
620	4	f
620	5	f
620	6	t
620	7	f
620	8	t
620	9	f
620	10	f
620	11	f
620	12	t
620	13	f
620	14	f
620	15	t
620	16	t
620	17	f
620	18	f
620	19	f
620	20	f
620	21	f
621	1	t
621	2	t
621	3	f
621	4	t
621	5	t
621	6	f
621	7	t
621	8	f
621	9	t
621	10	f
621	11	t
621	12	t
621	13	t
621	14	t
621	15	t
621	16	t
621	17	f
621	18	t
621	19	t
621	20	f
621	21	f
622	1	t
622	2	t
622	3	f
622	4	f
622	5	t
622	6	f
622	7	t
622	8	f
622	9	f
622	10	t
622	11	f
622	12	t
622	13	f
622	14	f
622	15	t
622	16	f
622	17	f
622	18	f
622	19	f
622	20	t
622	21	f
623	1	f
623	2	f
623	3	f
623	4	f
623	5	t
623	6	f
623	7	t
623	8	t
623	9	t
623	10	f
623	11	f
623	12	t
623	13	f
623	14	t
623	15	t
623	16	f
623	17	t
623	18	f
623	19	f
623	20	f
623	21	f
624	1	t
624	2	f
624	3	t
624	4	t
624	5	f
624	6	f
624	7	f
624	8	f
624	9	t
624	10	t
624	11	f
624	12	t
624	13	f
624	14	t
624	15	t
624	16	f
624	17	t
624	18	t
624	19	t
624	20	f
624	21	t
625	1	f
625	2	f
625	3	f
625	4	t
625	5	t
625	6	f
625	7	t
625	8	f
625	9	f
625	10	f
625	11	t
625	12	t
625	13	f
625	14	f
625	15	t
625	16	t
625	17	t
625	18	t
625	19	t
625	20	f
625	21	f
626	1	t
626	2	f
626	3	f
626	4	f
626	5	t
626	6	f
626	7	t
626	8	f
626	9	t
626	10	f
626	11	f
626	12	f
626	13	f
626	14	t
626	15	f
626	16	t
626	17	t
626	18	f
626	19	f
626	20	t
626	21	f
627	1	f
627	2	t
627	3	f
627	4	t
627	5	t
627	6	t
627	7	f
627	8	f
627	9	t
627	10	f
627	11	f
627	12	f
627	13	t
627	14	f
627	15	f
627	16	t
627	17	f
627	18	t
627	19	f
627	20	f
627	21	f
628	1	f
628	2	t
628	3	f
628	4	t
628	5	t
628	6	t
628	7	f
628	8	f
628	9	f
628	10	f
628	11	t
628	12	f
628	13	f
628	14	f
628	15	f
628	16	f
628	17	t
628	18	t
628	19	t
628	20	f
628	21	t
629	1	t
629	2	f
629	3	t
629	4	f
629	5	f
629	6	t
629	7	t
629	8	f
629	9	f
629	10	t
629	11	t
629	12	f
629	13	f
629	14	t
629	15	f
629	16	f
629	17	t
629	18	t
629	19	t
629	20	f
629	21	f
630	1	t
630	2	f
630	3	t
630	4	t
630	5	t
630	6	t
630	7	f
630	8	t
630	9	t
630	10	f
630	11	t
630	12	t
630	13	f
630	14	t
630	15	f
630	16	f
630	17	f
630	18	t
630	19	f
630	20	t
630	21	f
631	1	f
631	2	f
631	3	t
631	4	t
631	5	t
631	6	t
631	7	t
631	8	f
631	9	t
631	10	f
631	11	t
631	12	f
631	13	f
631	14	f
631	15	t
631	16	f
631	17	t
631	18	f
631	19	t
631	20	f
631	21	f
632	1	f
632	2	f
632	3	f
632	4	t
632	5	f
632	6	t
632	7	f
632	8	t
632	9	f
632	10	f
632	11	f
632	12	f
632	13	t
632	14	t
632	15	f
632	16	t
632	17	t
632	18	t
632	19	t
632	20	f
632	21	t
633	1	f
633	2	f
633	3	f
633	4	f
633	5	t
633	6	t
633	7	t
633	8	t
633	9	f
633	10	t
633	11	f
633	12	t
633	13	t
633	14	t
633	15	t
633	16	f
633	17	t
633	18	f
633	19	f
633	20	f
633	21	t
634	1	f
634	2	t
634	3	t
634	4	f
634	5	f
634	6	f
634	7	f
634	8	f
634	9	t
634	10	f
634	11	t
634	12	f
634	13	f
634	14	t
634	15	t
634	16	t
634	17	f
634	18	f
634	19	t
634	20	t
634	21	f
635	1	t
635	2	f
635	3	t
635	4	t
635	5	t
635	6	t
635	7	f
635	8	f
635	9	t
635	10	f
635	11	f
635	12	t
635	13	f
635	14	t
635	15	t
635	16	f
635	17	t
635	18	t
635	19	f
635	20	f
635	21	t
636	1	f
636	2	t
636	3	f
636	4	f
636	5	f
636	6	f
636	7	f
636	8	t
636	9	t
636	10	f
636	11	t
636	12	t
636	13	t
636	14	f
636	15	t
636	16	f
636	17	t
636	18	f
636	19	f
636	20	t
636	21	f
637	1	f
637	2	f
637	3	f
637	4	t
637	5	f
637	6	t
637	7	f
637	8	f
637	9	f
637	10	f
637	11	f
637	12	t
637	13	f
637	14	t
637	15	t
637	16	t
637	17	f
637	18	t
637	19	t
637	20	t
637	21	f
638	1	f
638	2	t
638	3	f
638	4	t
638	5	f
638	6	f
638	7	f
638	8	f
638	9	f
638	10	f
638	11	f
638	12	f
638	13	t
638	14	f
638	15	t
638	16	f
638	17	t
638	18	f
638	19	t
638	20	f
638	21	t
639	1	t
639	2	t
639	3	t
639	4	f
639	5	f
639	6	f
639	7	f
639	8	t
639	9	t
639	10	t
639	11	f
639	12	t
639	13	f
639	14	t
639	15	f
639	16	t
639	17	f
639	18	f
639	19	f
639	20	t
639	21	t
640	1	t
640	2	t
640	3	t
640	4	t
640	5	t
640	6	f
640	7	t
640	8	f
640	9	f
640	10	t
640	11	f
640	12	t
640	13	f
640	14	f
640	15	f
640	16	f
640	17	t
640	18	t
640	19	t
640	20	f
640	21	t
641	1	f
641	2	f
641	3	t
641	4	t
641	5	t
641	6	t
641	7	t
641	8	t
641	9	t
641	10	f
641	11	f
641	12	f
641	13	t
641	14	f
641	15	f
641	16	t
641	17	f
641	18	t
641	19	t
641	20	t
641	21	t
642	1	f
642	2	t
642	3	t
642	4	f
642	5	t
642	6	t
642	7	f
642	8	t
642	9	t
642	10	t
642	11	f
642	12	t
642	13	t
642	14	t
642	15	f
642	16	f
642	17	t
642	18	f
642	19	f
642	20	t
642	21	t
643	1	t
643	2	f
643	3	t
643	4	t
643	5	t
643	6	t
643	7	f
643	8	t
643	9	t
643	10	f
643	11	t
643	12	t
643	13	t
643	14	f
643	15	f
643	16	f
643	17	t
643	18	f
643	19	t
643	20	t
643	21	t
644	1	f
644	2	t
644	3	t
644	4	f
644	5	t
644	6	t
644	7	f
644	8	f
644	9	t
644	10	t
644	11	t
644	12	f
644	13	f
644	14	f
644	15	t
644	16	f
644	17	f
644	18	t
644	19	t
644	20	t
644	21	t
645	1	f
645	2	f
645	3	t
645	4	t
645	5	f
645	6	f
645	7	f
645	8	f
645	9	t
645	10	f
645	11	t
645	12	f
645	13	t
645	14	f
645	15	f
645	16	t
645	17	t
645	18	f
645	19	f
645	20	f
645	21	t
646	1	t
646	2	t
646	3	f
646	4	f
646	5	f
646	6	f
646	7	f
646	8	f
646	9	t
646	10	t
646	11	f
646	12	f
646	13	t
646	14	f
646	15	f
646	16	t
646	17	f
646	18	f
646	19	f
646	20	t
646	21	t
647	1	t
647	2	t
647	3	f
647	4	t
647	5	t
647	6	t
647	7	t
647	8	f
647	9	f
647	10	t
647	11	t
647	12	t
647	13	t
647	14	t
647	15	f
647	16	f
647	17	f
647	18	t
647	19	t
647	20	f
647	21	t
648	1	f
648	2	t
648	3	f
648	4	f
648	5	f
648	6	f
648	7	f
648	8	f
648	9	t
648	10	t
648	11	t
648	12	t
648	13	f
648	14	f
648	15	t
648	16	f
648	17	f
648	18	t
648	19	f
648	20	f
648	21	t
649	1	t
649	2	f
649	3	t
649	4	f
649	5	f
649	6	t
649	7	t
649	8	t
649	9	f
649	10	t
649	11	t
649	12	t
649	13	f
649	14	f
649	15	t
649	16	f
649	17	t
649	18	t
649	19	t
649	20	t
649	21	t
650	1	t
650	2	t
650	3	f
650	4	f
650	5	t
650	6	f
650	7	f
650	8	t
650	9	f
650	10	f
650	11	t
650	12	t
650	13	t
650	14	t
650	15	t
650	16	t
650	17	t
650	18	t
650	19	f
650	20	t
650	21	f
651	1	f
651	2	f
651	3	f
651	4	f
651	5	t
651	6	t
651	7	f
651	8	f
651	9	t
651	10	t
651	11	f
651	12	f
651	13	t
651	14	f
651	15	f
651	16	t
651	17	t
651	18	f
651	19	t
651	20	f
651	21	f
652	1	t
652	2	t
652	3	t
652	4	t
652	5	t
652	6	f
652	7	t
652	8	t
652	9	f
652	10	t
652	11	t
652	12	f
652	13	f
652	14	f
652	15	t
652	16	t
652	17	f
652	18	t
652	19	t
652	20	t
652	21	t
653	1	t
653	2	f
653	3	f
653	4	t
653	5	f
653	6	f
653	7	f
653	8	t
653	9	f
653	10	f
653	11	f
653	12	f
653	13	t
653	14	t
653	15	t
653	16	f
653	17	t
653	18	t
653	19	f
653	20	t
653	21	f
654	1	f
654	2	f
654	3	f
654	4	f
654	5	t
654	6	t
654	7	t
654	8	t
654	9	f
654	10	f
654	11	f
654	12	f
654	13	f
654	14	t
654	15	f
654	16	f
654	17	t
654	18	t
654	19	t
654	20	f
654	21	t
655	1	t
655	2	f
655	3	t
655	4	f
655	5	t
655	6	f
655	7	t
655	8	t
655	9	t
655	10	f
655	11	t
655	12	f
655	13	t
655	14	t
655	15	f
655	16	f
655	17	t
655	18	f
655	19	f
655	20	f
655	21	f
656	1	f
656	2	f
656	3	t
656	4	f
656	5	f
656	6	f
656	7	t
656	8	f
656	9	t
656	10	f
656	11	f
656	12	t
656	13	t
656	14	t
656	15	t
656	16	f
656	17	f
656	18	f
656	19	t
656	20	f
656	21	t
657	1	t
657	2	t
657	3	f
657	4	f
657	5	t
657	6	t
657	7	f
657	8	f
657	9	f
657	10	t
657	11	f
657	12	t
657	13	f
657	14	t
657	15	t
657	16	f
657	17	f
657	18	f
657	19	f
657	20	t
657	21	f
658	1	f
658	2	t
658	3	t
658	4	f
658	5	f
658	6	f
658	7	f
658	8	f
658	9	f
658	10	f
658	11	f
658	12	t
658	13	f
658	14	f
658	15	f
658	16	t
658	17	f
658	18	f
658	19	t
658	20	f
658	21	t
659	1	f
659	2	t
659	3	t
659	4	t
659	5	t
659	6	f
659	7	t
659	8	f
659	9	t
659	10	f
659	11	f
659	12	f
659	13	f
659	14	t
659	15	t
659	16	t
659	17	t
659	18	t
659	19	t
659	20	f
659	21	t
660	1	f
660	2	f
660	3	t
660	4	t
660	5	f
660	6	t
660	7	t
660	8	f
660	9	t
660	10	t
660	11	f
660	12	t
660	13	f
660	14	t
660	15	t
660	16	t
660	17	t
660	18	f
660	19	f
660	20	f
660	21	f
661	1	t
661	2	t
661	3	f
661	4	f
661	5	t
661	6	f
661	7	t
661	8	f
661	9	t
661	10	t
661	11	f
661	12	f
661	13	f
661	14	t
661	15	t
661	16	f
661	17	t
661	18	t
661	19	t
661	20	f
661	21	f
662	1	f
662	2	t
662	3	f
662	4	t
662	5	t
662	6	t
662	7	f
662	8	f
662	9	f
662	10	t
662	11	t
662	12	t
662	13	t
662	14	f
662	15	f
662	16	t
662	17	f
662	18	t
662	19	t
662	20	t
662	21	f
663	1	t
663	2	f
663	3	f
663	4	t
663	5	f
663	6	t
663	7	f
663	8	t
663	9	t
663	10	f
663	11	f
663	12	f
663	13	t
663	14	f
663	15	t
663	16	f
663	17	t
663	18	t
663	19	f
663	20	f
663	21	t
664	1	f
664	2	f
664	3	t
664	4	t
664	5	f
664	6	f
664	7	t
664	8	f
664	9	f
664	10	t
664	11	f
664	12	t
664	13	f
664	14	f
664	15	t
664	16	f
664	17	f
664	18	f
664	19	t
664	20	f
664	21	f
665	1	f
665	2	f
665	3	f
665	4	t
665	5	f
665	6	t
665	7	f
665	8	f
665	9	f
665	10	t
665	11	f
665	12	f
665	13	f
665	14	f
665	15	t
665	16	t
665	17	f
665	18	f
665	19	f
665	20	f
665	21	t
666	1	t
666	2	f
666	3	t
666	4	t
666	5	t
666	6	t
666	7	f
666	8	t
666	9	f
666	10	f
666	11	t
666	12	f
666	13	t
666	14	t
666	15	t
666	16	f
666	17	t
666	18	f
666	19	t
666	20	f
666	21	t
667	1	f
667	2	f
667	3	t
667	4	t
667	5	f
667	6	t
667	7	f
667	8	f
667	9	t
667	10	f
667	11	f
667	12	t
667	13	t
667	14	t
667	15	t
667	16	t
667	17	f
667	18	f
667	19	t
667	20	t
667	21	t
668	1	t
668	2	t
668	3	t
668	4	f
668	5	t
668	6	f
668	7	f
668	8	t
668	9	f
668	10	t
668	11	f
668	12	f
668	13	f
668	14	t
668	15	t
668	16	f
668	17	t
668	18	t
668	19	f
668	20	f
668	21	t
669	1	t
669	2	f
669	3	t
669	4	t
669	5	t
669	6	t
669	7	t
669	8	f
669	9	t
669	10	f
669	11	f
669	12	t
669	13	t
669	14	f
669	15	t
669	16	t
669	17	f
669	18	f
669	19	f
669	20	f
669	21	t
670	1	t
670	2	f
670	3	f
670	4	t
670	5	f
670	6	t
670	7	f
670	8	t
670	9	f
670	10	f
670	11	f
670	12	f
670	13	t
670	14	f
670	15	f
670	16	f
670	17	f
670	18	f
670	19	t
670	20	t
670	21	t
671	1	t
671	2	t
671	3	t
671	4	f
671	5	t
671	6	f
671	7	f
671	8	f
671	9	t
671	10	f
671	11	f
671	12	f
671	13	t
671	14	t
671	15	f
671	16	t
671	17	t
671	18	f
671	19	t
671	20	t
671	21	f
672	1	t
672	2	t
672	3	t
672	4	f
672	5	f
672	6	f
672	7	t
672	8	t
672	9	f
672	10	f
672	11	f
672	12	t
672	13	t
672	14	f
672	15	f
672	16	t
672	17	f
672	18	t
672	19	t
672	20	f
672	21	f
673	1	f
673	2	t
673	3	f
673	4	t
673	5	t
673	6	t
673	7	f
673	8	t
673	9	t
673	10	t
673	11	t
673	12	f
673	13	f
673	14	t
673	15	f
673	16	f
673	17	t
673	18	f
673	19	f
673	20	f
673	21	t
674	1	t
674	2	f
674	3	t
674	4	f
674	5	t
674	6	t
674	7	t
674	8	t
674	9	f
674	10	t
674	11	f
674	12	t
674	13	f
674	14	t
674	15	f
674	16	t
674	17	t
674	18	t
674	19	t
674	20	t
674	21	f
675	1	t
675	2	t
675	3	t
675	4	t
675	5	f
675	6	f
675	7	f
675	8	f
675	9	t
675	10	t
675	11	t
675	12	t
675	13	f
675	14	t
675	15	t
675	16	t
675	17	t
675	18	f
675	19	t
675	20	t
675	21	t
676	1	t
676	2	f
676	3	f
676	4	t
676	5	f
676	6	t
676	7	f
676	8	f
676	9	t
676	10	t
676	11	t
676	12	t
676	13	t
676	14	f
676	15	t
676	16	f
676	17	t
676	18	f
676	19	t
676	20	t
676	21	t
677	1	f
677	2	t
677	3	f
677	4	f
677	5	t
677	6	t
677	7	t
677	8	t
677	9	f
677	10	t
677	11	f
677	12	f
677	13	f
677	14	t
677	15	t
677	16	f
677	17	t
677	18	t
677	19	t
677	20	t
677	21	t
678	1	f
678	2	t
678	3	f
678	4	f
678	5	t
678	6	t
678	7	f
678	8	f
678	9	t
678	10	t
678	11	t
678	12	t
678	13	t
678	14	f
678	15	t
678	16	f
678	17	f
678	18	f
678	19	f
678	20	t
678	21	t
679	1	f
679	2	f
679	3	t
679	4	t
679	5	t
679	6	t
679	7	f
679	8	t
679	9	f
679	10	t
679	11	f
679	12	t
679	13	f
679	14	t
679	15	t
679	16	t
679	17	f
679	18	f
679	19	f
679	20	f
679	21	t
680	1	f
680	2	f
680	3	t
680	4	f
680	5	t
680	6	f
680	7	t
680	8	t
680	9	t
680	10	f
680	11	f
680	12	t
680	13	t
680	14	f
680	15	t
680	16	t
680	17	f
680	18	t
680	19	f
680	20	t
680	21	f
681	1	f
681	2	f
681	3	f
681	4	f
681	5	f
681	6	f
681	7	t
681	8	f
681	9	f
681	10	t
681	11	t
681	12	t
681	13	f
681	14	f
681	15	t
681	16	t
681	17	t
681	18	t
681	19	t
681	20	t
681	21	f
682	1	t
682	2	f
682	3	t
682	4	t
682	5	t
682	6	t
682	7	f
682	8	t
682	9	f
682	10	f
682	11	f
682	12	f
682	13	t
682	14	t
682	15	f
682	16	f
682	17	t
682	18	t
682	19	t
682	20	t
682	21	f
683	1	f
683	2	f
683	3	f
683	4	t
683	5	t
683	6	f
683	7	t
683	8	t
683	9	t
683	10	t
683	11	t
683	12	f
683	13	t
683	14	f
683	15	f
683	16	t
683	17	t
683	18	t
683	19	f
683	20	t
683	21	f
684	1	t
684	2	t
684	3	f
684	4	f
684	5	f
684	6	f
684	7	t
684	8	f
684	9	f
684	10	f
684	11	f
684	12	f
684	13	f
684	14	f
684	15	f
684	16	t
684	17	t
684	18	f
684	19	t
684	20	t
684	21	t
685	1	t
685	2	f
685	3	t
685	4	t
685	5	f
685	6	t
685	7	f
685	8	t
685	9	f
685	10	t
685	11	t
685	12	t
685	13	f
685	14	t
685	15	f
685	16	t
685	17	t
685	18	t
685	19	t
685	20	t
685	21	f
686	1	f
686	2	t
686	3	f
686	4	t
686	5	t
686	6	f
686	7	t
686	8	t
686	9	t
686	10	t
686	11	f
686	12	t
686	13	f
686	14	t
686	15	t
686	16	f
686	17	f
686	18	f
686	19	f
686	20	t
686	21	f
687	1	f
687	2	f
687	3	t
687	4	t
687	5	f
687	6	f
687	7	f
687	8	t
687	9	t
687	10	f
687	11	f
687	12	t
687	13	t
687	14	t
687	15	t
687	16	f
687	17	f
687	18	f
687	19	t
687	20	t
687	21	t
688	1	t
688	2	t
688	3	f
688	4	t
688	5	t
688	6	f
688	7	t
688	8	f
688	9	t
688	10	f
688	11	f
688	12	f
688	13	f
688	14	t
688	15	t
688	16	t
688	17	t
688	18	t
688	19	f
688	20	t
688	21	f
689	1	t
689	2	f
689	3	t
689	4	t
689	5	f
689	6	f
689	7	t
689	8	t
689	9	f
689	10	t
689	11	f
689	12	f
689	13	f
689	14	t
689	15	t
689	16	t
689	17	f
689	18	t
689	19	f
689	20	f
689	21	f
690	1	f
690	2	t
690	3	f
690	4	f
690	5	f
690	6	f
690	7	t
690	8	f
690	9	f
690	10	f
690	11	t
690	12	t
690	13	f
690	14	f
690	15	f
690	16	f
690	17	t
690	18	f
690	19	f
690	20	f
690	21	t
691	1	f
691	2	t
691	3	t
691	4	t
691	5	f
691	6	f
691	7	f
691	8	t
691	9	f
691	10	t
691	11	t
691	12	t
691	13	f
691	14	f
691	15	f
691	16	f
691	17	f
691	18	f
691	19	f
691	20	t
691	21	f
692	1	f
692	2	f
692	3	t
692	4	f
692	5	f
692	6	f
692	7	t
692	8	t
692	9	t
692	10	t
692	11	t
692	12	t
692	13	t
692	14	f
692	15	f
692	16	t
692	17	t
692	18	f
692	19	t
692	20	t
692	21	f
693	1	f
693	2	t
693	3	f
693	4	f
693	5	f
693	6	f
693	7	t
693	8	f
693	9	t
693	10	f
693	11	t
693	12	f
693	13	f
693	14	t
693	15	t
693	16	f
693	17	f
693	18	f
693	19	f
693	20	t
693	21	t
694	1	t
694	2	t
694	3	f
694	4	t
694	5	f
694	6	f
694	7	t
694	8	t
694	9	t
694	10	t
694	11	t
694	12	f
694	13	t
694	14	t
694	15	f
694	16	f
694	17	t
694	18	t
694	19	f
694	20	f
694	21	t
695	1	t
695	2	t
695	3	t
695	4	f
695	5	t
695	6	f
695	7	f
695	8	f
695	9	t
695	10	t
695	11	t
695	12	t
695	13	t
695	14	t
695	15	f
695	16	f
695	17	f
695	18	f
695	19	t
695	20	t
695	21	f
696	1	f
696	2	t
696	3	f
696	4	f
696	5	f
696	6	f
696	7	t
696	8	t
696	9	t
696	10	t
696	11	f
696	12	f
696	13	t
696	14	t
696	15	t
696	16	f
696	17	t
696	18	f
696	19	t
696	20	f
696	21	t
697	1	t
697	2	f
697	3	t
697	4	f
697	5	t
697	6	f
697	7	f
697	8	t
697	9	f
697	10	f
697	11	f
697	12	f
697	13	f
697	14	f
697	15	f
697	16	f
697	17	f
697	18	t
697	19	t
697	20	f
697	21	t
698	1	f
698	2	f
698	3	f
698	4	t
698	5	t
698	6	t
698	7	f
698	8	f
698	9	f
698	10	f
698	11	f
698	12	f
698	13	t
698	14	f
698	15	t
698	16	t
698	17	f
698	18	t
698	19	f
698	20	f
698	21	t
699	1	t
699	2	f
699	3	f
699	4	f
699	5	t
699	6	t
699	7	t
699	8	f
699	9	f
699	10	t
699	11	t
699	12	t
699	13	t
699	14	f
699	15	f
699	16	f
699	17	t
699	18	f
699	19	t
699	20	f
699	21	t
700	1	t
700	2	t
700	3	f
700	4	t
700	5	f
700	6	f
700	7	t
700	8	f
700	9	f
700	10	t
700	11	t
700	12	t
700	13	f
700	14	t
700	15	t
700	16	t
700	17	f
700	18	f
700	19	f
700	20	f
700	21	f
1	22	f
1	23	f
1	24	t
2	22	f
2	23	t
2	24	t
3	22	f
3	23	t
3	24	t
4	22	t
4	23	f
4	24	t
5	22	f
5	23	t
5	24	t
6	22	f
6	23	f
6	24	f
7	22	f
7	23	t
7	24	t
8	22	f
8	23	t
8	24	f
9	22	f
9	23	t
9	24	f
10	22	f
10	23	f
10	24	t
11	22	f
11	23	f
11	24	t
12	22	t
12	23	f
12	24	f
13	22	t
13	23	t
13	24	t
14	22	t
14	23	t
14	24	f
15	22	f
15	23	f
15	24	f
16	22	t
16	23	f
16	24	f
17	22	t
17	23	f
17	24	t
18	22	t
18	23	f
18	24	t
19	22	t
19	23	f
19	24	t
20	22	f
20	23	t
20	24	t
21	22	f
21	23	f
21	24	t
22	22	f
22	23	f
22	24	f
23	22	f
23	23	t
23	24	f
24	22	t
24	23	t
24	24	t
25	22	f
25	23	f
25	24	f
26	22	f
26	23	f
26	24	t
27	22	t
27	23	f
27	24	f
28	22	f
28	23	f
28	24	f
29	22	f
29	23	t
29	24	f
30	22	t
30	23	f
30	24	t
31	22	f
31	23	t
31	24	f
32	22	t
32	23	t
32	24	t
33	22	t
33	23	f
33	24	f
34	22	f
34	23	f
34	24	t
35	22	t
35	23	f
35	24	t
36	22	t
36	23	t
36	24	f
37	22	t
37	23	t
37	24	f
38	22	f
38	23	f
38	24	t
39	22	t
39	23	t
39	24	f
40	22	f
40	23	t
40	24	f
41	22	t
41	23	t
41	24	f
42	22	f
42	23	f
42	24	t
43	22	f
43	23	f
43	24	f
44	22	f
44	23	t
44	24	f
45	22	t
45	23	f
45	24	t
46	22	t
46	23	t
46	24	t
47	22	f
47	23	t
47	24	f
48	22	t
48	23	t
48	24	t
49	22	f
49	23	t
49	24	t
50	22	t
50	23	f
50	24	f
51	22	f
51	23	t
51	24	f
52	22	f
52	23	t
52	24	t
53	22	f
53	23	f
53	24	f
54	22	f
54	23	f
54	24	t
55	22	t
55	23	f
55	24	f
56	22	t
56	23	f
56	24	f
57	22	t
57	23	f
57	24	t
58	22	f
58	23	f
58	24	f
59	22	f
59	23	f
59	24	f
60	22	f
60	23	f
60	24	f
61	22	f
61	23	t
61	24	f
62	22	f
62	23	f
62	24	f
63	22	t
63	23	f
63	24	f
64	22	f
64	23	f
64	24	t
65	22	f
65	23	f
65	24	t
66	22	f
66	23	f
66	24	t
67	22	t
67	23	f
67	24	f
68	22	f
68	23	f
68	24	f
69	22	t
69	23	t
69	24	f
70	22	t
70	23	f
70	24	f
71	22	t
71	23	f
71	24	f
72	22	t
72	23	f
72	24	t
73	22	f
73	23	f
73	24	t
74	22	t
74	23	f
74	24	f
75	22	f
75	23	f
75	24	t
76	22	t
76	23	t
76	24	t
77	22	t
77	23	f
77	24	t
78	22	f
78	23	t
78	24	t
79	22	t
79	23	t
79	24	f
80	22	f
80	23	t
80	24	f
81	22	f
81	23	t
81	24	f
82	22	t
82	23	t
82	24	f
83	22	f
83	23	f
83	24	t
84	22	t
84	23	t
84	24	t
85	22	t
85	23	f
85	24	f
86	22	f
86	23	t
86	24	t
87	22	f
87	23	t
87	24	f
88	22	f
88	23	f
88	24	t
89	22	f
89	23	f
89	24	f
90	22	t
90	23	f
90	24	f
91	22	t
91	23	t
91	24	f
92	22	t
92	23	t
92	24	f
93	22	t
93	23	f
93	24	t
94	22	f
94	23	t
94	24	f
95	22	t
95	23	t
95	24	t
96	22	t
96	23	f
96	24	t
97	22	t
97	23	t
97	24	t
98	22	t
98	23	f
98	24	f
99	22	f
99	23	t
99	24	f
100	22	t
100	23	t
100	24	f
101	22	t
101	23	f
101	24	f
102	22	f
102	23	f
102	24	f
103	22	t
103	23	f
103	24	f
104	22	t
104	23	f
104	24	t
105	22	f
105	23	f
105	24	f
106	22	t
106	23	t
106	24	f
107	22	f
107	23	f
107	24	t
108	22	f
108	23	f
108	24	t
109	22	f
109	23	f
109	24	t
110	22	f
110	23	f
110	24	f
111	22	f
111	23	t
111	24	f
112	22	f
112	23	f
112	24	f
113	22	f
113	23	f
113	24	t
114	22	t
114	23	t
114	24	f
115	22	t
115	23	f
115	24	f
116	22	t
116	23	f
116	24	t
117	22	f
117	23	f
117	24	f
118	22	t
118	23	f
118	24	f
119	22	f
119	23	f
119	24	t
120	22	t
120	23	t
120	24	t
121	22	f
121	23	f
121	24	f
122	22	f
122	23	t
122	24	f
123	22	f
123	23	t
123	24	t
124	22	f
124	23	f
124	24	t
125	22	t
125	23	t
125	24	t
126	22	t
126	23	f
126	24	f
127	22	t
127	23	t
127	24	t
128	22	t
128	23	t
128	24	t
129	22	f
129	23	t
129	24	f
130	22	f
130	23	f
130	24	t
131	22	f
131	23	t
131	24	f
132	22	t
132	23	t
132	24	t
133	22	f
133	23	f
133	24	t
134	22	t
134	23	f
134	24	f
135	22	f
135	23	f
135	24	f
136	22	f
136	23	t
136	24	t
137	22	f
137	23	f
137	24	t
138	22	t
138	23	f
138	24	f
139	22	t
139	23	t
139	24	f
140	22	t
140	23	f
140	24	f
141	22	t
141	23	t
141	24	t
142	22	t
142	23	t
142	24	t
143	22	t
143	23	f
143	24	f
144	22	t
144	23	t
144	24	f
145	22	t
145	23	t
145	24	t
146	22	t
146	23	f
146	24	t
147	22	t
147	23	f
147	24	f
148	22	t
148	23	f
148	24	f
149	22	t
149	23	t
149	24	f
150	22	t
150	23	f
150	24	f
151	22	t
151	23	f
151	24	f
152	22	t
152	23	f
152	24	f
153	22	f
153	23	t
153	24	f
154	22	f
154	23	f
154	24	f
155	22	f
155	23	t
155	24	t
156	22	f
156	23	f
156	24	t
157	22	t
157	23	t
157	24	f
158	22	t
158	23	t
158	24	t
159	22	t
159	23	f
159	24	f
160	22	t
160	23	f
160	24	t
161	22	t
161	23	f
161	24	f
162	22	f
162	23	t
162	24	f
163	22	f
163	23	f
163	24	f
164	22	t
164	23	f
164	24	t
165	22	t
165	23	t
165	24	t
166	22	f
166	23	f
166	24	f
167	22	t
167	23	f
167	24	t
168	22	f
168	23	t
168	24	t
169	22	f
169	23	t
169	24	f
170	22	t
170	23	t
170	24	t
171	22	t
171	23	f
171	24	t
172	22	t
172	23	t
172	24	t
173	22	f
173	23	f
173	24	f
174	22	f
174	23	t
174	24	t
175	22	t
175	23	t
175	24	f
176	22	f
176	23	t
176	24	t
177	22	t
177	23	t
177	24	f
178	22	f
178	23	f
178	24	t
179	22	f
179	23	t
179	24	t
180	22	f
180	23	t
180	24	t
181	22	f
181	23	f
181	24	f
182	22	t
182	23	t
182	24	t
183	22	t
183	23	f
183	24	t
184	22	t
184	23	t
184	24	t
185	22	t
185	23	t
185	24	f
186	22	t
186	23	t
186	24	t
187	22	t
187	23	f
187	24	t
188	22	t
188	23	f
188	24	f
189	22	t
189	23	f
189	24	t
190	22	f
190	23	t
190	24	t
191	22	t
191	23	f
191	24	f
192	22	f
192	23	f
192	24	f
193	22	t
193	23	t
193	24	f
194	22	f
194	23	f
194	24	t
195	22	t
195	23	f
195	24	f
196	22	f
196	23	f
196	24	f
197	22	f
197	23	f
197	24	t
198	22	f
198	23	t
198	24	t
199	22	t
199	23	t
199	24	t
200	22	f
200	23	t
200	24	t
201	22	t
201	23	f
201	24	f
202	22	f
202	23	f
202	24	t
203	22	f
203	23	t
203	24	t
204	22	t
204	23	f
204	24	t
205	22	f
205	23	f
205	24	f
206	22	f
206	23	t
206	24	t
207	22	t
207	23	f
207	24	t
208	22	t
208	23	f
208	24	f
209	22	t
209	23	t
209	24	f
210	22	f
210	23	f
210	24	f
211	22	t
211	23	t
211	24	f
212	22	t
212	23	f
212	24	f
213	22	t
213	23	f
213	24	t
214	22	t
214	23	f
214	24	f
215	22	t
215	23	t
215	24	f
216	22	t
216	23	f
216	24	f
217	22	t
217	23	t
217	24	f
218	22	t
218	23	t
218	24	f
219	22	t
219	23	t
219	24	t
220	22	t
220	23	t
220	24	f
221	22	f
221	23	t
221	24	f
222	22	t
222	23	f
222	24	f
223	22	t
223	23	f
223	24	f
224	22	t
224	23	f
224	24	f
225	22	f
225	23	f
225	24	f
226	22	f
226	23	f
226	24	f
227	22	t
227	23	f
227	24	t
228	22	t
228	23	t
228	24	t
229	22	t
229	23	f
229	24	t
230	22	t
230	23	f
230	24	t
231	22	f
231	23	t
231	24	t
232	22	t
232	23	t
232	24	f
233	22	t
233	23	f
233	24	f
234	22	t
234	23	t
234	24	f
235	22	f
235	23	f
235	24	t
236	22	f
236	23	t
236	24	f
237	22	t
237	23	t
237	24	t
238	22	t
238	23	f
238	24	t
239	22	t
239	23	f
239	24	t
240	22	t
240	23	f
240	24	f
241	22	t
241	23	t
241	24	f
242	22	f
242	23	t
242	24	f
243	22	f
243	23	t
243	24	f
244	22	f
244	23	t
244	24	t
245	22	f
245	23	t
245	24	t
246	22	f
246	23	f
246	24	f
247	22	t
247	23	t
247	24	f
248	22	t
248	23	t
248	24	t
249	22	t
249	23	f
249	24	f
250	22	t
250	23	t
250	24	f
251	22	t
251	23	t
251	24	t
252	22	f
252	23	t
252	24	f
253	22	f
253	23	t
253	24	t
254	22	t
254	23	f
254	24	t
255	22	t
255	23	t
255	24	t
256	22	t
256	23	t
256	24	f
257	22	f
257	23	f
257	24	f
258	22	t
258	23	f
258	24	t
259	22	f
259	23	f
259	24	f
260	22	t
260	23	t
260	24	f
261	22	t
261	23	t
261	24	t
262	22	f
262	23	f
262	24	f
263	22	f
263	23	t
263	24	t
264	22	t
264	23	t
264	24	t
265	22	f
265	23	t
265	24	f
266	22	t
266	23	t
266	24	t
267	22	t
267	23	f
267	24	t
268	22	t
268	23	t
268	24	t
269	22	f
269	23	f
269	24	f
270	22	t
270	23	t
270	24	t
271	22	f
271	23	t
271	24	t
272	22	t
272	23	t
272	24	t
273	22	f
273	23	t
273	24	t
274	22	t
274	23	f
274	24	t
275	22	t
275	23	t
275	24	t
276	22	t
276	23	t
276	24	t
277	22	t
277	23	t
277	24	f
278	22	f
278	23	f
278	24	f
279	22	f
279	23	f
279	24	f
280	22	f
280	23	t
280	24	t
281	22	f
281	23	f
281	24	f
282	22	f
282	23	f
282	24	f
283	22	f
283	23	f
283	24	f
284	22	t
284	23	t
284	24	t
285	22	t
285	23	f
285	24	t
286	22	t
286	23	t
286	24	t
287	22	t
287	23	t
287	24	f
288	22	t
288	23	t
288	24	t
289	22	f
289	23	f
289	24	f
290	22	f
290	23	f
290	24	f
291	22	f
291	23	f
291	24	t
292	22	f
292	23	f
292	24	f
293	22	f
293	23	f
293	24	t
294	22	t
294	23	f
294	24	f
295	22	f
295	23	f
295	24	f
296	22	f
296	23	f
296	24	t
297	22	t
297	23	f
297	24	t
298	22	f
298	23	f
298	24	f
299	22	t
299	23	f
299	24	t
300	22	f
300	23	f
300	24	t
301	22	t
301	23	t
301	24	f
302	22	t
302	23	t
302	24	t
303	22	f
303	23	f
303	24	t
304	22	f
304	23	t
304	24	f
305	22	t
305	23	f
305	24	f
306	22	f
306	23	t
306	24	f
307	22	f
307	23	f
307	24	f
308	22	f
308	23	f
308	24	f
309	22	f
309	23	f
309	24	f
310	22	t
310	23	f
310	24	t
311	22	f
311	23	t
311	24	t
312	22	f
312	23	t
312	24	t
313	22	f
313	23	t
313	24	f
314	22	f
314	23	f
314	24	f
315	22	t
315	23	f
315	24	f
316	22	f
316	23	f
316	24	t
317	22	t
317	23	t
317	24	f
318	22	f
318	23	t
318	24	t
319	22	t
319	23	t
319	24	f
320	22	t
320	23	f
320	24	t
321	22	t
321	23	t
321	24	t
322	22	f
322	23	t
322	24	t
323	22	f
323	23	t
323	24	f
324	22	f
324	23	f
324	24	f
325	22	f
325	23	f
325	24	t
326	22	f
326	23	t
326	24	t
327	22	f
327	23	t
327	24	t
328	22	t
328	23	f
328	24	t
329	22	t
329	23	t
329	24	t
330	22	t
330	23	f
330	24	t
331	22	f
331	23	f
331	24	f
332	22	f
332	23	t
332	24	f
333	22	t
333	23	f
333	24	f
334	22	t
334	23	f
334	24	f
335	22	t
335	23	t
335	24	t
336	22	t
336	23	f
336	24	f
337	22	f
337	23	t
337	24	t
338	22	t
338	23	f
338	24	t
339	22	f
339	23	t
339	24	t
340	22	t
340	23	f
340	24	f
341	22	t
341	23	t
341	24	t
342	22	f
342	23	t
342	24	f
343	22	f
343	23	f
343	24	f
344	22	f
344	23	t
344	24	t
345	22	f
345	23	t
345	24	f
346	22	t
346	23	t
346	24	t
347	22	f
347	23	f
347	24	f
348	22	f
348	23	f
348	24	t
349	22	t
349	23	f
349	24	t
350	22	t
350	23	t
350	24	t
351	22	f
351	23	f
351	24	f
352	22	f
352	23	t
352	24	f
353	22	f
353	23	f
353	24	t
354	22	t
354	23	t
354	24	t
355	22	t
355	23	t
355	24	f
356	22	t
356	23	f
356	24	t
357	22	f
357	23	t
357	24	t
358	22	f
358	23	t
358	24	f
359	22	f
359	23	t
359	24	f
360	22	f
360	23	t
360	24	f
361	22	f
361	23	f
361	24	f
362	22	t
362	23	f
362	24	f
363	22	t
363	23	t
363	24	t
364	22	t
364	23	f
364	24	t
365	22	f
365	23	t
365	24	f
366	22	f
366	23	f
366	24	t
367	22	t
367	23	f
367	24	f
368	22	t
368	23	f
368	24	f
369	22	t
369	23	t
369	24	t
370	22	t
370	23	t
370	24	f
371	22	f
371	23	f
371	24	f
372	22	f
372	23	t
372	24	f
373	22	f
373	23	t
373	24	f
374	22	f
374	23	f
374	24	t
375	22	t
375	23	t
375	24	t
376	22	f
376	23	f
376	24	f
377	22	t
377	23	t
377	24	f
378	22	f
378	23	t
378	24	f
379	22	t
379	23	f
379	24	t
380	22	f
380	23	f
380	24	f
381	22	f
381	23	f
381	24	t
382	22	f
382	23	t
382	24	t
383	22	t
383	23	f
383	24	t
384	22	f
384	23	t
384	24	t
385	22	t
385	23	t
385	24	f
386	22	f
386	23	t
386	24	f
387	22	f
387	23	f
387	24	f
388	22	t
388	23	f
388	24	t
389	22	t
389	23	f
389	24	f
390	22	t
390	23	t
390	24	f
391	22	t
391	23	f
391	24	t
392	22	f
392	23	t
392	24	f
393	22	t
393	23	t
393	24	t
394	22	t
394	23	t
394	24	t
395	22	t
395	23	t
395	24	f
396	22	f
396	23	t
396	24	f
397	22	t
397	23	t
397	24	t
398	22	t
398	23	f
398	24	f
399	22	f
399	23	f
399	24	f
400	22	f
400	23	f
400	24	f
401	22	t
401	23	t
401	24	t
402	22	t
402	23	f
402	24	t
403	22	t
403	23	f
403	24	f
404	22	t
404	23	f
404	24	t
405	22	t
405	23	f
405	24	t
406	22	f
406	23	t
406	24	t
407	22	f
407	23	t
407	24	f
408	22	t
408	23	f
408	24	t
409	22	f
409	23	f
409	24	f
410	22	f
410	23	t
410	24	t
411	22	t
411	23	f
411	24	f
412	22	f
412	23	t
412	24	f
413	22	f
413	23	f
413	24	t
414	22	f
414	23	t
414	24	t
415	22	f
415	23	f
415	24	f
416	22	t
416	23	t
416	24	f
417	22	f
417	23	t
417	24	t
418	22	t
418	23	f
418	24	f
419	22	f
419	23	t
419	24	f
420	22	t
420	23	t
420	24	f
421	22	t
421	23	f
421	24	f
422	22	f
422	23	f
422	24	t
423	22	f
423	23	f
423	24	t
424	22	f
424	23	f
424	24	t
425	22	t
425	23	t
425	24	t
426	22	f
426	23	t
426	24	f
427	22	f
427	23	t
427	24	f
428	22	t
428	23	t
428	24	f
429	22	t
429	23	t
429	24	t
430	22	f
430	23	f
430	24	f
431	22	f
431	23	f
431	24	f
432	22	t
432	23	f
432	24	t
433	22	t
433	23	f
433	24	f
434	22	t
434	23	t
434	24	t
435	22	f
435	23	t
435	24	f
436	22	t
436	23	t
436	24	t
437	22	f
437	23	f
437	24	t
438	22	f
438	23	t
438	24	f
439	22	f
439	23	t
439	24	t
440	22	t
440	23	f
440	24	t
441	22	t
441	23	f
441	24	f
442	22	t
442	23	f
442	24	f
443	22	f
443	23	t
443	24	f
444	22	f
444	23	f
444	24	t
445	22	f
445	23	t
445	24	f
446	22	t
446	23	f
446	24	f
447	22	t
447	23	f
447	24	t
448	22	t
448	23	t
448	24	t
449	22	t
449	23	f
449	24	t
450	22	t
450	23	f
450	24	f
451	22	t
451	23	t
451	24	f
452	22	t
452	23	t
452	24	t
453	22	f
453	23	t
453	24	t
454	22	f
454	23	f
454	24	f
455	22	f
455	23	f
455	24	f
456	22	t
456	23	t
456	24	t
457	22	t
457	23	t
457	24	t
458	22	f
458	23	t
458	24	t
459	22	t
459	23	f
459	24	t
460	22	t
460	23	f
460	24	t
461	22	f
461	23	t
461	24	f
462	22	t
462	23	f
462	24	f
463	22	t
463	23	f
463	24	t
464	22	t
464	23	f
464	24	t
465	22	f
465	23	t
465	24	f
466	22	t
466	23	f
466	24	f
467	22	t
467	23	t
467	24	f
468	22	f
468	23	f
468	24	f
469	22	t
469	23	t
469	24	t
470	22	f
470	23	f
470	24	f
471	22	t
471	23	t
471	24	f
472	22	t
472	23	f
472	24	f
473	22	f
473	23	f
473	24	t
474	22	t
474	23	t
474	24	t
475	22	t
475	23	t
475	24	t
476	22	t
476	23	t
476	24	t
477	22	t
477	23	f
477	24	t
478	22	f
478	23	f
478	24	f
479	22	f
479	23	t
479	24	f
480	22	f
480	23	f
480	24	t
481	22	f
481	23	t
481	24	t
482	22	t
482	23	f
482	24	f
483	22	t
483	23	t
483	24	t
484	22	f
484	23	f
484	24	t
485	22	t
485	23	t
485	24	f
486	22	f
486	23	t
486	24	f
487	22	t
487	23	t
487	24	f
488	22	t
488	23	f
488	24	t
489	22	f
489	23	t
489	24	t
490	22	f
490	23	t
490	24	t
491	22	t
491	23	f
491	24	t
492	22	t
492	23	t
492	24	f
493	22	t
493	23	f
493	24	t
494	22	t
494	23	f
494	24	f
495	22	f
495	23	f
495	24	t
496	22	f
496	23	t
496	24	f
497	22	f
497	23	f
497	24	t
498	22	t
498	23	t
498	24	f
499	22	t
499	23	f
499	24	f
500	22	t
500	23	t
500	24	t
501	22	f
501	23	f
501	24	f
502	22	t
502	23	t
502	24	t
503	22	t
503	23	t
503	24	f
504	22	f
504	23	f
504	24	f
505	22	f
505	23	f
505	24	t
506	22	f
506	23	t
506	24	t
507	22	t
507	23	t
507	24	f
508	22	t
508	23	f
508	24	t
509	22	f
509	23	f
509	24	f
510	22	t
510	23	f
510	24	t
511	22	f
511	23	t
511	24	t
512	22	t
512	23	f
512	24	f
513	22	f
513	23	t
513	24	f
514	22	f
514	23	t
514	24	t
515	22	t
515	23	t
515	24	f
516	22	f
516	23	f
516	24	f
517	22	f
517	23	f
517	24	t
518	22	f
518	23	t
518	24	f
519	22	f
519	23	f
519	24	f
520	22	f
520	23	f
520	24	t
521	22	f
521	23	f
521	24	f
522	22	t
522	23	t
522	24	t
523	22	f
523	23	t
523	24	f
524	22	f
524	23	f
524	24	t
525	22	f
525	23	t
525	24	t
526	22	t
526	23	f
526	24	f
527	22	f
527	23	t
527	24	f
528	22	t
528	23	f
528	24	f
529	22	t
529	23	f
529	24	f
530	22	t
530	23	t
530	24	t
531	22	t
531	23	t
531	24	f
532	22	f
532	23	t
532	24	t
533	22	f
533	23	t
533	24	f
534	22	t
534	23	t
534	24	t
535	22	f
535	23	t
535	24	f
536	22	t
536	23	t
536	24	t
537	22	f
537	23	f
537	24	t
538	22	t
538	23	t
538	24	t
539	22	t
539	23	t
539	24	t
540	22	t
540	23	t
540	24	f
541	22	t
541	23	f
541	24	f
542	22	t
542	23	f
542	24	t
543	22	f
543	23	t
543	24	t
544	22	f
544	23	t
544	24	f
545	22	t
545	23	t
545	24	t
546	22	f
546	23	t
546	24	f
547	22	f
547	23	f
547	24	f
548	22	f
548	23	t
548	24	f
549	22	t
549	23	t
549	24	t
550	22	t
550	23	t
550	24	t
551	22	t
551	23	t
551	24	f
552	22	t
552	23	f
552	24	t
553	22	t
553	23	t
553	24	f
554	22	f
554	23	t
554	24	f
555	22	f
555	23	t
555	24	t
556	22	t
556	23	t
556	24	t
557	22	t
557	23	t
557	24	f
558	22	t
558	23	t
558	24	t
559	22	f
559	23	t
559	24	t
560	22	f
560	23	t
560	24	f
561	22	f
561	23	t
561	24	t
562	22	t
562	23	f
562	24	f
563	22	t
563	23	t
563	24	t
564	22	f
564	23	f
564	24	f
565	22	f
565	23	t
565	24	t
566	22	t
566	23	f
566	24	f
567	22	t
567	23	f
567	24	t
568	22	f
568	23	t
568	24	f
569	22	f
569	23	f
569	24	f
570	22	f
570	23	f
570	24	t
571	22	f
571	23	f
571	24	f
572	22	t
572	23	f
572	24	f
573	22	t
573	23	f
573	24	f
574	22	t
574	23	f
574	24	f
575	22	t
575	23	t
575	24	f
576	22	f
576	23	t
576	24	t
577	22	t
577	23	t
577	24	f
578	22	t
578	23	t
578	24	t
579	22	t
579	23	t
579	24	f
580	22	f
580	23	t
580	24	f
581	22	f
581	23	f
581	24	f
582	22	f
582	23	f
582	24	t
583	22	t
583	23	f
583	24	t
584	22	f
584	23	t
584	24	f
585	22	f
585	23	f
585	24	t
586	22	f
586	23	f
586	24	t
587	22	f
587	23	f
587	24	f
588	22	f
588	23	t
588	24	f
589	22	t
589	23	f
589	24	f
590	22	f
590	23	t
590	24	f
591	22	f
591	23	f
591	24	f
592	22	t
592	23	t
592	24	f
593	22	t
593	23	f
593	24	f
594	22	t
594	23	t
594	24	t
595	22	f
595	23	f
595	24	f
596	22	t
596	23	t
596	24	t
597	22	f
597	23	t
597	24	f
598	22	t
598	23	t
598	24	f
599	22	t
599	23	f
599	24	f
600	22	f
600	23	t
600	24	f
601	22	f
601	23	t
601	24	f
602	22	t
602	23	f
602	24	f
603	22	t
603	23	t
603	24	t
604	22	f
604	23	t
604	24	t
605	22	f
605	23	f
605	24	f
606	22	f
606	23	t
606	24	f
607	22	f
607	23	t
607	24	t
608	22	t
608	23	t
608	24	f
609	22	t
609	23	t
609	24	t
610	22	t
610	23	f
610	24	f
611	22	f
611	23	t
611	24	t
612	22	t
612	23	f
612	24	t
613	22	f
613	23	f
613	24	f
614	22	f
614	23	f
614	24	t
615	22	f
615	23	t
615	24	t
616	22	t
616	23	t
616	24	f
617	22	t
617	23	f
617	24	f
618	22	f
618	23	f
618	24	f
619	22	t
619	23	t
619	24	f
620	22	t
620	23	t
620	24	f
621	22	t
621	23	f
621	24	t
622	22	f
622	23	f
622	24	f
623	22	f
623	23	t
623	24	f
624	22	t
624	23	t
624	24	t
625	22	f
625	23	f
625	24	t
626	22	f
626	23	t
626	24	t
627	22	f
627	23	t
627	24	f
628	22	t
628	23	f
628	24	t
629	22	f
629	23	t
629	24	t
630	22	f
630	23	f
630	24	f
631	22	t
631	23	f
631	24	t
632	22	t
632	23	f
632	24	f
633	22	t
633	23	f
633	24	t
634	22	f
634	23	t
634	24	f
635	22	f
635	23	t
635	24	f
636	22	t
636	23	t
636	24	f
637	22	t
637	23	t
637	24	t
638	22	t
638	23	f
638	24	f
639	22	t
639	23	f
639	24	t
640	22	t
640	23	f
640	24	f
641	22	f
641	23	t
641	24	f
642	22	t
642	23	t
642	24	f
643	22	f
643	23	f
643	24	f
644	22	t
644	23	t
644	24	t
645	22	t
645	23	f
645	24	t
646	22	t
646	23	t
646	24	t
647	22	t
647	23	t
647	24	f
648	22	t
648	23	t
648	24	f
649	22	f
649	23	f
649	24	t
650	22	f
650	23	t
650	24	t
651	22	t
651	23	f
651	24	t
652	22	f
652	23	t
652	24	f
653	22	t
653	23	f
653	24	t
654	22	f
654	23	f
654	24	f
655	22	t
655	23	t
655	24	f
656	22	t
656	23	t
656	24	t
657	22	f
657	23	t
657	24	t
658	22	f
658	23	t
658	24	f
659	22	t
659	23	t
659	24	t
660	22	f
660	23	f
660	24	t
661	22	t
661	23	t
661	24	t
662	22	t
662	23	t
662	24	f
663	22	t
663	23	t
663	24	t
664	22	f
664	23	t
664	24	f
665	22	f
665	23	f
665	24	t
666	22	t
666	23	t
666	24	f
667	22	f
667	23	f
667	24	f
668	22	f
668	23	f
668	24	t
669	22	t
669	23	f
669	24	t
670	22	t
670	23	t
670	24	f
671	22	f
671	23	t
671	24	t
672	22	f
672	23	t
672	24	f
673	22	t
673	23	f
673	24	t
674	22	f
674	23	f
674	24	f
675	22	f
675	23	t
675	24	f
676	22	f
676	23	t
676	24	t
677	22	f
677	23	f
677	24	f
678	22	t
678	23	t
678	24	t
679	22	f
679	23	t
679	24	t
680	22	f
680	23	f
680	24	t
681	22	f
681	23	f
681	24	f
682	22	f
682	23	f
682	24	t
683	22	f
683	23	f
683	24	f
684	22	t
684	23	t
684	24	f
685	22	f
685	23	f
685	24	f
686	22	t
686	23	t
686	24	t
687	22	t
687	23	t
687	24	t
688	22	f
688	23	t
688	24	f
689	22	f
689	23	t
689	24	f
690	22	t
690	23	f
690	24	t
691	22	t
691	23	t
691	24	t
692	22	t
692	23	f
692	24	t
693	22	f
693	23	f
693	24	f
694	22	f
694	23	f
694	24	t
695	22	f
695	23	t
695	24	f
696	22	t
696	23	t
696	24	t
697	22	f
697	23	t
697	24	t
698	22	f
698	23	f
698	24	t
699	22	t
699	23	f
699	24	f
700	22	f
700	23	f
700	24	t
701	1	f
701	2	t
701	3	t
701	4	t
701	5	t
701	6	f
701	7	f
701	8	t
701	9	f
701	10	f
701	11	t
701	12	t
701	13	t
701	14	f
701	15	f
701	16	t
701	17	f
701	18	f
701	19	t
701	20	f
701	21	t
701	22	t
701	23	t
701	24	t
702	1	f
702	2	f
702	3	f
702	4	t
702	5	t
702	6	t
702	7	f
702	8	f
702	9	t
702	10	f
702	11	t
702	12	t
702	13	f
702	14	f
702	15	t
702	16	f
702	17	t
702	18	t
702	19	f
702	20	f
702	21	f
702	22	f
702	23	f
702	24	t
703	1	f
703	2	f
703	3	t
703	4	f
703	5	f
703	6	t
703	7	t
703	8	t
703	9	f
703	10	f
703	11	f
703	12	t
703	13	t
703	14	f
703	15	t
703	16	t
703	17	t
703	18	f
703	19	t
703	20	t
703	21	t
703	22	f
703	23	f
703	24	t
704	1	f
704	2	t
704	3	t
704	4	t
704	5	f
704	6	f
704	7	t
704	8	t
704	9	t
704	10	t
704	11	f
704	12	f
704	13	f
704	14	t
704	15	f
704	16	f
704	17	t
704	18	t
704	19	t
704	20	t
704	21	f
704	22	t
704	23	t
704	24	f
705	1	t
705	2	t
705	3	t
705	4	t
705	5	f
705	6	f
705	7	t
705	8	t
705	9	t
705	10	t
705	11	t
705	12	f
705	13	f
705	14	f
705	15	t
705	16	t
705	17	f
705	18	t
705	19	t
705	20	t
705	21	f
705	22	t
705	23	t
705	24	f
706	1	f
706	2	t
706	3	t
706	4	f
706	5	t
706	6	f
706	7	f
706	8	t
706	9	f
706	10	f
706	11	t
706	12	f
706	13	t
706	14	f
706	15	t
706	16	f
706	17	t
706	18	t
706	19	t
706	20	t
706	21	f
706	22	t
706	23	t
706	24	f
707	1	f
707	2	t
707	3	t
707	4	t
707	5	t
707	6	f
707	7	t
707	8	t
707	9	f
707	10	t
707	11	f
707	12	t
707	13	f
707	14	f
707	15	f
707	16	t
707	17	f
707	18	t
707	19	f
707	20	t
707	21	t
707	22	f
707	23	t
707	24	f
708	1	f
708	2	t
708	3	t
708	4	f
708	5	f
708	6	t
708	7	t
708	8	f
708	9	t
708	10	t
708	11	f
708	12	t
708	13	f
708	14	f
708	15	f
708	16	t
708	17	f
708	18	f
708	19	f
708	20	t
708	21	t
708	22	t
708	23	t
708	24	f
709	1	t
709	2	f
709	3	t
709	4	f
709	5	t
709	6	t
709	7	f
709	8	f
709	9	f
709	10	f
709	11	f
709	12	t
709	13	t
709	14	f
709	15	f
709	16	t
709	17	t
709	18	t
709	19	t
709	20	f
709	21	t
709	22	f
709	23	t
709	24	f
710	1	f
710	2	f
710	3	t
710	4	f
710	5	t
710	6	t
710	7	f
710	8	f
710	9	t
710	10	t
710	11	t
710	12	t
710	13	f
710	14	t
710	15	f
710	16	f
710	17	t
710	18	f
710	19	t
710	20	t
710	21	f
710	22	f
710	23	t
710	24	t
711	1	t
711	2	t
711	3	f
711	4	t
711	5	f
711	6	f
711	7	f
711	8	t
711	9	t
711	10	f
711	11	f
711	12	f
711	13	f
711	14	f
711	15	t
711	16	f
711	17	f
711	18	f
711	19	f
711	20	f
711	21	t
711	22	f
711	23	t
711	24	t
712	1	t
712	2	f
712	3	t
712	4	t
712	5	f
712	6	f
712	7	f
712	8	t
712	9	f
712	10	t
712	11	f
712	12	f
712	13	t
712	14	f
712	15	t
712	16	t
712	17	t
712	18	t
712	19	t
712	20	f
712	21	f
712	22	t
712	23	t
712	24	f
713	1	f
713	2	t
713	3	f
713	4	f
713	5	t
713	6	f
713	7	t
713	8	t
713	9	f
713	10	t
713	11	f
713	12	f
713	13	t
713	14	t
713	15	f
713	16	t
713	17	f
713	18	t
713	19	t
713	20	t
713	21	f
713	22	f
713	23	f
713	24	f
714	1	t
714	2	t
714	3	f
714	4	t
714	5	f
714	6	f
714	7	t
714	8	f
714	9	t
714	10	t
714	11	f
714	12	t
714	13	t
714	14	t
714	15	f
714	16	f
714	17	t
714	18	t
714	19	t
714	20	t
714	21	t
714	22	f
714	23	t
714	24	f
715	1	f
715	2	f
715	3	f
715	4	t
715	5	f
715	6	t
715	7	t
715	8	t
715	9	t
715	10	f
715	11	t
715	12	t
715	13	f
715	14	f
715	15	t
715	16	f
715	17	f
715	18	f
715	19	t
715	20	f
715	21	f
715	22	f
715	23	f
715	24	f
716	1	f
716	2	t
716	3	t
716	4	t
716	5	t
716	6	t
716	7	f
716	8	f
716	9	f
716	10	t
716	11	f
716	12	f
716	13	t
716	14	t
716	15	f
716	16	f
716	17	t
716	18	f
716	19	f
716	20	t
716	21	t
716	22	t
716	23	f
716	24	f
717	1	f
717	2	t
717	3	f
717	4	t
717	5	f
717	6	t
717	7	f
717	8	t
717	9	f
717	10	f
717	11	t
717	12	f
717	13	f
717	14	f
717	15	t
717	16	f
717	17	f
717	18	f
717	19	f
717	20	t
717	21	t
717	22	t
717	23	t
717	24	f
718	1	t
718	2	f
718	3	t
718	4	t
718	5	t
718	6	t
718	7	t
718	8	t
718	9	f
718	10	t
718	11	t
718	12	t
718	13	f
718	14	t
718	15	f
718	16	t
718	17	t
718	18	f
718	19	f
718	20	f
718	21	t
718	22	f
718	23	f
718	24	t
719	1	f
719	2	t
719	3	f
719	4	t
719	5	f
719	6	f
719	7	f
719	8	t
719	9	t
719	10	f
719	11	t
719	12	f
719	13	f
719	14	t
719	15	f
719	16	f
719	17	t
719	18	f
719	19	t
719	20	t
719	21	t
719	22	f
719	23	f
719	24	t
720	1	f
720	2	f
720	3	t
720	4	t
720	5	f
720	6	t
720	7	t
720	8	t
720	9	t
720	10	f
720	11	t
720	12	f
720	13	f
720	14	f
720	15	f
720	16	t
720	17	t
720	18	f
720	19	f
720	20	t
720	21	t
720	22	f
720	23	t
720	24	t
721	1	f
721	2	t
721	3	t
721	4	t
721	5	t
721	6	f
721	7	f
721	8	f
721	9	f
721	10	f
721	11	t
721	12	t
721	13	f
721	14	f
721	15	f
721	16	t
721	17	t
721	18	f
721	19	f
721	20	f
721	21	f
721	22	f
721	23	f
721	24	f
722	1	t
722	2	t
722	3	f
722	4	f
722	5	f
722	6	f
722	7	t
722	8	t
722	9	t
722	10	f
722	11	f
722	12	t
722	13	f
722	14	f
722	15	f
722	16	f
722	17	t
722	18	f
722	19	t
722	20	t
722	21	t
722	22	t
722	23	t
722	24	t
723	1	f
723	2	f
723	3	f
723	4	t
723	5	t
723	6	t
723	7	f
723	8	t
723	9	f
723	10	t
723	11	t
723	12	t
723	13	t
723	14	t
723	15	f
723	16	t
723	17	t
723	18	t
723	19	f
723	20	f
723	21	t
723	22	t
723	23	t
723	24	f
724	1	t
724	2	t
724	3	t
724	4	t
724	5	f
724	6	f
724	7	f
724	8	f
724	9	f
724	10	t
724	11	f
724	12	f
724	13	f
724	14	t
724	15	f
724	16	f
724	17	f
724	18	t
724	19	f
724	20	f
724	21	t
724	22	f
724	23	t
724	24	t
725	1	f
725	2	t
725	3	f
725	4	t
725	5	t
725	6	f
725	7	f
725	8	f
725	9	f
725	10	t
725	11	t
725	12	f
725	13	f
725	14	t
725	15	f
725	16	t
725	17	f
725	18	t
725	19	t
725	20	f
725	21	t
725	22	f
725	23	t
725	24	f
726	1	f
726	2	t
726	3	f
726	4	t
726	5	t
726	6	t
726	7	t
726	8	f
726	9	f
726	10	t
726	11	f
726	12	f
726	13	f
726	14	f
726	15	t
726	16	t
726	17	t
726	18	f
726	19	f
726	20	t
726	21	f
726	22	t
726	23	t
726	24	f
727	1	t
727	2	t
727	3	t
727	4	t
727	5	t
727	6	f
727	7	t
727	8	t
727	9	t
727	10	f
727	11	t
727	12	t
727	13	f
727	14	f
727	15	f
727	16	f
727	17	t
727	18	t
727	19	t
727	20	t
727	21	f
727	22	t
727	23	t
727	24	t
728	1	t
728	2	t
728	3	t
728	4	t
728	5	f
728	6	f
728	7	t
728	8	f
728	9	t
728	10	f
728	11	t
728	12	t
728	13	f
728	14	f
728	15	f
728	16	t
728	17	f
728	18	f
728	19	t
728	20	t
728	21	f
728	22	t
728	23	f
728	24	t
729	1	f
729	2	t
729	3	f
729	4	t
729	5	f
729	6	t
729	7	f
729	8	t
729	9	t
729	10	f
729	11	f
729	12	t
729	13	f
729	14	t
729	15	t
729	16	f
729	17	t
729	18	t
729	19	f
729	20	t
729	21	f
729	22	f
729	23	f
729	24	t
730	1	f
730	2	t
730	3	f
730	4	t
730	5	f
730	6	t
730	7	f
730	8	t
730	9	f
730	10	f
730	11	f
730	12	t
730	13	t
730	14	f
730	15	t
730	16	t
730	17	f
730	18	t
730	19	f
730	20	t
730	21	f
730	22	t
730	23	t
730	24	f
731	1	t
731	2	t
731	3	f
731	4	f
731	5	t
731	6	t
731	7	f
731	8	t
731	9	t
731	10	f
731	11	f
731	12	t
731	13	f
731	14	t
731	15	t
731	16	t
731	17	f
731	18	f
731	19	f
731	20	f
731	21	f
731	22	f
731	23	t
731	24	t
732	1	t
732	2	t
732	3	t
732	4	t
732	5	t
732	6	f
732	7	t
732	8	f
732	9	f
732	10	f
732	11	t
732	12	t
732	13	f
732	14	t
732	15	t
732	16	t
732	17	t
732	18	t
732	19	f
732	20	t
732	21	t
732	22	t
732	23	t
732	24	t
733	1	f
733	2	t
733	3	f
733	4	t
733	5	f
733	6	f
733	7	t
733	8	f
733	9	f
733	10	t
733	11	t
733	12	t
733	13	f
733	14	f
733	15	f
733	16	f
733	17	t
733	18	f
733	19	f
733	20	t
733	21	f
733	22	f
733	23	t
733	24	f
734	1	t
734	2	t
734	3	f
734	4	t
734	5	f
734	6	f
734	7	t
734	8	f
734	9	t
734	10	t
734	11	t
734	12	t
734	13	t
734	14	t
734	15	f
734	16	f
734	17	f
734	18	f
734	19	t
734	20	f
734	21	f
734	22	t
734	23	t
734	24	f
735	1	t
735	2	t
735	3	t
735	4	f
735	5	t
735	6	f
735	7	t
735	8	f
735	9	t
735	10	t
735	11	t
735	12	t
735	13	f
735	14	f
735	15	t
735	16	f
735	17	f
735	18	f
735	19	t
735	20	f
735	21	f
735	22	f
735	23	f
735	24	t
736	1	f
736	2	f
736	3	t
736	4	f
736	5	f
736	6	f
736	7	f
736	8	f
736	9	t
736	10	f
736	11	t
736	12	t
736	13	t
736	14	f
736	15	f
736	16	f
736	17	f
736	18	t
736	19	t
736	20	f
736	21	t
736	22	f
736	23	f
736	24	t
737	1	f
737	2	t
737	3	f
737	4	f
737	5	t
737	6	f
737	7	t
737	8	t
737	9	t
737	10	t
737	11	t
737	12	f
737	13	f
737	14	f
737	15	t
737	16	f
737	17	t
737	18	f
737	19	f
737	20	t
737	21	t
737	22	f
737	23	t
737	24	t
738	1	t
738	2	t
738	3	t
738	4	t
738	5	t
738	6	t
738	7	t
738	8	f
738	9	f
738	10	t
738	11	f
738	12	t
738	13	t
738	14	t
738	15	t
738	16	f
738	17	f
738	18	f
738	19	t
738	20	t
738	21	t
738	22	t
738	23	f
738	24	f
739	1	t
739	2	t
739	3	t
739	4	t
739	5	t
739	6	t
739	7	t
739	8	f
739	9	f
739	10	f
739	11	t
739	12	t
739	13	t
739	14	f
739	15	f
739	16	f
739	17	t
739	18	t
739	19	t
739	20	f
739	21	f
739	22	f
739	23	t
739	24	t
740	1	t
740	2	f
740	3	f
740	4	f
740	5	t
740	6	f
740	7	t
740	8	f
740	9	t
740	10	t
740	11	t
740	12	f
740	13	f
740	14	f
740	15	f
740	16	t
740	17	f
740	18	t
740	19	t
740	20	t
740	21	f
740	22	f
740	23	f
740	24	t
741	1	f
741	2	t
741	3	f
741	4	t
741	5	f
741	6	f
741	7	t
741	8	f
741	9	t
741	10	t
741	11	f
741	12	t
741	13	f
741	14	t
741	15	t
741	16	t
741	17	t
741	18	t
741	19	f
741	20	t
741	21	t
741	22	f
741	23	t
741	24	t
742	1	f
742	2	t
742	3	f
742	4	t
742	5	f
742	6	t
742	7	f
742	8	t
742	9	f
742	10	t
742	11	t
742	12	t
742	13	f
742	14	f
742	15	t
742	16	t
742	17	t
742	18	t
742	19	f
742	20	f
742	21	t
742	22	t
742	23	t
742	24	f
743	1	t
743	2	t
743	3	f
743	4	f
743	5	t
743	6	t
743	7	f
743	8	f
743	9	f
743	10	t
743	11	t
743	12	f
743	13	t
743	14	t
743	15	f
743	16	t
743	17	t
743	18	t
743	19	f
743	20	f
743	21	f
743	22	t
743	23	t
743	24	t
744	1	t
744	2	t
744	3	f
744	4	t
744	5	t
744	6	f
744	7	f
744	8	f
744	9	t
744	10	t
744	11	t
744	12	t
744	13	f
744	14	f
744	15	f
744	16	f
744	17	t
744	18	t
744	19	t
744	20	f
744	21	t
744	22	t
744	23	f
744	24	f
745	1	t
745	2	f
745	3	f
745	4	f
745	5	f
745	6	t
745	7	f
745	8	t
745	9	t
745	10	f
745	11	f
745	12	f
745	13	t
745	14	t
745	15	t
745	16	t
745	17	t
745	18	t
745	19	t
745	20	f
745	21	t
745	22	f
745	23	t
745	24	f
746	1	f
746	2	f
746	3	f
746	4	t
746	5	f
746	6	f
746	7	f
746	8	t
746	9	f
746	10	f
746	11	t
746	12	f
746	13	t
746	14	f
746	15	t
746	16	t
746	17	t
746	18	f
746	19	t
746	20	f
746	21	f
746	22	t
746	23	f
746	24	t
747	1	f
747	2	t
747	3	f
747	4	f
747	5	t
747	6	f
747	7	t
747	8	f
747	9	f
747	10	f
747	11	f
747	12	f
747	13	t
747	14	f
747	15	t
747	16	t
747	17	f
747	18	t
747	19	t
747	20	f
747	21	t
747	22	t
747	23	t
747	24	f
748	1	t
748	2	t
748	3	f
748	4	f
748	5	f
748	6	t
748	7	t
748	8	t
748	9	f
748	10	t
748	11	t
748	12	f
748	13	f
748	14	t
748	15	f
748	16	f
748	17	f
748	18	f
748	19	f
748	20	t
748	21	t
748	22	t
748	23	f
748	24	t
749	1	t
749	2	f
749	3	t
749	4	t
749	5	t
749	6	f
749	7	t
749	8	t
749	9	f
749	10	f
749	11	f
749	12	t
749	13	f
749	14	t
749	15	f
749	16	f
749	17	t
749	18	f
749	19	t
749	20	t
749	21	t
749	22	f
749	23	t
749	24	t
750	1	f
750	2	f
750	3	t
750	4	t
750	5	t
750	6	f
750	7	t
750	8	t
750	9	t
750	10	t
750	11	f
750	12	t
750	13	f
750	14	f
750	15	t
750	16	t
750	17	t
750	18	f
750	19	t
750	20	t
750	21	t
750	22	f
750	23	t
750	24	t
751	1	f
751	2	f
751	3	f
751	4	t
751	5	t
751	6	f
751	7	f
751	8	f
751	9	f
751	10	f
751	11	t
751	12	t
751	13	t
751	14	f
751	15	t
751	16	f
751	17	t
751	18	f
751	19	f
751	20	t
751	21	f
751	22	t
751	23	f
751	24	t
752	1	f
752	2	t
752	3	f
752	4	t
752	5	f
752	6	f
752	7	f
752	8	t
752	9	t
752	10	f
752	11	t
752	12	t
752	13	f
752	14	t
752	15	f
752	16	f
752	17	t
752	18	f
752	19	t
752	20	t
752	21	t
752	22	f
752	23	f
752	24	t
753	1	f
753	2	t
753	3	t
753	4	t
753	5	t
753	6	t
753	7	t
753	8	t
753	9	f
753	10	f
753	11	t
753	12	t
753	13	t
753	14	t
753	15	t
753	16	t
753	17	f
753	18	t
753	19	t
753	20	f
753	21	f
753	22	f
753	23	t
753	24	t
754	1	t
754	2	t
754	3	f
754	4	t
754	5	t
754	6	f
754	7	t
754	8	f
754	9	t
754	10	f
754	11	t
754	12	t
754	13	f
754	14	t
754	15	f
754	16	t
754	17	t
754	18	t
754	19	f
754	20	f
754	21	t
754	22	t
754	23	f
754	24	f
755	1	f
755	2	f
755	3	t
755	4	f
755	5	f
755	6	f
755	7	f
755	8	t
755	9	f
755	10	f
755	11	f
755	12	f
755	13	f
755	14	f
755	15	t
755	16	f
755	17	f
755	18	t
755	19	t
755	20	t
755	21	t
755	22	t
755	23	t
755	24	f
756	1	f
756	2	t
756	3	t
756	4	f
756	5	f
756	6	f
756	7	t
756	8	f
756	9	t
756	10	t
756	11	t
756	12	f
756	13	t
756	14	f
756	15	t
756	16	t
756	17	f
756	18	f
756	19	f
756	20	f
756	21	t
756	22	t
756	23	f
756	24	t
757	1	t
757	2	f
757	3	f
757	4	t
757	5	t
757	6	t
757	7	t
757	8	f
757	9	f
757	10	t
757	11	t
757	12	f
757	13	t
757	14	t
757	15	f
757	16	t
757	17	t
757	18	f
757	19	f
757	20	t
757	21	f
757	22	t
757	23	f
757	24	f
758	1	t
758	2	f
758	3	f
758	4	f
758	5	f
758	6	t
758	7	f
758	8	t
758	9	t
758	10	f
758	11	f
758	12	f
758	13	f
758	14	f
758	15	t
758	16	t
758	17	t
758	18	t
758	19	f
758	20	t
758	21	t
758	22	f
758	23	f
758	24	f
759	1	t
759	2	f
759	3	f
759	4	t
759	5	f
759	6	f
759	7	f
759	8	t
759	9	f
759	10	f
759	11	f
759	12	t
759	13	t
759	14	t
759	15	f
759	16	f
759	17	f
759	18	f
759	19	t
759	20	t
759	21	f
759	22	t
759	23	t
759	24	t
760	1	f
760	2	t
760	3	t
760	4	f
760	5	f
760	6	f
760	7	f
760	8	t
760	9	f
760	10	t
760	11	f
760	12	t
760	13	t
760	14	t
760	15	f
760	16	f
760	17	t
760	18	t
760	19	f
760	20	t
760	21	f
760	22	t
760	23	f
760	24	t
761	1	t
761	2	f
761	3	t
761	4	t
761	5	f
761	6	f
761	7	t
761	8	f
761	9	t
761	10	f
761	11	f
761	12	t
761	13	f
761	14	t
761	15	t
761	16	t
761	17	f
761	18	f
761	19	f
761	20	t
761	21	t
761	22	f
761	23	f
761	24	t
762	1	t
762	2	t
762	3	f
762	4	t
762	5	f
762	6	t
762	7	f
762	8	t
762	9	t
762	10	t
762	11	f
762	12	f
762	13	f
762	14	f
762	15	f
762	16	f
762	17	t
762	18	t
762	19	f
762	20	t
762	21	f
762	22	f
762	23	f
762	24	t
763	1	f
763	2	t
763	3	f
763	4	t
763	5	t
763	6	t
763	7	t
763	8	f
763	9	t
763	10	f
763	11	t
763	12	t
763	13	f
763	14	t
763	15	t
763	16	t
763	17	f
763	18	f
763	19	f
763	20	t
763	21	f
763	22	f
763	23	f
763	24	f
764	1	t
764	2	t
764	3	t
764	4	t
764	5	f
764	6	t
764	7	t
764	8	t
764	9	t
764	10	t
764	11	f
764	12	t
764	13	t
764	14	t
764	15	t
764	16	t
764	17	t
764	18	f
764	19	t
764	20	f
764	21	t
764	22	f
764	23	f
764	24	f
765	1	f
765	2	f
765	3	t
765	4	f
765	5	f
765	6	t
765	7	f
765	8	f
765	9	t
765	10	f
765	11	t
765	12	t
765	13	f
765	14	t
765	15	t
765	16	f
765	17	f
765	18	f
765	19	f
765	20	t
765	21	f
765	22	f
765	23	f
765	24	t
766	1	t
766	2	t
766	3	t
766	4	f
766	5	f
766	6	f
766	7	f
766	8	f
766	9	f
766	10	t
766	11	f
766	12	f
766	13	t
766	14	t
766	15	t
766	16	f
766	17	f
766	18	t
766	19	t
766	20	f
766	21	t
766	22	f
766	23	f
766	24	t
767	1	t
767	2	f
767	3	t
767	4	f
767	5	t
767	6	f
767	7	t
767	8	t
767	9	f
767	10	t
767	11	t
767	12	f
767	13	t
767	14	t
767	15	t
767	16	t
767	17	t
767	18	t
767	19	t
767	20	f
767	21	t
767	22	t
767	23	f
767	24	f
768	1	f
768	2	t
768	3	t
768	4	f
768	5	t
768	6	t
768	7	t
768	8	t
768	9	t
768	10	t
768	11	f
768	12	f
768	13	f
768	14	f
768	15	t
768	16	f
768	17	f
768	18	t
768	19	f
768	20	t
768	21	t
768	22	t
768	23	t
768	24	t
769	1	t
769	2	t
769	3	t
769	4	f
769	5	f
769	6	t
769	7	f
769	8	f
769	9	t
769	10	t
769	11	t
769	12	f
769	13	t
769	14	t
769	15	t
769	16	t
769	17	f
769	18	t
769	19	f
769	20	f
769	21	f
769	22	f
769	23	t
769	24	t
770	1	f
770	2	t
770	3	t
770	4	f
770	5	t
770	6	f
770	7	t
770	8	t
770	9	f
770	10	t
770	11	f
770	12	t
770	13	t
770	14	f
770	15	t
770	16	t
770	17	t
770	18	t
770	19	f
770	20	t
770	21	t
770	22	f
770	23	t
770	24	t
771	1	f
771	2	f
771	3	f
771	4	f
771	5	t
771	6	t
771	7	t
771	8	f
771	9	f
771	10	f
771	11	f
771	12	f
771	13	f
771	14	t
771	15	f
771	16	t
771	17	f
771	18	f
771	19	f
771	20	t
771	21	t
771	22	t
771	23	t
771	24	f
772	1	t
772	2	t
772	3	f
772	4	f
772	5	t
772	6	f
772	7	f
772	8	f
772	9	f
772	10	t
772	11	t
772	12	f
772	13	t
772	14	t
772	15	t
772	16	f
772	17	t
772	18	f
772	19	f
772	20	t
772	21	t
772	22	f
772	23	t
772	24	t
773	1	t
773	2	t
773	3	t
773	4	f
773	5	f
773	6	f
773	7	t
773	8	f
773	9	f
773	10	t
773	11	t
773	12	t
773	13	f
773	14	t
773	15	f
773	16	t
773	17	f
773	18	t
773	19	f
773	20	f
773	21	t
773	22	f
773	23	f
773	24	f
774	1	t
774	2	t
774	3	t
774	4	t
774	5	f
774	6	t
774	7	f
774	8	t
774	9	f
774	10	t
774	11	f
774	12	t
774	13	t
774	14	t
774	15	f
774	16	t
774	17	t
774	18	t
774	19	t
774	20	f
774	21	f
774	22	t
774	23	f
774	24	f
775	1	t
775	2	f
775	3	f
775	4	t
775	5	t
775	6	t
775	7	f
775	8	f
775	9	t
775	10	t
775	11	t
775	12	f
775	13	t
775	14	t
775	15	t
775	16	f
775	17	f
775	18	f
775	19	f
775	20	f
775	21	f
775	22	f
775	23	t
775	24	f
776	1	t
776	2	t
776	3	f
776	4	f
776	5	t
776	6	f
776	7	t
776	8	f
776	9	t
776	10	t
776	11	t
776	12	t
776	13	f
776	14	f
776	15	t
776	16	f
776	17	t
776	18	t
776	19	f
776	20	t
776	21	t
776	22	t
776	23	f
776	24	t
777	1	f
777	2	f
777	3	f
777	4	t
777	5	t
777	6	t
777	7	t
777	8	t
777	9	f
777	10	f
777	11	f
777	12	t
777	13	t
777	14	t
777	15	t
777	16	t
777	17	f
777	18	f
777	19	f
777	20	f
777	21	f
777	22	f
777	23	t
777	24	t
778	1	t
778	2	f
778	3	f
778	4	t
778	5	t
778	6	f
778	7	t
778	8	f
778	9	t
778	10	t
778	11	f
778	12	t
778	13	t
778	14	f
778	15	t
778	16	f
778	17	t
778	18	t
778	19	t
778	20	f
778	21	f
778	22	t
778	23	t
778	24	t
779	1	t
779	2	t
779	3	f
779	4	f
779	5	t
779	6	t
779	7	f
779	8	f
779	9	f
779	10	f
779	11	t
779	12	t
779	13	f
779	14	f
779	15	f
779	16	t
779	17	t
779	18	t
779	19	f
779	20	t
779	21	f
779	22	f
779	23	f
779	24	t
780	1	t
780	2	f
780	3	f
780	4	t
780	5	f
780	6	t
780	7	t
780	8	f
780	9	t
780	10	f
780	11	t
780	12	f
780	13	t
780	14	t
780	15	f
780	16	t
780	17	f
780	18	t
780	19	f
780	20	t
780	21	t
780	22	f
780	23	f
780	24	t
781	1	t
781	2	t
781	3	f
781	4	t
781	5	t
781	6	f
781	7	t
781	8	t
781	9	t
781	10	f
781	11	f
781	12	t
781	13	f
781	14	t
781	15	f
781	16	t
781	17	f
781	18	t
781	19	f
781	20	t
781	21	f
781	22	t
781	23	t
781	24	f
782	1	f
782	2	f
782	3	f
782	4	f
782	5	t
782	6	f
782	7	f
782	8	t
782	9	t
782	10	f
782	11	f
782	12	t
782	13	t
782	14	t
782	15	t
782	16	f
782	17	t
782	18	t
782	19	f
782	20	t
782	21	t
782	22	t
782	23	f
782	24	t
783	1	t
783	2	f
783	3	f
783	4	f
783	5	t
783	6	t
783	7	t
783	8	f
783	9	t
783	10	t
783	11	f
783	12	f
783	13	f
783	14	t
783	15	t
783	16	t
783	17	t
783	18	f
783	19	f
783	20	t
783	21	f
783	22	t
783	23	f
783	24	t
784	1	f
784	2	f
784	3	t
784	4	t
784	5	f
784	6	t
784	7	f
784	8	f
784	9	t
784	10	f
784	11	t
784	12	t
784	13	t
784	14	t
784	15	t
784	16	t
784	17	t
784	18	f
784	19	t
784	20	t
784	21	f
784	22	t
784	23	f
784	24	t
785	1	t
785	2	f
785	3	f
785	4	t
785	5	f
785	6	t
785	7	f
785	8	f
785	9	f
785	10	t
785	11	f
785	12	f
785	13	f
785	14	f
785	15	f
785	16	t
785	17	t
785	18	t
785	19	t
785	20	t
785	21	t
785	22	t
785	23	t
785	24	f
786	1	t
786	2	t
786	3	t
786	4	t
786	5	t
786	6	f
786	7	t
786	8	f
786	9	t
786	10	f
786	11	f
786	12	t
786	13	f
786	14	f
786	15	f
786	16	f
786	17	f
786	18	f
786	19	t
786	20	t
786	21	f
786	22	t
786	23	f
786	24	t
787	1	t
787	2	t
787	3	t
787	4	t
787	5	f
787	6	f
787	7	f
787	8	t
787	9	t
787	10	t
787	11	f
787	12	f
787	13	f
787	14	f
787	15	f
787	16	f
787	17	f
787	18	t
787	19	f
787	20	f
787	21	f
787	22	t
787	23	t
787	24	f
788	1	f
788	2	t
788	3	f
788	4	t
788	5	f
788	6	f
788	7	t
788	8	t
788	9	t
788	10	t
788	11	t
788	12	t
788	13	f
788	14	f
788	15	t
788	16	t
788	17	f
788	18	f
788	19	f
788	20	t
788	21	f
788	22	f
788	23	t
788	24	f
789	1	f
789	2	t
789	3	t
789	4	f
789	5	t
789	6	t
789	7	f
789	8	t
789	9	t
789	10	t
789	11	t
789	12	f
789	13	f
789	14	f
789	15	f
789	16	f
789	17	t
789	18	f
789	19	t
789	20	f
789	21	f
789	22	f
789	23	t
789	24	t
790	1	t
790	2	t
790	3	f
790	4	t
790	5	f
790	6	t
790	7	f
790	8	f
790	9	t
790	10	t
790	11	t
790	12	t
790	13	t
790	14	t
790	15	f
790	16	f
790	17	f
790	18	t
790	19	f
790	20	f
790	21	t
790	22	f
790	23	f
790	24	t
791	1	t
791	2	t
791	3	f
791	4	f
791	5	f
791	6	f
791	7	f
791	8	f
791	9	t
791	10	f
791	11	f
791	12	t
791	13	f
791	14	t
791	15	f
791	16	f
791	17	f
791	18	t
791	19	f
791	20	f
791	21	f
791	22	f
791	23	f
791	24	f
792	1	t
792	2	t
792	3	f
792	4	f
792	5	f
792	6	f
792	7	t
792	8	t
792	9	f
792	10	f
792	11	t
792	12	t
792	13	f
792	14	f
792	15	t
792	16	f
792	17	f
792	18	f
792	19	t
792	20	t
792	21	t
792	22	t
792	23	t
792	24	f
793	1	f
793	2	f
793	3	t
793	4	t
793	5	t
793	6	f
793	7	t
793	8	f
793	9	t
793	10	t
793	11	f
793	12	f
793	13	t
793	14	f
793	15	t
793	16	t
793	17	f
793	18	t
793	19	f
793	20	f
793	21	t
793	22	f
793	23	f
793	24	t
794	1	t
794	2	t
794	3	f
794	4	f
794	5	f
794	6	t
794	7	t
794	8	t
794	9	f
794	10	f
794	11	f
794	12	t
794	13	f
794	14	t
794	15	t
794	16	f
794	17	f
794	18	f
794	19	f
794	20	t
794	21	t
794	22	f
794	23	t
794	24	f
795	1	f
795	2	t
795	3	t
795	4	f
795	5	t
795	6	t
795	7	f
795	8	t
795	9	f
795	10	f
795	11	t
795	12	f
795	13	f
795	14	f
795	15	t
795	16	t
795	17	t
795	18	t
795	19	f
795	20	t
795	21	t
795	22	f
795	23	f
795	24	f
796	1	t
796	2	t
796	3	t
796	4	f
796	5	t
796	6	f
796	7	f
796	8	f
796	9	t
796	10	t
796	11	t
796	12	t
796	13	f
796	14	f
796	15	t
796	16	f
796	17	t
796	18	t
796	19	f
796	20	f
796	21	f
796	22	f
796	23	t
796	24	t
797	1	t
797	2	f
797	3	t
797	4	f
797	5	f
797	6	f
797	7	t
797	8	t
797	9	f
797	10	t
797	11	t
797	12	f
797	13	t
797	14	f
797	15	t
797	16	f
797	17	t
797	18	t
797	19	f
797	20	f
797	21	f
797	22	t
797	23	f
797	24	t
798	1	t
798	2	t
798	3	t
798	4	f
798	5	t
798	6	f
798	7	f
798	8	t
798	9	t
798	10	t
798	11	f
798	12	f
798	13	f
798	14	f
798	15	f
798	16	t
798	17	t
798	18	f
798	19	t
798	20	f
798	21	f
798	22	t
798	23	t
798	24	f
799	1	f
799	2	t
799	3	t
799	4	t
799	5	t
799	6	t
799	7	t
799	8	t
799	9	t
799	10	f
799	11	f
799	12	t
799	13	t
799	14	t
799	15	f
799	16	f
799	17	t
799	18	f
799	19	t
799	20	t
799	21	f
799	22	f
799	23	t
799	24	t
800	1	f
800	2	f
800	3	t
800	4	f
800	5	f
800	6	t
800	7	t
800	8	f
800	9	f
800	10	f
800	11	f
800	12	t
800	13	f
800	14	f
800	15	f
800	16	t
800	17	t
800	18	t
800	19	f
800	20	f
800	21	t
800	22	f
800	23	t
800	24	t
\.


--
-- Data for Name: notification_type; Type: TABLE DATA; Schema: public; Owner: postgres
--

COPY public.notification_type (id, name, channel) FROM stdin;
1	Order Confirmation	email
2	Shipment Update	sms
3	Promotional	push
4	Order Confirmation	email
5	Shipment Update	sms
6	Promotional	push
7	Order Confirmation	email
8	Shipment Update	sms
9	Promotional	push
10	Order Confirmation	email
11	Shipment Update	sms
12	Promotional	push
13	Order Confirmation	email
14	Shipment Update	sms
15	Promotional	push
16	Order Confirmation	email
17	Shipment Update	sms
18	Promotional	push
19	Order Confirmation	email
20	Shipment Update	sms
21	Promotional	push
22	Order Confirmation	email
23	Shipment Update	sms
24	Promotional	push
\.


--
-- Data for Name: order_item; Type: TABLE DATA; Schema: public; Owner: postgres
--

COPY public.order_item (order_id, product_id, quantity, unit_price) FROM stdin;
35	7	2	5.41
39	80	1	6.42
28	72	1	6.07
89	57	3	6.67
64	81	4	6.49
4	26	4	5.60
21	65	2	5.96
84	25	4	6.91
1	13	4	5.07
27	40	4	5.50
74	11	2	6.14
27	38	1	6.55
49	77	1	6.92
34	51	2	5.75
11	36	1	6.58
62	52	1	6.43
53	10	3	5.75
79	21	4	6.21
41	74	2	5.11
26	19	1	5.49
87	90	2	5.40
88	39	2	6.84
13	33	3	5.63
35	51	2	6.14
87	53	1	5.07
44	28	3	5.97
89	88	3	6.49
96	62	3	5.64
36	100	1	5.21
20	30	3	5.81
15	83	4	5.11
35	90	1	5.15
34	97	4	5.11
97	72	4	5.50
81	18	2	5.15
8	41	2	6.66
6	8	3	5.75
62	97	1	6.56
92	6	2	6.10
99	78	2	6.74
35	65	4	6.77
46	99	2	5.81
2	42	3	6.87
51	77	2	6.22
49	6	3	6.18
23	85	1	5.83
96	2	4	6.98
64	23	4	6.12
4	7	4	5.30
73	78	1	6.59
28	49	2	5.42
98	56	3	6.08
57	61	1	5.10
25	55	1	5.28
68	30	1	5.71
28	43	1	6.19
31	2	3	6.66
29	100	1	5.34
92	51	2	6.70
54	47	1	6.46
80	3	3	5.79
18	63	3	5.72
79	57	1	6.93
90	35	1	5.59
71	21	1	5.37
32	74	2	6.37
98	16	4	5.24
30	62	1	5.28
85	41	3	6.20
14	95	1	6.96
33	25	3	5.42
23	31	4	6.15
97	92	4	6.56
26	6	1	6.88
52	65	4	6.27
79	69	3	6.36
22	93	1	6.81
59	40	3	5.87
50	4	4	5.61
18	24	2	6.71
26	46	4	6.57
25	75	2	6.84
22	59	3	6.94
54	27	2	5.59
54	25	2	5.31
71	8	1	6.71
22	49	1	5.58
94	20	1	5.46
26	70	1	6.99
73	75	1	6.31
3	62	2	6.27
92	3	1	6.82
54	12	2	6.82
90	38	3	6.74
72	74	1	5.92
69	54	4	5.80
46	57	4	6.33
62	53	1	6.86
197	38	1	6.18
138	9	1	5.47
145	125	2	5.60
199	178	4	6.97
81	54	4	5.04
180	44	4	6.88
143	193	3	6.21
54	180	4	6.55
36	107	1	6.21
97	91	4	5.09
159	17	3	6.90
137	57	4	6.86
131	126	1	5.01
126	71	4	6.70
64	102	2	6.52
68	7	3	6.10
180	2	2	5.25
13	165	2	5.16
99	85	3	6.90
53	29	4	6.70
123	178	4	5.51
49	110	4	5.72
143	66	1	6.35
34	81	2	6.90
106	154	2	6.34
85	153	1	6.00
46	54	3	6.00
13	37	4	5.73
34	58	1	5.21
158	127	2	5.96
44	39	4	6.92
76	183	1	6.36
31	23	4	6.25
114	39	2	5.11
8	137	3	6.94
50	171	4	6.20
195	177	2	5.75
48	88	4	6.90
23	39	3	5.78
101	187	2	6.50
120	55	2	6.18
96	159	3	6.06
164	63	1	6.38
37	23	2	5.57
96	115	2	5.67
143	62	4	5.92
112	162	3	5.39
154	55	4	5.16
92	78	2	5.81
178	19	2	5.23
96	104	3	5.33
112	139	4	5.04
127	187	4	6.77
88	99	2	6.35
92	105	3	6.89
84	68	3	5.83
68	71	1	5.41
153	133	2	5.59
107	13	2	6.14
57	23	2	6.58
191	33	1	6.78
63	191	3	6.06
167	53	3	5.43
23	26	4	5.73
32	73	4	6.96
181	193	2	5.76
158	50	4	5.41
92	137	4	5.12
32	76	4	6.80
8	48	4	5.19
88	72	4	6.84
40	11	1	5.04
92	29	2	6.20
68	171	2	6.43
52	187	2	5.97
134	162	4	6.31
40	44	4	5.46
67	2	1	5.78
118	44	2	5.75
12	29	2	5.56
155	168	4	6.41
159	75	1	5.04
20	71	3	6.74
188	45	3	5.21
116	84	3	6.94
185	150	2	5.48
160	103	1	5.04
53	108	4	5.46
56	191	3	6.59
55	18	1	6.40
79	198	2	6.21
16	19	2	6.92
63	95	3	5.89
190	38	4	6.63
182	106	4	6.59
181	102	1	5.52
140	104	1	5.39
18	171	1	6.09
64	122	3	5.98
171	53	3	6.42
281	38	2	6.34
59	218	2	5.94
182	41	2	5.66
154	245	1	5.07
157	204	3	5.90
46	166	3	6.49
126	105	3	5.99
9	158	3	6.72
41	22	4	5.12
234	93	4	5.19
273	180	2	5.88
256	85	1	6.88
116	1	2	5.59
293	11	3	5.30
58	113	4	5.97
184	90	3	6.40
227	163	2	5.22
7	132	3	6.21
125	96	1	6.22
238	158	1	6.17
13	175	3	6.64
38	174	4	6.35
87	78	1	6.02
272	239	1	5.32
211	151	2	6.39
149	168	3	6.98
220	270	2	5.81
177	266	4	6.13
61	221	2	5.79
23	197	1	6.69
145	70	1	5.82
12	152	1	6.22
279	117	3	5.47
30	178	1	6.83
79	59	2	6.37
295	32	3	5.01
106	247	4	6.85
280	172	1	6.57
222	292	2	6.55
90	39	4	5.13
174	124	4	5.88
298	255	1	6.42
260	50	3	6.69
95	190	4	6.12
55	97	4	6.99
229	250	4	5.85
18	260	3	6.61
114	14	4	5.93
218	11	2	5.42
190	263	4	5.23
62	240	3	5.63
278	182	1	7.00
34	25	3	5.91
285	223	3	5.67
95	120	1	6.81
194	31	2	5.57
167	244	2	5.79
35	140	1	5.68
265	13	2	5.05
8	15	2	6.21
189	287	2	5.95
144	255	1	5.15
114	183	1	6.44
120	118	2	6.79
266	203	2	6.22
34	204	3	6.33
188	2	4	5.08
262	54	2	6.82
159	222	1	5.25
213	113	3	6.11
166	299	3	5.87
6	206	3	6.42
184	5	3	5.50
157	192	1	5.21
283	167	4	6.17
17	93	1	6.90
234	220	1	5.46
240	210	2	5.35
173	296	2	5.82
258	78	3	5.12
257	58	1	6.49
222	90	1	5.93
73	177	2	6.51
292	94	1	5.74
167	238	4	5.01
187	277	4	5.23
76	192	2	5.55
165	124	4	5.27
70	153	4	6.63
206	131	4	6.18
19	221	4	6.15
215	214	1	6.64
146	115	1	5.09
172	135	4	6.84
196	235	4	5.74
23	224	2	5.58
228	286	2	6.67
276	190	3	5.89
155	78	4	5.76
234	321	4	5.31
400	335	4	6.21
8	372	1	5.28
380	204	4	6.69
105	190	1	5.22
93	121	2	5.61
175	139	4	6.04
338	345	4	6.29
73	156	4	5.81
399	189	1	6.10
290	383	3	5.13
350	113	4	5.71
165	45	3	5.50
26	367	1	5.75
389	366	4	5.68
294	322	4	5.58
130	315	3	6.21
199	358	2	6.13
23	71	4	5.95
119	80	1	6.98
232	173	1	6.94
137	289	2	6.72
85	313	3	6.80
181	64	2	6.16
377	143	3	6.18
36	335	1	5.32
209	382	4	5.23
239	43	4	5.03
240	238	1	6.12
324	81	4	6.95
99	13	3	6.98
94	364	4	6.48
88	241	1	5.16
288	325	1	5.08
206	119	1	5.72
76	90	4	6.24
382	54	1	5.53
36	98	4	5.07
307	157	2	5.17
17	281	1	5.44
221	120	1	6.22
40	203	3	5.44
169	361	3	6.41
210	6	3	6.97
128	399	3	6.23
106	341	2	6.76
286	116	3	5.32
8	187	1	5.66
171	14	3	6.37
318	68	2	5.60
4	356	1	6.10
348	199	2	6.62
351	224	3	5.60
337	99	2	5.02
134	240	3	6.07
263	309	1	6.40
101	265	4	6.43
165	350	3	6.40
304	213	4	5.89
286	152	4	6.93
288	62	4	6.15
84	30	2	6.13
212	68	2	5.18
218	105	3	6.62
387	369	4	5.75
159	317	1	5.14
21	123	2	5.29
143	35	1	5.20
122	366	4	5.06
370	177	2	6.78
276	36	2	6.49
298	278	2	6.90
33	191	3	5.34
233	307	2	5.38
348	281	1	5.79
119	359	4	6.20
358	229	3	5.28
240	283	3	5.16
146	116	1	6.41
201	191	2	6.84
311	192	3	6.88
112	197	2	6.57
58	233	1	5.80
237	84	4	6.98
55	70	2	6.52
124	109	2	6.94
265	2	1	5.84
233	98	1	6.40
228	259	3	5.44
197	341	2	6.16
253	161	3	6.74
138	31	3	6.06
346	345	1	5.11
120	230	3	5.02
209	387	3	5.97
235	38	3	6.26
213	289	3	6.65
171	16	3	5.91
259	165	4	5.91
164	316	3	6.82
458	342	3	6.63
50	352	1	5.17
456	331	4	6.61
489	161	4	5.86
12	85	1	5.34
162	198	4	5.74
197	245	2	6.85
356	425	3	5.91
319	500	2	6.14
79	197	1	5.34
361	383	4	5.35
207	269	4	6.12
486	391	4	5.33
327	326	2	6.07
143	385	1	5.56
232	317	1	5.64
484	494	4	6.46
236	408	4	6.07
72	352	1	5.55
424	483	2	5.46
101	392	1	5.76
351	264	2	5.58
182	22	2	6.49
298	20	4	6.70
198	24	1	6.24
42	4	2	5.05
27	376	1	6.25
98	266	1	5.63
19	263	3	5.32
268	38	1	5.09
281	495	4	6.33
57	79	2	5.24
212	174	4	5.06
428	238	4	5.61
315	192	4	5.68
483	367	3	6.20
72	14	4	6.12
395	327	1	6.67
11	330	2	5.97
492	293	2	6.28
70	69	1	5.72
240	43	1	6.95
99	306	1	5.13
94	21	4	6.87
453	392	1	5.17
139	313	3	6.87
59	379	4	5.22
495	126	3	5.44
307	98	4	5.11
116	497	1	5.12
186	478	3	6.15
419	156	3	5.45
426	380	2	6.46
250	282	4	6.10
447	341	4	5.04
150	418	1	6.27
174	206	1	5.38
162	244	3	5.40
392	53	2	6.15
376	398	1	5.36
167	254	3	6.03
405	402	3	5.58
199	153	3	5.03
32	274	3	5.80
445	459	1	6.28
408	418	3	5.14
225	410	2	5.42
289	366	3	6.10
191	13	4	6.29
175	268	1	5.22
99	187	2	5.77
295	276	2	5.11
182	487	1	5.11
384	353	3	6.80
339	456	4	5.02
212	477	4	5.71
224	287	1	5.09
234	237	1	5.17
108	399	2	5.44
360	246	3	6.22
119	419	1	5.96
351	481	2	6.99
466	55	4	5.90
52	53	4	5.81
153	85	3	5.99
491	296	4	5.90
369	65	4	6.21
208	376	3	6.14
217	90	2	6.00
34	182	4	6.66
163	185	2	6.96
394	75	1	6.16
462	375	4	6.32
403	127	3	6.97
213	48	3	5.96
461	162	2	6.76
486	119	4	5.41
428	335	4	6.45
319	45	2	6.49
255	158	3	5.52
286	347	3	5.59
165	377	4	6.80
229	54	3	5.82
136	228	4	6.94
510	142	2	6.18
518	317	1	5.13
130	536	1	5.61
299	237	4	5.61
127	354	3	5.32
405	27	2	6.26
44	477	1	6.82
219	238	2	5.94
582	70	3	6.26
73	45	2	5.85
102	512	3	6.93
502	41	3	5.40
63	177	4	5.02
484	472	3	5.54
155	223	3	6.34
384	525	3	6.78
21	453	3	6.71
312	22	2	6.75
435	502	4	6.44
431	239	2	5.50
327	393	2	6.40
353	215	3	5.10
224	470	4	5.82
436	67	3	5.49
110	344	2	5.25
179	99	4	6.37
140	186	4	5.15
42	160	3	6.75
95	496	4	6.29
8	362	3	6.48
449	26	3	5.76
446	266	2	5.11
212	255	1	6.64
234	56	2	6.22
310	359	4	6.42
27	566	1	5.70
81	403	2	5.86
516	331	3	6.86
199	537	2	6.62
288	265	2	5.99
121	467	4	6.52
255	179	1	6.91
251	1	2	6.02
149	343	4	5.39
69	441	2	6.31
67	93	3	5.12
442	525	1	6.81
209	579	2	5.46
530	233	3	6.40
504	20	1	6.89
219	467	1	6.69
574	381	4	5.22
196	178	1	5.14
150	87	3	5.24
360	376	2	6.18
514	518	4	6.14
322	518	4	5.79
271	165	1	5.63
476	311	2	6.06
485	303	3	6.55
325	70	2	5.15
18	87	3	5.15
230	154	3	6.88
308	566	3	5.75
187	254	1	5.28
137	287	2	5.34
422	41	3	6.36
360	74	1	5.69
491	353	1	6.26
577	558	4	6.79
113	553	1	6.13
212	177	3	6.99
217	513	3	6.23
84	215	1	5.40
144	171	4	5.87
334	165	1	6.86
516	1	1	6.97
197	356	3	5.57
37	95	1	5.18
179	128	4	6.65
61	237	4	6.26
46	24	1	6.14
323	371	1	5.78
126	416	3	5.23
118	455	4	5.81
593	160	1	5.78
515	25	2	6.32
50	595	1	5.22
25	177	3	6.71
511	85	4	6.26
267	437	1	5.27
225	442	4	5.88
548	21	2	5.85
52	387	2	6.03
287	453	3	6.75
68	586	1	5.25
692	382	1	6.69
25	257	3	6.81
64	462	4	6.25
599	688	2	5.81
180	234	4	6.41
51	207	3	5.87
382	475	3	5.92
366	504	4	6.40
184	285	2	6.43
667	271	4	6.29
94	333	3	5.23
329	75	3	5.81
217	161	1	5.02
638	532	1	6.51
681	237	4	5.29
510	284	4	5.13
246	75	1	6.82
322	670	4	5.31
106	219	3	5.83
631	426	2	6.63
194	43	4	6.68
368	463	1	5.15
165	53	1	5.17
186	374	4	6.52
318	636	2	5.88
606	87	3	6.15
207	110	4	5.23
358	381	2	6.68
236	308	1	6.13
623	533	3	6.21
36	57	3	6.24
227	334	3	5.18
616	90	1	6.90
590	346	4	6.01
528	649	3	5.78
196	266	1	6.78
532	20	4	5.33
339	634	4	5.33
347	34	4	6.98
58	641	4	6.90
38	170	4	6.03
686	314	1	5.06
328	148	1	6.21
699	614	4	6.26
509	268	1	5.35
316	435	2	6.07
545	699	3	6.06
440	537	4	6.32
181	637	2	6.39
6	377	2	5.65
675	579	4	5.69
551	262	1	6.10
593	473	2	5.02
97	607	3	5.79
591	476	1	6.51
185	310	4	5.65
133	366	2	6.52
594	125	4	6.81
292	137	3	5.43
436	211	2	6.50
399	569	1	5.23
503	89	3	5.82
49	287	1	6.13
223	657	2	5.54
445	153	4	5.30
331	668	4	6.28
369	632	4	6.96
449	268	3	6.33
642	443	4	5.11
191	107	4	5.94
609	352	3	6.92
437	514	1	6.20
230	594	2	6.03
119	187	4	6.58
57	424	2	5.25
402	533	2	6.99
515	174	4	5.45
55	24	3	5.66
479	132	3	5.01
267	319	4	5.84
356	440	3	6.39
574	207	3	6.84
554	171	2	6.26
195	43	3	6.98
296	312	2	5.43
652	581	4	5.92
262	162	4	6.41
321	461	1	5.66
599	520	3	5.65
273	288	4	6.44
632	601	1	5.17
30	647	3	6.18
642	321	2	5.96
505	351	2	5.53
534	334	4	5.67
567	262	2	6.14
161	47	1	5.58
319	690	1	6.10
174	606	3	6.89
51	721	2	5.98
443	12	2	5.59
688	430	1	6.88
225	790	1	5.62
461	577	3	5.89
68	571	4	5.02
219	538	1	6.68
419	647	1	5.58
238	285	2	5.56
677	296	2	6.83
93	188	3	5.33
269	794	1	5.25
777	73	4	5.77
212	422	4	5.99
382	177	4	6.02
387	61	3	6.89
110	699	4	5.09
134	272	2	5.25
651	355	1	5.21
509	665	1	5.21
800	402	2	6.48
298	638	2	6.25
133	155	4	6.61
437	473	4	6.37
692	577	2	5.77
303	229	4	5.16
677	243	2	5.27
27	93	3	5.34
21	71	3	6.10
386	125	3	5.80
448	284	1	5.64
532	325	4	5.08
6	216	4	6.89
697	1	3	6.36
370	345	3	6.96
676	525	3	5.66
580	27	2	5.21
586	72	4	5.63
70	163	1	5.48
100	250	2	6.18
508	632	2	5.91
165	401	3	5.73
205	553	4	6.69
11	485	2	5.97
123	711	2	6.21
491	531	4	5.38
246	417	4	5.16
163	559	2	5.67
595	710	4	5.32
589	65	2	5.11
706	785	3	6.47
469	188	4	6.90
571	472	1	5.95
436	186	4	6.46
590	260	1	6.32
33	790	1	6.30
144	584	1	5.47
730	174	3	6.32
32	127	3	5.54
538	654	3	6.55
762	83	3	6.18
30	83	1	5.68
723	614	3	5.00
663	132	1	6.66
545	192	4	6.16
394	210	1	6.16
20	466	3	6.89
522	488	4	6.01
421	509	4	6.77
663	785	2	5.98
415	617	2	6.00
227	146	4	5.97
21	130	1	5.66
20	160	1	6.22
239	206	1	5.35
532	220	3	5.34
340	383	4	6.88
731	261	1	5.55
43	269	3	5.54
795	43	2	5.84
481	501	2	5.86
85	99	3	6.78
411	253	2	6.83
13	628	2	6.91
497	1	3	6.03
760	678	1	5.62
351	597	1	5.53
414	475	2	6.46
186	23	3	6.71
774	82	2	6.98
550	713	1	5.48
561	142	4	6.63
442	64	3	5.81
115	20	2	6.32
37	495	3	6.91
632	399	4	6.69
534	242	1	5.80
456	376	2	6.55
669	25	2	5.19
731	46	4	5.40
\.


--
-- Data for Name: orders; Type: TABLE DATA; Schema: public; Owner: postgres
--

COPY public.orders (id, customer_id, address_id, shipment_method_id, payment_id, status, total_amount, currency) FROM stdin;
1	78	85	29	\N	pending	21.15	USD
2	27	86	65	\N	confirmed	20.14	USD
3	81	53	31	\N	shipped	20.23	USD
4	98	40	2	\N	pending	21.71	USD
5	16	61	19	\N	confirmed	21.76	USD
6	12	19	74	\N	shipped	21.63	USD
7	73	62	88	\N	pending	20.65	USD
8	94	94	28	\N	confirmed	21.37	USD
9	100	100	91	\N	shipped	21.96	USD
10	9	100	33	\N	pending	21.05	USD
11	44	92	39	\N	confirmed	21.59	USD
12	34	23	93	\N	shipped	21.19	USD
13	85	49	32	\N	pending	20.32	USD
14	51	48	96	\N	confirmed	21.78	USD
15	34	96	48	\N	shipped	21.54	USD
16	25	89	49	\N	pending	20.94	USD
17	45	87	20	\N	confirmed	21.27	USD
18	60	69	45	\N	shipped	20.24	USD
19	7	18	72	\N	pending	21.97	USD
20	80	81	58	\N	confirmed	21.76	USD
21	96	91	75	\N	shipped	20.17	USD
22	58	99	18	\N	pending	21.14	USD
23	56	73	17	\N	confirmed	20.64	USD
24	99	30	52	\N	shipped	20.35	USD
25	96	78	54	\N	pending	20.22	USD
26	92	87	59	\N	confirmed	20.73	USD
27	100	51	36	\N	shipped	21.93	USD
28	83	65	93	\N	pending	20.30	USD
29	60	66	67	\N	confirmed	21.33	USD
30	64	1	15	\N	shipped	20.83	USD
31	80	56	95	\N	pending	20.48	USD
32	97	11	81	\N	confirmed	21.68	USD
33	14	42	31	\N	shipped	21.63	USD
34	9	79	65	\N	pending	20.26	USD
35	59	98	10	\N	confirmed	21.75	USD
36	66	99	81	\N	shipped	21.38	USD
37	82	70	10	\N	pending	20.46	USD
38	74	67	15	\N	confirmed	21.78	USD
39	4	23	71	\N	shipped	21.79	USD
40	59	72	48	\N	pending	21.10	USD
41	69	12	58	\N	confirmed	21.36	USD
42	87	65	80	\N	shipped	21.95	USD
43	51	100	59	\N	pending	20.97	USD
44	38	98	95	\N	confirmed	20.92	USD
45	17	69	81	\N	shipped	21.92	USD
46	94	31	78	\N	pending	20.29	USD
47	62	16	12	\N	confirmed	20.58	USD
48	4	45	53	\N	shipped	21.03	USD
49	1	2	68	\N	pending	20.39	USD
50	2	46	1	\N	confirmed	21.22	USD
51	54	32	45	\N	shipped	20.29	USD
52	79	47	58	\N	pending	20.87	USD
53	43	64	16	\N	confirmed	21.48	USD
54	69	37	58	\N	shipped	21.85	USD
55	80	81	14	\N	pending	21.77	USD
56	25	69	61	\N	confirmed	20.56	USD
57	88	33	68	\N	shipped	20.76	USD
58	90	39	13	\N	pending	20.33	USD
59	59	84	23	\N	confirmed	20.79	USD
60	94	26	53	\N	shipped	21.11	USD
61	95	20	53	\N	pending	21.51	USD
62	13	68	15	\N	confirmed	21.28	USD
63	55	90	95	\N	shipped	20.73	USD
64	13	35	63	\N	pending	20.90	USD
65	17	7	42	\N	confirmed	20.54	USD
66	88	63	16	\N	shipped	20.92	USD
67	5	37	58	\N	pending	21.09	USD
68	97	70	80	\N	confirmed	21.47	USD
69	28	15	54	\N	shipped	21.64	USD
70	19	88	26	\N	pending	21.42	USD
71	4	89	16	\N	confirmed	20.36	USD
72	59	66	61	\N	shipped	20.22	USD
73	99	50	8	\N	pending	21.79	USD
74	11	55	46	\N	confirmed	20.51	USD
75	42	66	61	\N	shipped	21.79	USD
76	2	40	83	\N	pending	20.83	USD
77	94	34	81	\N	confirmed	21.10	USD
78	1	15	40	\N	shipped	21.80	USD
79	59	41	58	\N	pending	21.02	USD
80	65	64	89	\N	confirmed	21.65	USD
81	78	16	98	\N	shipped	21.51	USD
82	87	98	51	\N	pending	21.65	USD
83	44	59	23	\N	confirmed	20.11	USD
84	100	24	34	\N	shipped	21.80	USD
85	32	55	70	\N	pending	20.56	USD
86	11	73	13	\N	confirmed	20.19	USD
87	35	99	17	\N	shipped	20.82	USD
88	38	77	25	\N	pending	21.06	USD
89	59	34	15	\N	confirmed	21.32	USD
90	98	27	88	\N	shipped	21.19	USD
91	66	60	45	\N	pending	21.17	USD
92	60	22	97	\N	confirmed	21.60	USD
93	86	53	99	\N	shipped	20.96	USD
94	81	6	92	\N	pending	21.07	USD
95	83	82	57	\N	confirmed	20.20	USD
96	59	69	8	\N	shipped	20.75	USD
97	81	99	31	\N	pending	20.84	USD
98	44	20	52	\N	confirmed	20.05	USD
99	91	46	22	\N	shipped	21.35	USD
100	52	99	18	\N	pending	20.83	USD
101	190	168	65	\N	pending	20.03	USD
102	47	110	114	\N	confirmed	20.58	USD
103	71	90	103	\N	shipped	20.13	USD
104	109	251	147	\N	pending	21.31	USD
105	125	169	183	\N	confirmed	21.45	USD
106	8	46	160	\N	shipped	21.43	USD
107	29	175	26	\N	pending	20.62	USD
108	64	231	101	\N	confirmed	21.35	USD
109	69	232	168	\N	shipped	21.80	USD
110	107	122	132	\N	pending	21.20	USD
111	82	22	52	\N	confirmed	21.40	USD
112	56	158	68	\N	shipped	20.49	USD
113	11	59	43	\N	pending	20.22	USD
114	54	141	196	\N	confirmed	20.41	USD
115	165	282	10	\N	shipped	20.26	USD
116	9	138	38	\N	pending	20.27	USD
117	64	77	26	\N	confirmed	21.29	USD
118	30	19	28	\N	shipped	20.28	USD
119	69	180	166	\N	pending	21.93	USD
120	8	71	88	\N	confirmed	21.42	USD
121	192	35	167	\N	shipped	20.48	USD
122	20	137	150	\N	pending	21.71	USD
123	50	124	100	\N	confirmed	20.65	USD
124	75	78	29	\N	shipped	20.50	USD
125	80	246	119	\N	pending	21.13	USD
126	113	47	134	\N	confirmed	21.69	USD
127	90	184	79	\N	shipped	20.08	USD
128	1	248	32	\N	pending	20.91	USD
129	154	286	3	\N	confirmed	21.43	USD
130	156	200	57	\N	shipped	21.36	USD
131	163	49	164	\N	pending	21.52	USD
132	36	146	158	\N	confirmed	20.71	USD
133	93	128	162	\N	shipped	21.60	USD
134	63	291	152	\N	pending	22.00	USD
135	99	194	45	\N	confirmed	20.79	USD
136	142	26	179	\N	shipped	20.14	USD
137	121	264	191	\N	pending	20.18	USD
138	85	299	148	\N	confirmed	21.60	USD
139	162	227	19	\N	shipped	20.08	USD
140	43	243	190	\N	pending	21.14	USD
141	83	286	86	\N	confirmed	21.91	USD
142	172	202	193	\N	shipped	21.00	USD
143	157	126	58	\N	pending	20.49	USD
144	90	196	124	\N	confirmed	21.45	USD
145	18	203	124	\N	shipped	21.70	USD
146	173	278	104	\N	pending	21.26	USD
147	73	52	80	\N	confirmed	20.73	USD
148	116	272	99	\N	shipped	20.93	USD
149	34	85	73	\N	pending	20.23	USD
150	58	239	180	\N	confirmed	21.94	USD
151	100	53	55	\N	shipped	20.10	USD
152	127	250	6	\N	pending	20.48	USD
153	8	41	35	\N	confirmed	21.13	USD
154	183	22	127	\N	shipped	21.03	USD
155	116	122	102	\N	pending	20.48	USD
156	176	95	18	\N	confirmed	21.80	USD
157	101	202	165	\N	shipped	21.78	USD
158	150	116	117	\N	pending	21.44	USD
159	7	171	47	\N	confirmed	21.15	USD
160	175	183	164	\N	shipped	21.13	USD
161	72	97	2	\N	pending	21.16	USD
162	170	252	22	\N	confirmed	20.72	USD
163	99	16	163	\N	shipped	21.09	USD
164	177	19	126	\N	pending	20.12	USD
165	30	150	137	\N	confirmed	20.69	USD
166	82	264	78	\N	shipped	21.72	USD
167	158	232	25	\N	pending	20.43	USD
168	95	85	166	\N	confirmed	20.07	USD
169	133	196	99	\N	shipped	21.42	USD
170	188	175	23	\N	pending	20.44	USD
171	118	31	75	\N	confirmed	21.11	USD
172	51	242	199	\N	shipped	20.28	USD
173	145	297	187	\N	pending	20.99	USD
174	89	201	62	\N	confirmed	20.79	USD
175	57	110	190	\N	shipped	20.63	USD
176	12	161	109	\N	pending	21.30	USD
177	80	88	189	\N	confirmed	21.85	USD
178	85	108	86	\N	shipped	21.97	USD
179	68	98	161	\N	pending	21.09	USD
180	150	193	151	\N	confirmed	20.77	USD
181	7	247	189	\N	shipped	20.30	USD
182	103	161	66	\N	pending	20.92	USD
183	197	220	173	\N	confirmed	20.48	USD
184	129	154	104	\N	shipped	21.70	USD
185	91	207	86	\N	pending	21.32	USD
186	91	228	59	\N	confirmed	21.03	USD
187	198	176	175	\N	shipped	21.42	USD
188	195	273	127	\N	pending	20.65	USD
189	163	244	47	\N	confirmed	21.47	USD
190	64	192	83	\N	shipped	20.26	USD
191	97	140	190	\N	pending	21.90	USD
192	147	25	140	\N	confirmed	20.38	USD
193	82	58	142	\N	shipped	21.46	USD
194	83	119	1	\N	pending	20.55	USD
195	28	224	173	\N	confirmed	21.21	USD
196	176	134	23	\N	shipped	20.24	USD
197	166	162	7	\N	pending	20.67	USD
198	176	74	59	\N	confirmed	21.17	USD
199	58	204	34	\N	shipped	20.65	USD
200	164	40	140	\N	pending	21.81	USD
201	174	307	127	\N	pending	21.77	USD
202	61	62	19	\N	confirmed	20.22	USD
203	217	103	53	\N	shipped	21.50	USD
204	87	231	278	\N	pending	21.09	USD
205	84	32	217	\N	confirmed	21.45	USD
206	257	142	86	\N	shipped	21.39	USD
207	144	305	101	\N	pending	20.24	USD
208	27	42	226	\N	confirmed	20.25	USD
209	176	107	215	\N	shipped	20.02	USD
210	97	349	59	\N	pending	20.50	USD
211	11	317	133	\N	confirmed	20.11	USD
212	124	534	121	\N	shipped	20.75	USD
213	260	266	85	\N	pending	20.40	USD
214	183	469	115	\N	confirmed	20.34	USD
215	143	379	272	\N	shipped	20.49	USD
216	165	468	177	\N	pending	21.14	USD
217	100	118	210	\N	confirmed	20.78	USD
218	242	381	121	\N	shipped	20.80	USD
219	184	582	160	\N	pending	21.18	USD
220	144	64	197	\N	confirmed	20.81	USD
221	79	552	275	\N	shipped	21.56	USD
222	56	579	129	\N	pending	20.79	USD
223	280	199	91	\N	confirmed	21.95	USD
224	105	348	248	\N	shipped	20.39	USD
225	270	540	55	\N	pending	21.31	USD
226	80	566	107	\N	confirmed	21.61	USD
227	84	18	272	\N	shipped	21.54	USD
228	295	441	210	\N	pending	21.37	USD
229	138	404	275	\N	confirmed	21.69	USD
230	191	569	19	\N	shipped	20.90	USD
231	78	329	116	\N	pending	21.77	USD
232	160	514	48	\N	confirmed	21.90	USD
233	174	4	124	\N	shipped	21.64	USD
234	142	245	38	\N	pending	20.09	USD
235	214	475	167	\N	confirmed	21.18	USD
236	195	171	64	\N	shipped	21.26	USD
237	76	49	82	\N	pending	20.37	USD
238	203	583	200	\N	confirmed	21.48	USD
239	196	314	72	\N	shipped	21.85	USD
240	280	42	203	\N	pending	21.04	USD
241	161	456	88	\N	confirmed	20.59	USD
242	134	260	33	\N	shipped	20.38	USD
243	211	413	52	\N	pending	21.01	USD
244	170	535	50	\N	confirmed	21.03	USD
245	211	560	160	\N	shipped	20.38	USD
246	254	457	235	\N	pending	21.72	USD
247	192	390	141	\N	confirmed	21.01	USD
248	170	497	55	\N	shipped	20.40	USD
249	296	424	220	\N	pending	21.83	USD
250	141	233	124	\N	confirmed	21.85	USD
251	299	480	111	\N	shipped	21.42	USD
252	260	270	133	\N	pending	20.22	USD
253	157	165	16	\N	confirmed	21.36	USD
254	28	510	64	\N	shipped	20.96	USD
255	62	530	23	\N	pending	20.79	USD
256	87	486	182	\N	confirmed	20.84	USD
257	296	447	88	\N	shipped	20.46	USD
258	256	589	236	\N	pending	20.29	USD
259	138	222	2	\N	confirmed	20.55	USD
260	151	96	199	\N	shipped	21.90	USD
261	27	8	110	\N	pending	21.50	USD
262	203	183	63	\N	confirmed	20.57	USD
263	205	37	91	\N	shipped	21.39	USD
264	229	525	35	\N	pending	20.56	USD
265	175	413	17	\N	confirmed	20.21	USD
266	289	188	193	\N	shipped	21.07	USD
267	197	491	183	\N	pending	20.23	USD
268	181	483	25	\N	confirmed	20.38	USD
269	138	10	168	\N	shipped	21.36	USD
270	238	118	109	\N	pending	20.47	USD
271	86	110	47	\N	confirmed	22.00	USD
272	298	13	93	\N	shipped	20.68	USD
273	184	491	113	\N	pending	21.80	USD
274	291	292	73	\N	confirmed	21.09	USD
275	167	354	95	\N	shipped	21.26	USD
276	222	509	221	\N	pending	21.69	USD
277	23	20	192	\N	confirmed	20.49	USD
278	157	372	65	\N	shipped	21.86	USD
279	142	502	103	\N	pending	20.12	USD
280	178	108	138	\N	confirmed	20.21	USD
281	144	433	258	\N	shipped	21.43	USD
282	250	600	82	\N	pending	21.20	USD
283	92	23	60	\N	confirmed	20.45	USD
284	70	486	23	\N	shipped	21.21	USD
285	50	213	261	\N	pending	21.91	USD
286	216	444	276	\N	confirmed	20.24	USD
287	88	484	150	\N	shipped	21.83	USD
288	5	237	80	\N	pending	20.79	USD
289	77	174	81	\N	confirmed	20.90	USD
290	144	20	270	\N	shipped	21.63	USD
291	177	309	191	\N	pending	21.23	USD
292	16	66	277	\N	confirmed	21.05	USD
293	24	142	293	\N	shipped	21.43	USD
294	171	328	33	\N	pending	20.85	USD
295	226	350	62	\N	confirmed	21.22	USD
296	267	1	140	\N	shipped	20.37	USD
297	295	505	239	\N	pending	20.01	USD
298	109	208	125	\N	confirmed	20.11	USD
299	217	11	206	\N	shipped	21.73	USD
300	255	41	54	\N	pending	21.28	USD
301	53	565	389	\N	pending	20.20	USD
302	317	161	3	\N	confirmed	21.70	USD
303	90	981	196	\N	shipped	21.59	USD
304	109	782	267	\N	pending	21.83	USD
305	71	708	33	\N	confirmed	20.72	USD
306	156	288	97	\N	shipped	21.15	USD
307	220	599	119	\N	pending	21.51	USD
308	375	365	124	\N	confirmed	21.39	USD
309	281	221	208	\N	shipped	21.49	USD
310	393	353	186	\N	pending	20.38	USD
311	40	15	399	\N	confirmed	21.86	USD
312	329	355	267	\N	shipped	20.72	USD
313	237	801	144	\N	pending	20.59	USD
314	119	159	142	\N	confirmed	21.01	USD
315	356	404	129	\N	shipped	20.12	USD
316	45	144	107	\N	pending	21.33	USD
317	224	674	52	\N	confirmed	20.80	USD
318	58	712	384	\N	shipped	21.39	USD
319	337	570	46	\N	pending	20.28	USD
320	360	8	269	\N	confirmed	21.18	USD
321	339	666	259	\N	shipped	21.60	USD
322	193	546	78	\N	pending	21.00	USD
323	32	108	89	\N	confirmed	20.62	USD
324	145	621	81	\N	shipped	20.85	USD
325	148	27	169	\N	pending	21.78	USD
326	186	969	303	\N	confirmed	21.81	USD
327	122	79	278	\N	shipped	20.43	USD
328	379	56	23	\N	pending	21.79	USD
329	96	249	292	\N	confirmed	20.11	USD
330	373	298	114	\N	shipped	20.60	USD
331	126	183	350	\N	pending	20.83	USD
332	260	819	78	\N	confirmed	20.55	USD
333	124	963	72	\N	shipped	20.33	USD
334	355	320	382	\N	pending	21.36	USD
335	250	979	273	\N	confirmed	20.15	USD
336	86	330	2	\N	shipped	20.20	USD
337	92	861	295	\N	pending	20.04	USD
338	90	993	127	\N	confirmed	20.94	USD
339	6	749	117	\N	shipped	20.72	USD
340	173	13	230	\N	pending	21.41	USD
341	290	215	327	\N	confirmed	21.96	USD
342	394	408	28	\N	shipped	21.47	USD
343	272	61	394	\N	pending	20.95	USD
344	261	895	52	\N	confirmed	20.15	USD
345	194	12	88	\N	shipped	21.81	USD
346	116	180	296	\N	pending	21.15	USD
347	43	724	43	\N	confirmed	20.49	USD
348	233	897	379	\N	shipped	20.75	USD
349	42	845	260	\N	pending	20.83	USD
350	212	636	82	\N	confirmed	20.69	USD
351	394	72	37	\N	shipped	20.36	USD
352	264	236	311	\N	pending	21.49	USD
353	297	885	140	\N	confirmed	21.07	USD
354	142	398	228	\N	shipped	20.80	USD
355	107	354	41	\N	pending	20.98	USD
356	242	172	44	\N	confirmed	21.37	USD
357	34	435	372	\N	shipped	20.82	USD
358	400	722	385	\N	pending	20.04	USD
359	187	590	234	\N	confirmed	21.88	USD
360	373	757	300	\N	shipped	21.77	USD
361	117	267	57	\N	pending	20.37	USD
362	155	546	22	\N	confirmed	21.73	USD
363	223	723	304	\N	shipped	20.22	USD
364	290	377	352	\N	pending	21.09	USD
365	144	740	209	\N	confirmed	20.43	USD
366	194	383	136	\N	shipped	21.04	USD
367	318	491	143	\N	pending	21.50	USD
368	201	24	343	\N	confirmed	20.70	USD
369	82	24	363	\N	shipped	20.85	USD
370	46	145	335	\N	pending	21.19	USD
371	43	390	199	\N	confirmed	20.97	USD
372	131	17	120	\N	shipped	20.52	USD
373	210	367	344	\N	pending	21.05	USD
374	138	511	14	\N	confirmed	21.70	USD
375	135	976	316	\N	shipped	20.63	USD
376	155	343	40	\N	pending	21.09	USD
377	64	926	213	\N	confirmed	21.41	USD
378	47	254	188	\N	shipped	21.27	USD
379	343	316	120	\N	pending	21.33	USD
380	309	363	353	\N	confirmed	21.27	USD
381	310	712	277	\N	shipped	20.43	USD
382	45	528	158	\N	pending	21.38	USD
383	181	934	93	\N	confirmed	20.39	USD
384	276	456	117	\N	shipped	20.80	USD
385	327	329	140	\N	pending	22.00	USD
386	60	282	136	\N	confirmed	20.14	USD
387	304	992	392	\N	shipped	20.43	USD
388	362	503	228	\N	pending	20.58	USD
389	64	271	114	\N	confirmed	20.96	USD
390	388	908	225	\N	shipped	21.52	USD
391	198	135	248	\N	pending	20.61	USD
392	251	714	58	\N	confirmed	20.73	USD
393	187	954	209	\N	shipped	21.96	USD
394	384	574	210	\N	pending	21.27	USD
395	124	208	363	\N	confirmed	21.00	USD
396	330	994	231	\N	shipped	21.58	USD
397	123	162	216	\N	pending	21.46	USD
398	40	361	254	\N	confirmed	21.12	USD
399	84	242	207	\N	shipped	20.14	USD
400	140	192	349	\N	pending	21.02	USD
401	234	1182	353	\N	pending	20.48	USD
402	242	526	487	\N	confirmed	20.25	USD
403	51	971	287	\N	shipped	21.91	USD
404	420	356	446	\N	pending	21.42	USD
405	160	1082	274	\N	confirmed	20.50	USD
406	291	750	146	\N	shipped	21.08	USD
407	308	1348	28	\N	pending	20.22	USD
408	82	293	469	\N	confirmed	21.88	USD
409	130	19	180	\N	shipped	20.06	USD
410	308	1349	439	\N	pending	20.84	USD
411	204	1153	148	\N	confirmed	21.58	USD
412	32	762	40	\N	shipped	21.68	USD
413	238	924	33	\N	pending	20.72	USD
414	185	1	437	\N	confirmed	21.12	USD
415	154	1262	54	\N	shipped	20.47	USD
416	16	445	460	\N	pending	21.61	USD
417	10	634	77	\N	confirmed	20.51	USD
418	387	49	334	\N	shipped	21.20	USD
419	82	1070	211	\N	pending	21.12	USD
420	465	604	201	\N	confirmed	21.57	USD
421	116	730	30	\N	shipped	20.76	USD
422	130	1002	291	\N	pending	20.12	USD
423	240	494	78	\N	confirmed	21.42	USD
424	167	1237	447	\N	shipped	20.43	USD
425	44	789	140	\N	pending	20.43	USD
426	178	1079	255	\N	confirmed	20.69	USD
427	129	144	464	\N	shipped	21.84	USD
428	37	1096	200	\N	pending	20.42	USD
429	293	1434	63	\N	confirmed	20.46	USD
430	165	96	333	\N	shipped	21.02	USD
431	75	1441	182	\N	pending	20.50	USD
432	39	349	435	\N	confirmed	21.72	USD
433	353	990	307	\N	shipped	21.94	USD
434	429	93	429	\N	pending	21.22	USD
435	474	21	211	\N	confirmed	20.56	USD
436	162	452	107	\N	shipped	21.09	USD
437	122	694	123	\N	pending	20.89	USD
438	142	105	301	\N	confirmed	21.50	USD
439	432	1090	296	\N	shipped	21.93	USD
440	3	153	280	\N	pending	20.35	USD
441	72	66	493	\N	confirmed	21.43	USD
442	304	379	213	\N	shipped	20.45	USD
443	426	1084	292	\N	pending	20.08	USD
444	360	39	87	\N	confirmed	21.27	USD
445	352	496	192	\N	shipped	21.43	USD
446	324	911	43	\N	pending	20.17	USD
447	364	985	312	\N	confirmed	21.89	USD
448	499	582	483	\N	shipped	21.28	USD
449	80	1032	43	\N	pending	21.45	USD
450	241	644	264	\N	confirmed	21.18	USD
451	400	650	276	\N	shipped	20.85	USD
452	456	555	56	\N	pending	20.04	USD
453	281	191	7	\N	confirmed	20.68	USD
454	84	1290	468	\N	shipped	21.30	USD
455	116	1286	347	\N	pending	21.67	USD
456	475	161	174	\N	confirmed	20.46	USD
457	385	1366	163	\N	shipped	21.71	USD
458	192	130	98	\N	pending	20.84	USD
459	27	158	135	\N	confirmed	20.39	USD
460	304	948	158	\N	shipped	20.94	USD
461	408	1065	366	\N	pending	21.95	USD
462	217	449	491	\N	confirmed	21.70	USD
463	453	718	356	\N	shipped	20.57	USD
464	469	451	300	\N	pending	20.63	USD
465	85	1050	243	\N	confirmed	20.66	USD
466	368	758	231	\N	shipped	20.27	USD
467	443	570	72	\N	pending	20.80	USD
468	95	587	229	\N	confirmed	20.09	USD
469	142	557	176	\N	shipped	20.61	USD
470	433	14	335	\N	pending	21.20	USD
471	283	693	439	\N	confirmed	21.24	USD
472	308	1057	236	\N	shipped	21.01	USD
473	161	151	474	\N	pending	20.94	USD
474	286	843	324	\N	confirmed	20.11	USD
475	313	815	449	\N	shipped	20.81	USD
476	113	432	12	\N	pending	21.88	USD
477	490	814	433	\N	confirmed	21.00	USD
478	253	204	185	\N	shipped	20.01	USD
479	201	424	395	\N	pending	21.33	USD
480	136	568	163	\N	confirmed	20.28	USD
481	234	423	279	\N	shipped	20.17	USD
482	78	983	81	\N	pending	21.18	USD
483	216	1406	21	\N	confirmed	21.14	USD
484	305	546	435	\N	shipped	21.84	USD
485	481	530	230	\N	pending	20.41	USD
486	255	1495	493	\N	confirmed	21.41	USD
487	396	908	329	\N	shipped	20.82	USD
488	240	1460	404	\N	pending	20.08	USD
489	229	366	132	\N	confirmed	20.33	USD
490	392	1444	452	\N	shipped	20.10	USD
491	335	167	272	\N	pending	20.32	USD
492	233	735	66	\N	confirmed	20.25	USD
493	166	1466	346	\N	shipped	20.02	USD
494	240	379	474	\N	pending	20.72	USD
495	40	304	346	\N	confirmed	20.04	USD
496	274	332	410	\N	shipped	20.02	USD
497	249	1227	75	\N	pending	21.62	USD
498	33	332	168	\N	confirmed	21.71	USD
499	478	1388	437	\N	shipped	20.51	USD
500	52	1072	219	\N	pending	20.04	USD
501	187	269	490	\N	pending	21.93	USD
502	574	549	585	\N	confirmed	20.67	USD
503	10	1002	553	\N	shipped	21.41	USD
504	226	1977	547	\N	pending	21.74	USD
505	563	562	33	\N	confirmed	21.33	USD
506	452	1286	68	\N	shipped	21.42	USD
507	46	1098	232	\N	pending	21.68	USD
508	269	1775	597	\N	confirmed	20.26	USD
509	4	1648	218	\N	shipped	20.16	USD
510	380	826	30	\N	pending	20.22	USD
511	99	702	271	\N	confirmed	21.98	USD
512	285	1279	264	\N	shipped	21.26	USD
513	417	1976	563	\N	pending	20.70	USD
514	292	446	102	\N	confirmed	21.54	USD
515	533	278	31	\N	shipped	20.13	USD
516	373	1683	177	\N	pending	20.30	USD
517	290	489	68	\N	confirmed	20.08	USD
518	570	1434	225	\N	shipped	20.30	USD
519	394	1883	88	\N	pending	21.35	USD
520	202	100	518	\N	confirmed	20.18	USD
521	7	481	451	\N	shipped	20.85	USD
522	390	1139	494	\N	pending	20.57	USD
523	259	1410	311	\N	confirmed	21.90	USD
524	421	535	58	\N	shipped	21.63	USD
525	79	884	344	\N	pending	20.96	USD
526	395	1682	404	\N	confirmed	20.72	USD
527	336	81	316	\N	shipped	20.00	USD
528	591	136	278	\N	pending	20.48	USD
529	158	691	487	\N	confirmed	20.23	USD
530	540	1283	91	\N	shipped	21.65	USD
531	146	1551	505	\N	pending	20.13	USD
532	312	640	216	\N	confirmed	21.54	USD
533	536	2001	297	\N	shipped	21.97	USD
534	146	571	38	\N	pending	20.42	USD
535	241	212	534	\N	confirmed	21.84	USD
536	65	1063	454	\N	shipped	21.21	USD
537	522	342	585	\N	pending	20.64	USD
538	548	365	525	\N	confirmed	20.14	USD
539	10	652	183	\N	shipped	21.91	USD
540	146	1915	219	\N	pending	20.36	USD
541	256	799	523	\N	confirmed	21.91	USD
542	83	719	463	\N	shipped	20.59	USD
543	183	139	374	\N	pending	20.22	USD
544	414	101	90	\N	confirmed	21.79	USD
545	23	356	96	\N	shipped	21.58	USD
546	200	1371	596	\N	pending	21.58	USD
547	347	121	331	\N	confirmed	20.16	USD
548	269	199	498	\N	shipped	20.96	USD
549	502	1594	202	\N	pending	21.21	USD
550	490	1661	337	\N	confirmed	20.29	USD
551	467	2003	420	\N	shipped	21.51	USD
552	454	893	433	\N	pending	21.02	USD
553	3	1302	223	\N	confirmed	21.81	USD
554	113	1374	345	\N	shipped	20.11	USD
555	600	1341	431	\N	pending	21.35	USD
556	308	1347	501	\N	confirmed	20.94	USD
557	29	63	338	\N	shipped	20.79	USD
558	410	1700	178	\N	pending	21.92	USD
559	543	444	80	\N	confirmed	21.85	USD
560	577	53	312	\N	shipped	20.31	USD
561	224	1490	86	\N	pending	21.94	USD
562	318	456	546	\N	confirmed	20.06	USD
563	345	629	545	\N	shipped	21.86	USD
564	508	98	412	\N	pending	20.90	USD
565	569	1901	85	\N	confirmed	20.06	USD
566	65	1728	207	\N	shipped	21.54	USD
567	594	935	149	\N	pending	21.01	USD
568	225	415	129	\N	confirmed	21.51	USD
569	22	248	289	\N	shipped	20.92	USD
570	560	2030	112	\N	pending	21.86	USD
571	596	1210	272	\N	confirmed	20.07	USD
572	454	1192	185	\N	shipped	20.10	USD
573	595	840	20	\N	pending	21.69	USD
574	3	2004	271	\N	confirmed	21.31	USD
575	396	273	558	\N	shipped	21.86	USD
576	66	1777	136	\N	pending	21.12	USD
577	380	1678	188	\N	confirmed	20.40	USD
578	191	1300	459	\N	shipped	21.90	USD
579	530	1498	220	\N	pending	21.93	USD
580	252	1502	466	\N	confirmed	21.58	USD
581	372	187	91	\N	shipped	20.99	USD
582	536	1792	499	\N	pending	21.71	USD
583	551	1266	502	\N	confirmed	21.46	USD
584	237	617	497	\N	shipped	20.01	USD
585	77	1347	134	\N	pending	21.72	USD
586	563	218	554	\N	confirmed	20.35	USD
587	412	1764	295	\N	shipped	20.47	USD
588	305	727	379	\N	pending	20.13	USD
589	244	1929	61	\N	confirmed	20.52	USD
590	354	1354	438	\N	shipped	20.09	USD
591	289	275	265	\N	pending	21.02	USD
592	138	719	518	\N	confirmed	20.62	USD
593	92	1417	380	\N	shipped	21.90	USD
594	170	1970	424	\N	pending	21.75	USD
595	60	1015	386	\N	confirmed	21.36	USD
596	547	1181	317	\N	shipped	21.04	USD
597	149	2038	554	\N	pending	21.58	USD
598	273	1328	439	\N	confirmed	21.59	USD
599	9	278	501	\N	shipped	21.60	USD
600	547	876	514	\N	pending	21.13	USD
601	2	1277	396	\N	pending	20.80	USD
602	523	1406	102	\N	confirmed	20.07	USD
603	507	2649	185	\N	shipped	21.20	USD
604	90	2274	655	\N	pending	21.78	USD
605	480	2565	635	\N	confirmed	20.36	USD
606	294	353	68	\N	shipped	21.68	USD
607	587	2445	402	\N	pending	21.91	USD
608	691	1646	276	\N	confirmed	21.12	USD
609	111	77	419	\N	shipped	21.86	USD
610	281	1443	488	\N	pending	20.34	USD
611	631	92	222	\N	confirmed	20.13	USD
612	193	21	399	\N	shipped	20.73	USD
613	590	681	367	\N	pending	20.75	USD
614	40	1417	451	\N	confirmed	20.67	USD
615	511	284	509	\N	shipped	20.73	USD
616	154	1212	673	\N	pending	20.70	USD
617	118	255	604	\N	confirmed	20.24	USD
618	22	2331	692	\N	shipped	20.76	USD
619	600	112	691	\N	pending	21.97	USD
620	564	1681	1	\N	confirmed	20.59	USD
621	496	581	299	\N	shipped	21.40	USD
622	280	190	181	\N	pending	21.11	USD
623	468	1794	197	\N	confirmed	20.29	USD
624	636	2108	471	\N	shipped	21.12	USD
625	30	1417	333	\N	pending	20.44	USD
626	586	1853	679	\N	confirmed	21.52	USD
627	324	1145	311	\N	shipped	20.59	USD
628	281	458	42	\N	pending	21.59	USD
629	647	1757	365	\N	confirmed	21.18	USD
630	363	602	106	\N	shipped	21.68	USD
631	349	1165	34	\N	pending	21.20	USD
632	267	116	292	\N	confirmed	21.90	USD
633	690	1973	443	\N	shipped	21.44	USD
634	672	1240	356	\N	pending	20.28	USD
635	100	160	350	\N	confirmed	21.84	USD
636	361	1344	619	\N	shipped	20.11	USD
637	391	365	147	\N	pending	21.36	USD
638	560	2200	346	\N	confirmed	20.78	USD
639	5	2438	580	\N	shipped	21.16	USD
640	117	948	367	\N	pending	21.25	USD
641	641	2264	515	\N	confirmed	21.91	USD
642	109	2007	562	\N	shipped	21.61	USD
643	238	2159	277	\N	pending	21.37	USD
644	120	32	383	\N	confirmed	20.38	USD
645	362	338	642	\N	shipped	20.29	USD
646	166	1626	215	\N	pending	21.66	USD
647	576	713	445	\N	confirmed	20.50	USD
648	127	2190	267	\N	shipped	20.24	USD
649	472	1540	22	\N	pending	21.08	USD
650	513	271	367	\N	confirmed	21.80	USD
651	323	137	290	\N	shipped	20.17	USD
652	683	1113	615	\N	pending	21.11	USD
653	495	2183	490	\N	confirmed	21.80	USD
654	658	11	352	\N	shipped	20.08	USD
655	596	280	419	\N	pending	20.08	USD
656	264	2005	560	\N	confirmed	20.12	USD
657	69	579	74	\N	shipped	21.68	USD
658	527	1673	268	\N	pending	21.44	USD
659	497	2008	20	\N	confirmed	20.39	USD
660	640	312	106	\N	shipped	20.53	USD
661	557	1394	313	\N	pending	21.73	USD
662	647	2206	52	\N	confirmed	20.44	USD
663	307	1675	658	\N	shipped	20.07	USD
664	126	816	222	\N	pending	20.45	USD
665	571	1169	443	\N	confirmed	20.81	USD
666	17	404	111	\N	shipped	21.05	USD
667	656	1573	203	\N	pending	21.57	USD
668	612	2301	310	\N	confirmed	20.24	USD
669	273	300	697	\N	shipped	21.87	USD
670	566	1063	373	\N	pending	21.09	USD
671	189	2169	613	\N	confirmed	21.85	USD
672	173	2579	622	\N	shipped	20.66	USD
673	599	1854	654	\N	pending	21.97	USD
674	599	1104	273	\N	confirmed	21.56	USD
675	574	1861	177	\N	shipped	20.05	USD
676	166	629	504	\N	pending	20.33	USD
677	380	141	333	\N	confirmed	20.13	USD
678	91	40	85	\N	shipped	20.76	USD
679	648	1889	618	\N	pending	20.60	USD
680	306	1871	586	\N	confirmed	21.02	USD
681	406	181	344	\N	shipped	21.38	USD
682	439	2176	62	\N	pending	21.62	USD
683	219	2299	532	\N	confirmed	21.01	USD
684	647	685	678	\N	shipped	20.27	USD
685	77	2303	367	\N	pending	21.53	USD
686	532	2053	374	\N	confirmed	21.01	USD
687	151	1353	396	\N	shipped	21.10	USD
688	133	224	220	\N	pending	21.13	USD
689	350	517	82	\N	confirmed	20.27	USD
690	206	2635	135	\N	shipped	21.90	USD
691	658	1495	435	\N	pending	20.36	USD
692	76	1126	440	\N	confirmed	21.14	USD
693	683	2237	192	\N	shipped	20.12	USD
694	311	1226	544	\N	pending	21.08	USD
695	492	1610	605	\N	confirmed	20.98	USD
696	161	2328	608	\N	shipped	21.41	USD
697	6	1634	40	\N	pending	20.01	USD
698	237	2782	630	\N	confirmed	21.51	USD
699	477	1673	542	\N	shipped	21.40	USD
700	220	1935	543	\N	pending	20.20	USD
701	434	1151	774	\N	pending	21.85	USD
702	23	2835	353	\N	confirmed	21.66	USD
703	33	1941	713	\N	shipped	21.58	USD
704	226	2623	244	\N	pending	21.48	USD
705	549	1277	316	\N	confirmed	20.47	USD
706	11	1019	241	\N	shipped	21.93	USD
707	275	855	637	\N	pending	20.10	USD
708	578	537	750	\N	confirmed	20.88	USD
709	195	116	542	\N	shipped	21.79	USD
710	462	1701	667	\N	pending	21.63	USD
711	294	638	456	\N	confirmed	21.14	USD
712	683	2353	77	\N	shipped	20.18	USD
713	655	3579	73	\N	pending	21.95	USD
714	264	2124	281	\N	confirmed	21.05	USD
715	651	1336	497	\N	shipped	20.06	USD
716	87	2742	778	\N	pending	20.31	USD
717	473	3359	484	\N	confirmed	20.63	USD
718	771	2004	552	\N	shipped	21.64	USD
719	768	3561	480	\N	pending	20.92	USD
720	658	452	162	\N	confirmed	21.95	USD
721	293	1905	703	\N	shipped	21.71	USD
722	611	2584	518	\N	pending	21.62	USD
723	735	2508	670	\N	confirmed	20.70	USD
724	753	2474	129	\N	shipped	20.33	USD
725	618	27	23	\N	pending	20.12	USD
726	558	153	121	\N	confirmed	21.58	USD
727	578	1704	781	\N	shipped	21.79	USD
728	740	2711	652	\N	pending	21.02	USD
729	456	2240	728	\N	confirmed	21.72	USD
730	626	834	88	\N	shipped	21.48	USD
731	585	1078	7	\N	pending	20.34	USD
732	398	713	250	\N	confirmed	20.10	USD
733	221	1785	256	\N	shipped	20.73	USD
734	740	2887	585	\N	pending	21.13	USD
735	248	979	64	\N	confirmed	20.24	USD
736	59	181	77	\N	shipped	21.67	USD
737	135	2292	505	\N	pending	20.84	USD
738	217	3188	256	\N	confirmed	20.35	USD
739	334	200	678	\N	shipped	20.43	USD
740	799	1110	758	\N	pending	20.83	USD
741	145	2305	355	\N	confirmed	21.86	USD
742	238	195	527	\N	shipped	20.04	USD
743	27	2820	483	\N	pending	21.39	USD
744	460	2984	518	\N	confirmed	21.62	USD
745	724	1712	151	\N	shipped	21.74	USD
746	181	2121	439	\N	pending	20.60	USD
747	79	706	54	\N	confirmed	21.40	USD
748	489	2945	472	\N	shipped	20.60	USD
749	633	2038	443	\N	pending	20.04	USD
750	450	980	537	\N	confirmed	20.87	USD
751	765	1072	431	\N	shipped	21.04	USD
752	341	1144	427	\N	pending	20.71	USD
753	12	1871	770	\N	confirmed	20.14	USD
754	144	1112	427	\N	shipped	21.12	USD
755	40	2505	97	\N	pending	21.31	USD
756	82	3132	171	\N	confirmed	21.57	USD
757	731	2866	49	\N	shipped	21.69	USD
758	11	1125	367	\N	pending	20.30	USD
759	600	588	456	\N	confirmed	20.45	USD
760	181	1502	4	\N	shipped	21.87	USD
761	685	1598	32	\N	pending	21.39	USD
762	673	3526	145	\N	confirmed	21.15	USD
763	660	1432	319	\N	shipped	20.73	USD
764	587	2439	87	\N	pending	21.98	USD
765	493	2807	293	\N	confirmed	21.63	USD
766	681	1716	28	\N	shipped	20.39	USD
767	141	3232	632	\N	pending	20.25	USD
768	267	1873	567	\N	confirmed	20.02	USD
769	368	3416	229	\N	shipped	21.34	USD
770	571	2615	207	\N	pending	20.81	USD
771	696	1202	449	\N	confirmed	20.14	USD
772	374	3410	706	\N	shipped	21.61	USD
773	11	3146	426	\N	pending	21.74	USD
774	748	2740	370	\N	confirmed	21.71	USD
775	770	1326	99	\N	shipped	20.16	USD
776	335	2783	460	\N	pending	21.17	USD
777	279	1449	609	\N	confirmed	20.29	USD
778	165	851	566	\N	shipped	21.00	USD
779	20	2873	23	\N	pending	20.56	USD
780	279	1176	632	\N	confirmed	21.56	USD
781	315	30	237	\N	shipped	20.93	USD
782	196	2380	105	\N	pending	20.97	USD
783	219	2378	454	\N	confirmed	21.70	USD
784	785	1931	384	\N	shipped	20.31	USD
785	771	141	485	\N	pending	21.00	USD
786	141	1974	587	\N	confirmed	21.41	USD
787	581	3498	433	\N	shipped	21.20	USD
788	755	2192	681	\N	pending	20.23	USD
789	427	244	611	\N	confirmed	20.74	USD
790	464	1538	545	\N	shipped	21.33	USD
791	133	1294	193	\N	pending	21.89	USD
792	150	978	139	\N	confirmed	21.88	USD
793	62	627	181	\N	shipped	21.40	USD
794	73	3424	742	\N	pending	21.10	USD
795	92	654	619	\N	confirmed	21.53	USD
796	431	187	96	\N	shipped	20.65	USD
797	487	1216	767	\N	pending	20.64	USD
798	723	270	584	\N	confirmed	20.98	USD
799	209	2015	511	\N	shipped	21.63	USD
800	768	3196	661	\N	pending	21.70	USD
\.


--
-- Data for Name: payment; Type: TABLE DATA; Schema: public; Owner: postgres
--

COPY public.payment (id, order_id, method_id, amount, currency, status) FROM stdin;
1	92	1	21.02	USD	completed
2	42	2	20.59	USD	pending
3	27	2	20.93	USD	failed
4	39	2	21.10	USD	completed
5	3	3	20.30	USD	pending
6	75	2	20.88	USD	failed
7	15	1	20.14	USD	completed
8	6	3	20.11	USD	pending
9	64	3	20.52	USD	failed
10	82	3	21.78	USD	completed
11	89	3	20.18	USD	pending
12	10	1	20.57	USD	failed
13	34	1	20.44	USD	completed
14	72	1	21.36	USD	pending
15	77	1	21.34	USD	failed
16	52	2	21.26	USD	completed
17	10	2	21.50	USD	pending
18	53	2	20.84	USD	failed
19	56	2	20.12	USD	completed
20	32	1	21.91	USD	pending
21	22	3	21.33	USD	failed
22	68	1	21.88	USD	completed
23	46	1	21.66	USD	pending
24	34	3	20.21	USD	failed
25	77	2	20.83	USD	completed
26	64	2	20.61	USD	pending
27	49	1	21.11	USD	failed
28	29	1	20.29	USD	completed
29	53	2	20.88	USD	pending
30	76	1	20.08	USD	failed
31	31	3	21.74	USD	completed
32	1	2	21.71	USD	pending
33	10	1	21.88	USD	failed
34	9	2	21.86	USD	completed
35	1	1	20.14	USD	pending
36	21	3	21.42	USD	failed
37	74	2	21.40	USD	completed
38	45	3	21.18	USD	pending
39	82	1	21.73	USD	failed
40	38	2	20.75	USD	completed
41	81	1	20.52	USD	pending
42	4	2	21.76	USD	failed
43	25	2	20.52	USD	completed
44	100	3	20.55	USD	pending
45	32	1	21.90	USD	failed
46	38	2	20.91	USD	completed
47	98	3	20.36	USD	pending
48	41	1	21.78	USD	failed
49	93	1	21.15	USD	completed
50	46	1	20.75	USD	pending
51	76	3	20.01	USD	failed
52	26	3	21.41	USD	completed
53	1	1	21.30	USD	pending
54	99	2	20.09	USD	failed
55	76	1	20.59	USD	completed
56	39	3	20.37	USD	pending
57	6	3	20.78	USD	failed
58	68	2	21.58	USD	completed
59	21	2	20.54	USD	pending
60	46	1	21.71	USD	failed
61	85	2	20.32	USD	completed
62	99	2	21.60	USD	pending
63	62	2	21.14	USD	failed
64	91	1	20.86	USD	completed
65	63	3	20.86	USD	pending
66	60	3	20.08	USD	failed
67	74	1	21.18	USD	completed
68	72	2	21.28	USD	pending
69	23	3	20.28	USD	failed
70	7	1	21.90	USD	completed
71	30	3	21.86	USD	pending
72	19	1	20.79	USD	failed
73	80	2	21.55	USD	completed
74	48	1	21.61	USD	pending
75	49	2	21.65	USD	failed
76	50	3	20.83	USD	completed
77	51	2	20.92	USD	pending
78	56	2	21.10	USD	failed
79	41	1	20.43	USD	completed
80	69	2	21.47	USD	pending
81	14	3	21.11	USD	failed
82	97	3	20.83	USD	completed
83	96	3	21.19	USD	pending
84	29	2	21.29	USD	failed
85	96	3	21.50	USD	completed
86	6	1	20.46	USD	pending
87	8	3	20.16	USD	failed
88	33	2	21.35	USD	completed
89	80	3	21.64	USD	pending
90	87	2	20.05	USD	failed
91	1	2	20.31	USD	completed
92	52	2	20.62	USD	pending
93	75	3	20.34	USD	failed
94	19	1	21.59	USD	completed
95	9	1	21.78	USD	pending
96	95	2	20.68	USD	failed
97	25	2	21.74	USD	completed
98	33	1	20.99	USD	pending
99	42	2	21.61	USD	failed
100	94	2	21.14	USD	completed
101	112	1	20.14	USD	completed
102	29	6	20.16	USD	pending
103	7	3	21.45	USD	failed
104	168	3	20.67	USD	completed
105	118	3	20.64	USD	pending
106	129	1	21.24	USD	failed
107	192	4	21.23	USD	completed
108	174	2	20.38	USD	pending
109	147	1	21.39	USD	failed
110	123	6	21.63	USD	completed
111	117	6	21.79	USD	pending
112	120	5	20.48	USD	failed
113	78	4	21.76	USD	completed
114	190	2	20.41	USD	pending
115	21	2	21.01	USD	failed
116	141	4	20.47	USD	completed
117	18	2	21.05	USD	pending
118	157	2	20.33	USD	failed
119	135	2	21.50	USD	completed
120	120	5	20.84	USD	pending
121	198	4	20.92	USD	failed
122	73	2	21.83	USD	completed
123	166	6	20.43	USD	pending
124	108	6	20.62	USD	failed
125	148	2	21.25	USD	completed
126	88	3	21.49	USD	pending
127	159	6	21.80	USD	failed
128	17	5	21.92	USD	completed
129	51	4	20.77	USD	pending
130	76	2	20.18	USD	failed
131	65	5	21.21	USD	completed
132	84	2	21.19	USD	pending
133	37	6	21.74	USD	failed
134	79	5	21.74	USD	completed
135	9	1	21.04	USD	pending
136	19	6	21.61	USD	failed
137	60	4	21.23	USD	completed
138	108	4	20.34	USD	pending
139	63	5	20.80	USD	failed
140	53	5	21.90	USD	completed
141	135	6	21.70	USD	pending
142	198	6	20.75	USD	failed
143	72	6	21.22	USD	completed
144	82	4	21.34	USD	pending
145	4	3	20.35	USD	failed
146	196	4	20.59	USD	completed
147	85	3	20.36	USD	pending
148	20	2	21.82	USD	failed
149	84	4	21.34	USD	completed
150	2	3	21.15	USD	pending
151	66	6	20.61	USD	failed
152	40	2	20.31	USD	completed
153	154	2	20.98	USD	pending
154	190	1	20.39	USD	failed
155	15	2	21.32	USD	completed
156	190	1	20.32	USD	pending
157	112	3	20.95	USD	failed
158	30	6	20.90	USD	completed
159	133	1	20.68	USD	pending
160	66	2	20.68	USD	failed
161	134	4	20.17	USD	completed
162	42	1	21.77	USD	pending
163	194	5	21.70	USD	failed
164	131	2	20.90	USD	completed
165	136	6	21.32	USD	pending
166	10	2	20.02	USD	failed
167	67	3	20.58	USD	completed
168	63	6	20.96	USD	pending
169	182	4	20.63	USD	failed
170	136	2	21.42	USD	completed
171	44	1	21.18	USD	pending
172	123	6	20.99	USD	failed
173	126	2	20.94	USD	completed
174	165	4	21.22	USD	pending
175	122	3	21.21	USD	failed
176	166	2	21.60	USD	completed
177	197	1	21.62	USD	pending
178	29	1	21.55	USD	failed
179	24	6	20.75	USD	completed
180	28	1	21.10	USD	pending
181	41	4	20.84	USD	failed
182	171	2	20.42	USD	completed
183	60	5	20.84	USD	pending
184	21	2	21.01	USD	failed
185	69	1	20.62	USD	completed
186	130	4	20.31	USD	pending
187	26	3	21.30	USD	failed
188	131	3	21.88	USD	completed
189	17	1	20.61	USD	pending
190	97	2	20.50	USD	failed
191	117	2	20.29	USD	completed
192	197	2	21.01	USD	pending
193	105	3	21.41	USD	failed
194	84	3	21.37	USD	completed
195	163	1	21.76	USD	pending
196	20	3	21.24	USD	failed
197	140	3	20.55	USD	completed
198	81	5	21.37	USD	pending
199	41	2	21.56	USD	failed
200	102	4	20.64	USD	completed
201	179	5	21.03	USD	completed
202	110	5	20.88	USD	pending
203	92	5	21.66	USD	failed
204	177	4	21.02	USD	completed
205	210	6	20.09	USD	pending
206	7	9	21.85	USD	failed
207	115	3	21.88	USD	completed
208	241	5	20.98	USD	pending
209	265	5	20.25	USD	failed
210	277	2	20.15	USD	completed
211	29	3	20.90	USD	pending
212	9	4	21.59	USD	failed
213	158	8	20.44	USD	completed
214	181	9	21.30	USD	pending
215	47	2	21.17	USD	failed
216	223	1	20.12	USD	completed
217	271	2	21.13	USD	pending
218	32	9	21.30	USD	failed
219	210	7	20.79	USD	completed
220	85	5	21.32	USD	pending
221	13	1	20.71	USD	failed
222	35	4	20.98	USD	completed
223	212	9	20.90	USD	pending
224	179	4	21.54	USD	failed
225	5	5	21.59	USD	completed
226	231	7	21.30	USD	pending
227	274	2	20.69	USD	failed
228	278	3	20.58	USD	completed
229	221	4	20.13	USD	pending
230	104	2	21.03	USD	failed
231	271	3	21.63	USD	completed
232	278	9	21.59	USD	pending
233	290	9	20.72	USD	failed
234	42	4	20.90	USD	completed
235	59	5	21.73	USD	pending
236	31	2	20.06	USD	failed
237	258	7	20.08	USD	completed
238	131	8	21.27	USD	pending
239	264	9	20.84	USD	failed
240	84	7	21.90	USD	completed
241	218	6	21.48	USD	pending
242	166	2	20.68	USD	failed
243	173	7	20.70	USD	completed
244	43	7	20.92	USD	pending
245	50	5	20.74	USD	failed
246	69	9	21.10	USD	completed
247	157	7	20.23	USD	pending
248	199	7	20.86	USD	failed
249	63	2	20.60	USD	completed
250	215	5	21.59	USD	pending
251	162	1	20.52	USD	failed
252	181	5	20.74	USD	completed
253	110	3	20.40	USD	pending
254	170	1	20.62	USD	failed
255	255	6	21.11	USD	completed
256	141	8	20.44	USD	pending
257	86	6	21.12	USD	failed
258	252	9	20.09	USD	completed
259	245	5	21.27	USD	pending
260	221	5	20.61	USD	failed
261	230	9	21.65	USD	completed
262	112	9	21.08	USD	pending
263	195	7	21.89	USD	failed
264	286	4	20.20	USD	completed
265	245	9	20.19	USD	pending
266	241	9	21.34	USD	failed
267	97	4	21.87	USD	completed
268	274	8	21.90	USD	pending
269	215	9	20.38	USD	failed
270	192	1	20.44	USD	completed
271	283	9	21.07	USD	pending
272	64	9	20.27	USD	failed
273	178	8	21.02	USD	completed
274	53	5	20.39	USD	pending
275	175	8	21.95	USD	failed
276	189	2	20.15	USD	completed
277	188	6	20.81	USD	pending
278	91	5	21.87	USD	failed
279	230	1	20.94	USD	completed
280	67	3	20.46	USD	pending
281	174	3	20.84	USD	failed
282	223	3	20.78	USD	completed
283	156	2	21.61	USD	pending
284	55	3	21.93	USD	failed
285	209	8	20.11	USD	completed
286	211	2	20.58	USD	pending
287	155	7	20.02	USD	failed
288	204	8	21.83	USD	completed
289	78	6	20.68	USD	pending
290	30	6	21.58	USD	failed
291	177	3	20.93	USD	completed
292	284	3	20.17	USD	pending
293	152	7	20.34	USD	failed
294	270	5	20.52	USD	completed
295	57	7	21.44	USD	pending
296	99	4	21.82	USD	failed
297	45	9	21.67	USD	completed
298	251	5	20.01	USD	pending
299	234	4	20.54	USD	failed
300	207	2	21.63	USD	completed
301	352	6	21.67	USD	completed
302	80	7	20.23	USD	pending
303	307	10	20.58	USD	failed
304	244	4	20.02	USD	completed
305	393	4	20.75	USD	pending
306	286	5	21.14	USD	failed
307	169	2	21.61	USD	completed
308	135	4	22.00	USD	pending
309	178	4	21.44	USD	failed
310	104	9	21.46	USD	completed
311	115	3	21.05	USD	pending
312	297	4	20.55	USD	failed
313	53	8	21.87	USD	completed
314	123	4	20.53	USD	pending
315	173	8	21.86	USD	failed
316	249	1	21.98	USD	completed
317	12	2	20.18	USD	pending
318	386	5	21.68	USD	failed
319	125	9	20.83	USD	completed
320	126	12	20.50	USD	pending
321	366	12	20.89	USD	failed
322	363	12	21.39	USD	completed
323	93	6	20.66	USD	pending
324	172	5	21.50	USD	failed
325	129	3	20.52	USD	completed
326	136	12	20.66	USD	pending
327	391	1	20.20	USD	failed
328	182	8	20.73	USD	completed
329	173	3	20.45	USD	pending
330	393	8	20.15	USD	failed
331	116	9	20.62	USD	completed
332	324	7	20.21	USD	pending
333	207	10	20.12	USD	failed
334	121	4	20.56	USD	completed
335	26	2	20.90	USD	pending
336	32	1	20.11	USD	failed
337	272	10	21.97	USD	completed
338	272	8	20.77	USD	pending
339	305	7	20.82	USD	failed
340	262	3	20.18	USD	completed
341	231	1	21.88	USD	pending
342	50	7	21.93	USD	failed
343	314	5	21.70	USD	completed
344	268	10	21.31	USD	pending
345	196	5	21.11	USD	failed
346	54	9	20.69	USD	completed
347	143	12	21.84	USD	pending
348	179	10	21.07	USD	failed
349	223	1	21.16	USD	completed
350	99	4	20.58	USD	pending
351	383	4	20.02	USD	failed
352	12	4	20.44	USD	completed
353	230	6	20.72	USD	pending
354	28	3	21.58	USD	failed
355	295	1	21.06	USD	completed
356	223	8	20.57	USD	pending
357	166	2	21.49	USD	failed
358	385	1	21.46	USD	completed
359	152	11	21.25	USD	pending
360	271	6	21.77	USD	failed
361	78	2	21.39	USD	completed
362	125	12	21.13	USD	pending
363	40	11	20.56	USD	failed
364	48	3	21.62	USD	completed
365	190	2	21.24	USD	pending
366	277	8	20.91	USD	failed
367	143	6	21.46	USD	completed
368	232	7	21.64	USD	pending
369	87	3	20.64	USD	failed
370	234	4	20.44	USD	completed
371	22	6	21.25	USD	pending
372	247	7	21.06	USD	failed
373	77	5	20.74	USD	completed
374	224	11	20.64	USD	pending
375	5	9	21.57	USD	failed
376	300	1	21.22	USD	completed
377	187	7	20.49	USD	pending
378	317	5	21.11	USD	failed
379	255	2	20.93	USD	completed
380	87	10	20.30	USD	pending
381	147	6	20.76	USD	failed
382	11	4	21.46	USD	completed
383	377	3	21.04	USD	pending
384	270	12	20.61	USD	failed
385	134	4	21.19	USD	completed
386	367	9	20.41	USD	pending
387	143	10	20.54	USD	failed
388	242	2	20.86	USD	completed
389	263	7	21.13	USD	pending
390	103	7	20.23	USD	failed
391	336	2	20.90	USD	completed
392	336	4	20.24	USD	pending
393	65	1	21.10	USD	failed
394	147	1	20.18	USD	completed
395	212	1	21.94	USD	pending
396	100	6	20.05	USD	failed
397	347	4	21.85	USD	completed
398	318	9	20.64	USD	pending
399	311	7	20.17	USD	failed
400	148	2	20.42	USD	completed
401	241	4	20.14	USD	completed
402	125	8	20.12	USD	pending
403	246	8	21.61	USD	failed
404	415	10	21.99	USD	completed
405	376	12	20.17	USD	pending
406	470	12	20.40	USD	failed
407	397	5	21.93	USD	completed
408	382	10	21.09	USD	pending
409	215	12	20.12	USD	failed
410	492	4	21.79	USD	completed
411	265	10	20.84	USD	pending
412	299	10	20.64	USD	failed
413	423	9	21.77	USD	completed
414	130	15	20.53	USD	pending
415	11	8	20.51	USD	failed
416	107	11	21.98	USD	completed
417	19	11	21.17	USD	pending
418	259	4	20.50	USD	failed
419	274	14	21.32	USD	completed
420	3	7	21.00	USD	pending
421	295	13	20.07	USD	failed
422	413	3	20.79	USD	completed
423	126	14	21.03	USD	pending
424	191	7	21.64	USD	failed
425	383	6	20.16	USD	completed
426	119	12	20.78	USD	pending
427	171	14	21.49	USD	failed
428	196	13	20.98	USD	completed
429	345	15	20.24	USD	pending
430	72	4	20.38	USD	failed
431	348	7	20.01	USD	completed
432	359	10	21.39	USD	pending
433	52	8	21.38	USD	failed
434	118	15	21.22	USD	completed
435	396	1	21.23	USD	pending
436	133	5	21.41	USD	failed
437	388	5	21.34	USD	completed
438	460	13	20.59	USD	pending
439	413	7	21.28	USD	failed
440	93	10	21.74	USD	completed
441	108	2	20.39	USD	pending
442	160	2	20.18	USD	failed
443	429	12	21.06	USD	completed
444	455	4	20.57	USD	pending
445	190	14	20.41	USD	failed
446	111	7	20.79	USD	completed
447	207	13	20.26	USD	pending
448	335	14	21.39	USD	failed
449	80	9	20.06	USD	completed
450	305	4	21.11	USD	pending
451	10	5	21.18	USD	failed
452	45	10	20.77	USD	completed
453	228	6	21.83	USD	pending
454	49	2	21.95	USD	failed
455	21	12	20.71	USD	completed
456	141	3	20.02	USD	pending
457	241	2	21.31	USD	failed
458	487	1	20.88	USD	completed
459	27	6	20.67	USD	pending
460	98	12	20.50	USD	failed
461	19	6	21.79	USD	completed
462	142	2	21.52	USD	pending
463	312	6	21.16	USD	failed
464	194	4	21.56	USD	completed
465	424	12	21.58	USD	pending
466	161	10	20.78	USD	failed
467	496	8	21.97	USD	completed
468	321	10	21.52	USD	pending
469	463	5	20.33	USD	failed
470	457	7	20.10	USD	completed
471	283	4	20.05	USD	pending
472	119	7	21.41	USD	failed
473	284	6	21.48	USD	completed
474	401	11	21.75	USD	pending
475	164	12	20.47	USD	failed
476	157	6	21.42	USD	completed
477	118	1	20.09	USD	pending
478	272	9	20.03	USD	failed
479	400	15	21.19	USD	completed
480	497	15	20.20	USD	pending
481	94	14	20.23	USD	failed
482	414	12	21.38	USD	completed
483	46	8	20.65	USD	pending
484	108	9	20.02	USD	failed
485	138	6	21.96	USD	completed
486	118	11	20.27	USD	pending
487	399	15	20.19	USD	failed
488	148	13	20.69	USD	completed
489	115	1	20.66	USD	pending
490	223	9	20.82	USD	failed
491	25	4	21.75	USD	completed
492	378	10	20.16	USD	pending
493	490	11	21.72	USD	failed
494	279	5	21.05	USD	completed
495	62	4	20.03	USD	pending
496	435	14	21.19	USD	failed
497	28	9	21.53	USD	completed
498	214	1	20.59	USD	pending
499	161	5	20.35	USD	failed
500	142	4	21.33	USD	completed
501	595	14	21.35	USD	completed
502	374	1	21.84	USD	pending
503	592	11	21.32	USD	failed
504	158	17	20.87	USD	completed
505	414	1	20.74	USD	pending
506	214	7	20.74	USD	failed
507	127	7	21.13	USD	completed
508	424	7	21.54	USD	pending
509	400	2	21.67	USD	failed
510	111	10	20.89	USD	completed
511	24	8	21.71	USD	pending
512	150	16	20.99	USD	failed
513	328	4	20.82	USD	completed
514	137	14	21.19	USD	pending
515	296	5	21.36	USD	failed
516	264	13	21.14	USD	completed
517	573	7	20.42	USD	pending
518	186	12	21.81	USD	failed
519	227	2	21.80	USD	completed
520	459	13	21.17	USD	pending
521	29	12	20.25	USD	failed
522	206	4	20.74	USD	completed
523	575	15	21.49	USD	pending
524	100	14	20.99	USD	failed
525	62	13	20.76	USD	completed
526	16	6	21.97	USD	pending
527	72	15	20.73	USD	failed
528	581	18	21.80	USD	completed
529	436	2	21.45	USD	pending
530	240	12	21.35	USD	failed
531	273	10	20.36	USD	completed
532	476	3	21.56	USD	pending
533	311	4	20.17	USD	failed
534	549	3	20.99	USD	completed
535	158	3	21.75	USD	pending
536	375	1	21.92	USD	failed
537	309	12	20.78	USD	completed
538	490	1	20.68	USD	pending
539	507	16	20.37	USD	failed
540	429	8	20.49	USD	completed
541	10	6	21.27	USD	pending
542	94	10	21.71	USD	failed
543	276	3	20.72	USD	completed
544	217	16	20.56	USD	pending
545	119	17	21.14	USD	failed
546	597	8	21.63	USD	completed
547	370	5	21.23	USD	pending
548	368	18	21.33	USD	failed
549	89	12	20.92	USD	completed
550	60	2	20.44	USD	pending
551	52	17	20.20	USD	failed
552	552	6	20.62	USD	completed
553	448	11	20.92	USD	pending
554	122	13	20.47	USD	failed
555	303	6	21.86	USD	completed
556	484	4	20.27	USD	pending
557	152	18	20.62	USD	failed
558	54	17	21.83	USD	completed
559	438	17	21.21	USD	pending
560	200	5	21.16	USD	failed
561	116	16	21.73	USD	completed
562	451	11	20.57	USD	pending
563	344	3	21.31	USD	failed
564	3	7	20.18	USD	completed
565	220	17	21.34	USD	pending
566	56	1	21.48	USD	failed
567	178	3	21.47	USD	completed
568	237	2	21.18	USD	pending
569	37	17	20.78	USD	failed
570	39	11	21.39	USD	completed
571	150	16	20.55	USD	pending
572	564	18	21.11	USD	failed
573	353	13	21.40	USD	completed
574	40	8	21.18	USD	pending
575	376	6	20.42	USD	failed
576	44	17	20.71	USD	completed
577	41	5	20.99	USD	pending
578	445	5	20.25	USD	failed
579	527	7	20.45	USD	completed
580	162	17	20.25	USD	pending
581	396	9	21.42	USD	failed
582	155	3	20.39	USD	completed
583	244	13	21.87	USD	pending
584	327	17	21.65	USD	failed
585	213	1	21.94	USD	completed
586	598	9	21.71	USD	pending
587	304	12	21.22	USD	failed
588	129	6	20.28	USD	completed
589	528	7	21.44	USD	pending
590	145	5	21.01	USD	failed
591	552	16	21.81	USD	completed
592	422	12	20.96	USD	pending
593	15	1	21.59	USD	failed
594	249	16	21.74	USD	completed
595	6	5	20.95	USD	pending
596	243	8	21.27	USD	failed
597	286	4	20.63	USD	completed
598	259	10	20.41	USD	pending
599	218	4	20.51	USD	failed
600	191	10	21.69	USD	completed
601	646	16	20.41	USD	completed
602	685	20	21.18	USD	pending
603	149	10	20.01	USD	failed
604	77	2	20.93	USD	completed
605	557	8	21.68	USD	pending
606	163	20	21.32	USD	failed
607	267	10	20.49	USD	completed
608	70	1	20.19	USD	pending
609	634	8	20.79	USD	failed
610	437	11	21.64	USD	completed
611	143	11	21.83	USD	pending
612	113	8	20.21	USD	failed
613	569	4	21.24	USD	completed
614	65	5	21.08	USD	pending
615	382	15	20.56	USD	failed
616	317	15	20.11	USD	completed
617	420	7	20.46	USD	pending
618	33	21	20.86	USD	failed
619	135	4	20.77	USD	completed
620	462	7	20.45	USD	pending
621	597	18	20.93	USD	failed
622	261	19	20.94	USD	completed
623	298	21	21.51	USD	pending
624	230	8	20.26	USD	failed
625	112	11	20.02	USD	completed
626	35	5	20.65	USD	pending
627	232	2	21.76	USD	failed
628	497	16	20.16	USD	completed
629	422	15	21.43	USD	pending
630	461	2	20.62	USD	failed
631	155	12	21.14	USD	completed
632	425	1	20.44	USD	pending
633	406	6	21.82	USD	failed
634	631	4	21.89	USD	completed
635	470	7	21.87	USD	pending
636	269	16	20.28	USD	failed
637	50	17	21.51	USD	completed
638	642	19	20.67	USD	pending
639	365	2	21.23	USD	failed
640	652	6	21.85	USD	completed
641	249	16	20.26	USD	pending
642	488	20	20.17	USD	failed
643	480	9	21.66	USD	completed
644	284	1	21.75	USD	pending
645	565	11	21.28	USD	failed
646	320	11	20.51	USD	completed
647	686	14	21.65	USD	pending
648	503	8	21.59	USD	failed
649	189	2	21.04	USD	completed
650	395	10	21.77	USD	pending
651	552	15	21.61	USD	failed
652	280	12	21.83	USD	completed
653	480	19	21.37	USD	pending
654	549	21	21.42	USD	failed
655	516	13	20.52	USD	completed
656	601	17	21.68	USD	pending
657	629	17	21.81	USD	failed
658	103	8	20.43	USD	completed
659	69	7	21.12	USD	pending
660	184	12	20.38	USD	failed
661	301	21	21.09	USD	completed
662	666	13	21.29	USD	pending
663	467	15	20.51	USD	failed
664	256	20	20.03	USD	completed
665	351	3	21.65	USD	pending
666	439	11	21.31	USD	failed
667	550	17	21.30	USD	completed
668	489	2	21.03	USD	pending
669	53	19	21.47	USD	failed
670	167	6	21.54	USD	completed
671	39	21	20.96	USD	pending
672	281	7	20.53	USD	failed
673	554	6	20.99	USD	completed
674	527	12	20.21	USD	pending
675	330	14	20.54	USD	failed
676	596	14	20.64	USD	completed
677	645	16	21.78	USD	pending
678	23	21	21.65	USD	failed
679	408	15	20.10	USD	completed
680	181	3	21.37	USD	pending
681	543	6	21.83	USD	failed
682	535	3	20.00	USD	completed
683	268	19	21.62	USD	pending
684	116	6	20.62	USD	failed
685	151	12	22.00	USD	completed
686	125	15	20.96	USD	pending
687	336	14	21.80	USD	failed
688	17	12	21.77	USD	completed
689	163	14	21.28	USD	pending
690	253	19	20.65	USD	failed
691	206	7	21.21	USD	completed
692	174	14	20.04	USD	pending
693	404	12	21.71	USD	failed
694	175	2	20.77	USD	completed
695	680	19	21.68	USD	pending
696	324	4	20.52	USD	failed
697	56	12	20.89	USD	completed
698	213	1	20.04	USD	pending
699	407	15	21.92	USD	failed
700	37	9	20.92	USD	completed
701	341	10	20.04	USD	completed
702	491	16	22.00	USD	pending
703	316	2	21.90	USD	failed
704	738	16	20.52	USD	completed
705	69	2	20.08	USD	pending
706	148	7	20.74	USD	failed
707	506	19	21.20	USD	completed
708	277	22	20.28	USD	pending
709	362	1	21.97	USD	failed
710	139	11	20.42	USD	completed
711	725	20	20.34	USD	pending
712	246	13	20.38	USD	failed
713	338	19	21.04	USD	completed
714	191	1	21.18	USD	pending
715	30	3	20.28	USD	failed
716	245	4	21.47	USD	completed
717	518	4	20.68	USD	pending
718	565	6	21.92	USD	failed
719	264	7	20.54	USD	completed
720	738	22	20.71	USD	pending
721	704	3	20.68	USD	failed
722	252	13	20.42	USD	completed
723	213	22	21.98	USD	pending
724	701	13	20.08	USD	failed
725	337	23	21.42	USD	completed
726	697	13	20.57	USD	pending
727	532	20	21.00	USD	failed
728	511	2	21.54	USD	completed
729	546	18	20.90	USD	pending
730	268	16	21.62	USD	failed
731	237	12	21.38	USD	completed
732	198	5	20.80	USD	pending
733	799	15	20.12	USD	failed
734	249	20	20.96	USD	completed
735	674	11	20.18	USD	pending
736	357	21	20.61	USD	failed
737	469	11	20.81	USD	completed
738	500	22	20.57	USD	pending
739	592	6	21.06	USD	failed
740	575	23	20.91	USD	completed
741	225	15	20.89	USD	pending
742	222	12	21.05	USD	failed
743	625	1	21.51	USD	completed
744	691	7	21.73	USD	pending
745	692	21	21.03	USD	failed
746	4	6	21.31	USD	completed
747	10	3	21.08	USD	pending
748	391	1	21.57	USD	failed
749	369	17	21.52	USD	completed
750	527	19	21.71	USD	pending
751	599	10	20.63	USD	failed
752	558	4	21.14	USD	completed
753	646	7	21.77	USD	pending
754	242	22	21.92	USD	failed
755	444	15	21.56	USD	completed
756	469	10	21.56	USD	pending
757	560	6	20.83	USD	failed
758	323	4	20.50	USD	completed
759	163	15	22.00	USD	pending
760	409	24	21.88	USD	failed
761	554	3	20.83	USD	completed
762	745	21	20.82	USD	pending
763	448	20	21.41	USD	failed
764	589	19	20.47	USD	completed
765	508	15	21.78	USD	pending
766	85	2	20.64	USD	failed
767	473	1	21.41	USD	completed
768	129	6	20.16	USD	pending
769	724	24	20.20	USD	failed
770	439	13	20.60	USD	completed
771	254	22	20.44	USD	pending
772	306	20	21.80	USD	failed
773	546	4	20.98	USD	completed
774	756	1	21.36	USD	pending
775	415	4	21.70	USD	failed
776	437	8	20.87	USD	completed
777	325	22	21.68	USD	pending
778	316	24	20.58	USD	failed
779	29	11	21.24	USD	completed
780	169	14	20.47	USD	pending
781	131	24	20.75	USD	failed
782	553	1	21.46	USD	completed
783	278	15	21.95	USD	pending
784	15	17	20.76	USD	failed
785	621	16	20.52	USD	completed
786	446	17	20.58	USD	pending
787	410	19	21.10	USD	failed
788	640	7	20.42	USD	completed
789	787	24	21.73	USD	pending
790	449	18	20.66	USD	failed
791	509	20	20.40	USD	completed
792	420	13	21.98	USD	pending
793	324	15	21.18	USD	failed
794	177	15	21.33	USD	completed
795	74	2	21.48	USD	pending
796	428	7	21.45	USD	failed
797	515	20	21.57	USD	completed
798	194	11	20.97	USD	pending
799	205	16	21.55	USD	failed
800	508	9	20.34	USD	completed
\.


--
-- Data for Name: payment_method; Type: TABLE DATA; Schema: public; Owner: postgres
--

COPY public.payment_method (id, name, type) FROM stdin;
1	Credit Card	card
2	PayPal	digital_wallet
3	Bank Transfer	bank
4	Credit Card	card
5	PayPal	digital_wallet
6	Bank Transfer	bank
7	Credit Card	card
8	PayPal	digital_wallet
9	Bank Transfer	bank
10	Credit Card	card
11	PayPal	digital_wallet
12	Bank Transfer	bank
13	Credit Card	card
14	PayPal	digital_wallet
15	Bank Transfer	bank
16	Credit Card	card
17	PayPal	digital_wallet
18	Bank Transfer	bank
19	Credit Card	card
20	PayPal	digital_wallet
21	Bank Transfer	bank
22	Credit Card	card
23	PayPal	digital_wallet
24	Bank Transfer	bank
\.


--
-- Data for Name: platform; Type: TABLE DATA; Schema: public; Owner: postgres
--

COPY public.platform (id, name, api_base_url) FROM stdin;
1	Miller, Wiegand and Kuphal	https://barrows.us
2	Renner-Hammes	https://bashirian.name
3	Cruickshank, Stiedemann and Parker	https://bashirian.co.uk
4	O'Keefe, Lang and Treutel	https://hackett.ca
5	Batz Inc	https://borer.com
6	Wintheiser, Stamm and Hermann	https://cummerata.co.uk
7	Watsica Inc	https://dickinson.us
8	Kilback, Bruen and Renner	https://thiel.ca
9	Rohan Inc	https://goldner.us
10	Roberts and Sons	https://runte.biz
11	Hessel, Keebler and Fadel	https://stehr.us
12	Kreiger and Sons	https://dickens.biz
13	Wisoky, Muller and Erdman	https://okuneva.co.uk
14	Hansen Inc	https://romaguera.ca
15	Gibson-Davis	https://harvey.ca
16	Lesch, Abshire and Kohler	https://oberbrunner.com
17	Kerluke and Sons	https://dibbert.info
18	Kulas, Jerde and Adams	https://carroll.co.uk
19	Stanton-Boyer	https://haley.name
20	Hane Inc	https://bashirian.name
21	Pollich Inc	https://damore.info
22	Bergstrom, Yost and Block	https://herman.com
23	Crooks Group	https://gutkowski.info
24	Pfeffer-Hirthe	https://stark.com
25	Cassin-Mosciski	https://walker.us
26	Harvey, Lindgren and Hayes	https://keebler.info
27	Mante, Johnson and Predovic	https://sanford.biz
28	Kunde-Kuphal	https://wintheiser.ca
29	Cormier-Becker	https://kirlin.name
30	Hirthe-Legros	https://reichert.com
31	Prosacco-Bradtke	https://weber.com
32	Heidenreich, Howell and Morar	https://sauer.com
33	Beier-Halvorson	https://oga.name
34	Paucek-Breitenberg	https://lowe.ca
35	Weimann, Oberbrunner and Daugherty	https://streich.biz
36	Prohaska LLC	https://klein.ca
37	Zemlak-Hilpert	https://ratke.biz
38	Huel, Walter and Hagenes	https://carter.info
39	Hudson, Jakubowski and Huel	https://mertz.ca
40	Bruen-Sauer	https://schuster.us
41	Halvorson, Kerluke and Stanton	https://wiegand.info
42	Gibson-Sanford	https://jacobs.ca
43	Legros-Bednar	https://moore.info
44	Schulist, Walter and West	https://crooks.info
45	Huel-Rodriguez	https://gulgowski.biz
46	Terry, Toy and Hickle	https://herman.name
47	Ledner, Ferry and Champlin	https://mckenzie.com
48	Quigley-Beier	https://leuschke.name
49	Beier and Sons	https://daugherty.info
50	Hamill Group	https://johnston.biz
51	Windler LLC	https://mcdermott.ca
52	Kirlin, O'Conner and Schimmel	https://paucek.com
53	Adams-Fisher	https://schumm.name
54	Sanford, Brakus and Mills	https://glover.us
55	Hilpert-Dickinson	https://yundt.info
56	Altenwerth-Ledner	https://nicolas.name
57	Corwin-Hammes	https://towne.us
58	Grimes Inc	https://prohaska.ca
59	Miller-Balistreri	https://turcotte.us
60	Kuphal Group	https://prohaska.us
61	Schinner and Sons	https://upton.com
62	Halvorson-Gerlach	https://bauch.us
63	Blanda-Emmerich	https://dubuque.biz
64	Senger-Dooley	https://brekke.biz
65	Purdy, Bradtke and Greenholt	https://durgan.biz
66	Lueilwitz-Jaskolski	https://senger.com
67	Robel, Marvin and Moore	https://herman.name
68	Schultz, Greenfelder and Wisoky	https://smith.us
69	Batz, Williamson and Goodwin	https://hand.name
70	O'Keefe, Ernser and Dickens	https://sporer.com
71	Labadie, Bernier and Huels	https://mertz.name
72	Paucek, Schneider and Hills	https://cormier.ca
73	VonRueden, Lind and Homenick	https://stanton.us
74	Jacobi, Ondricka and Gislason	https://tromp.com
75	Hudson-Hilll	https://mante.co.uk
76	Gleichner, Jacobson and Funk	https://considine.info
77	Satterfield Group	https://roob.com
78	Hamill-Zboncak	https://bechtelar.name
79	Anderson Group	https://rolfson.info
80	Hilll-Schowalter	https://tromp.info
81	Krajcik LLC	https://weimann.us
82	West and Sons	https://schneider.co.uk
83	Hauck-Wiza	https://walter.ca
84	Dickens LLC	https://balistreri.info
85	Muller Group	https://bauch.com
86	Tillman and Sons	https://hermann.ca
87	Gerhold, Cormier and Crooks	https://klein.info
88	Hyatt Group	https://gutmann.name
89	Erdman and Sons	https://hamill.com
90	Rohan, Weissnat and Friesen	https://daugherty.ca
91	Donnelly Inc	https://howe.biz
92	Friesen, King and Auer	https://auer.ca
93	Kerluke LLC	https://koelpin.us
94	Wolff Group	https://nader.biz
95	Weber-Kassulke	https://bosco.info
96	Ernser, Orn and Jacobson	https://ritchie.biz
97	Muller-Wehner	https://kozey.info
98	Hessel and Sons	https://mohr.us
99	Heidenreich and Sons	https://mccullough.name
100	Ward, Kozey and Beer	https://wintheiser.biz
101	Satterfield-Reynolds	https://gottlieb.co.uk
102	Crona-Leannon	https://kuphal.us
103	Fritsch LLC	https://ferry.info
104	Spinka, Kilback and Nolan	https://macejkovic.biz
105	Rippin, Gleason and Parisian	https://treutel.us
106	Lakin-Sauer	https://runolfsson.info
107	Gorczany-Schneider	https://maggio.us
108	Paucek-Lindgren	https://jerde.us
109	Haag-Bartell	https://tremblay.info
110	Kuhlman, Graham and Kertzmann	https://keebler.info
111	Cruickshank-Braun	https://dooley.info
112	Lehner Group	https://dicki.co.uk
113	Christiansen-Kunze	https://lind.name
114	Von-Littel	https://spencer.co.uk
115	Jacobi-Bergnaum	https://king.ca
116	Ziemann Group	https://labadie.name
117	Jacobi and Sons	https://anderson.co.uk
118	Connelly, Leannon and Rosenbaum	https://kulas.com
119	Lebsack, Hansen and Bergnaum	https://mcdermott.ca
120	Crona, Mayer and Conn	https://larkin.co.uk
121	Kunze-Bernhard	https://jaskolski.ca
122	Botsford-Mills	https://gislason.us
123	Koelpin-Balistreri	https://cartwright.co.uk
124	Langworth-Langosh	https://bergnaum.com
125	Flatley LLC	https://ryan.name
126	O'Connell-Kshlerin	https://jewess.biz
127	Boyle, Schneider and Turner	https://tromp.us
128	Walker-Powlowski	https://schneider.info
129	Kovacek Group	https://sauer.us
130	Kessler LLC	https://monahan.info
131	Goldner LLC	https://breitenberg.ca
132	Reynolds LLC	https://cassin.com
133	Braun, Ernser and Steuber	https://becker.co.uk
134	Keebler-Sipes	https://kilback.ca
135	Lang, Zemlak and Hamill	https://white.ca
136	Goldner-Keebler	https://lemke.info
137	Kunze LLC	https://lynch.ca
138	Mertz-Dach	https://white.ca
139	Schaden-Senger	https://jast.co.uk
140	Wolf-Moore	https://gleichner.info
141	Howell, Keeling and Kuhlman	https://hermann.biz
142	Herman, Collins and Cremin	https://paucek.com
143	Nienow, Adams and Jacobson	https://satterfield.co.uk
144	Bogan, Jakubowski and VonRueden	https://ankunding.com
145	Langosh-Hermiston	https://bayer.name
146	Wiegand, Grimes and Gaylord	https://west.ca
147	Davis-McLaughlin	https://damore.info
148	Lang LLC	https://gutkowski.com
149	Mann Inc	https://doyle.ca
150	Torphy-Kirlin	https://walter.name
151	Bergnaum, Dooley and Connelly	https://dickens.com
152	Cruickshank Inc	https://skiles.biz
153	Steuber LLC	https://brakus.ca
154	O'Connell, Rath and Reilly	https://homenick.name
155	Mante Group	https://roob.com
156	Kerluke, Lynch and Gleichner	https://pagac.name
157	Nitzsche, Kunde and Beatty	https://fay.name
158	Connelly Inc	https://bahringer.us
159	Becker-Gaylord	https://emard.us
160	Kilback and Sons	https://flatley.biz
161	Schuppe, Fisher and Mraz	https://kling.us
162	Tremblay Inc	https://hintz.com
163	Pacocha and Sons	https://leuschke.us
164	White, Rolfson and Dickens	https://bradtke.co.uk
165	Green-Cremin	https://johnson.us
166	Schowalter-Towne	https://gleichner.name
167	Kuhn, Wilderman and Kulas	https://kertzmann.name
168	Jacobs LLC	https://robel.com
169	Reynolds-Harber	https://fisher.biz
170	Beer Group	https://wilderman.info
171	Cummings and Sons	https://koepp.com
172	Kub-Lindgren	https://littel.co.uk
173	Ullrich, Jacobs and Cummings	https://walter.biz
174	Langworth-Schneider	https://miller.ca
175	Bartell-Dare	https://parisian.biz
176	Johns-DuBuque	https://pfeffer.co.uk
177	Hilll, Johnson and Dooley	https://olson.name
178	Watsica Group	https://lakin.info
179	Ruecker, Kessler and Turcotte	https://predovic.ca
180	Feeney, Veum and Crona	https://bosco.biz
181	Walker and Sons	https://wiegand.info
182	Feest LLC	https://metz.com
183	Schmitt, Quigley and Nikolaus	https://rodriguez.us
184	Green and Sons	https://daugherty.us
185	Hackett, Becker and Sipes	https://gorczany.biz
186	Moore, Zieme and Keeling	https://schmeler.us
187	Ziemann, Stamm and Mayert	https://mohr.ca
188	Oga-Monahan	https://bernier.biz
189	O'Conner LLC	https://donnelly.com
190	Cummings, Bosco and Greenfelder	https://simonis.ca
191	Schulist, Pfeffer and Kuhic	https://hudson.name
192	Ratke, Spencer and Treutel	https://weimann.biz
193	Olson, Grimes and Cremin	https://muller.info
194	Kovacek Inc	https://rath.co.uk
195	Bergnaum, Hickle and Kiehn	https://daniel.co.uk
196	Daniel Group	https://mcdermott.ca
197	Ebert Inc	https://hegmann.co.uk
198	Hartmann-Wilderman	https://kulas.name
199	Mann Group	https://dibbert.info
200	Terry, Larson and Bahringer	https://schaefer.biz
201	Hudson and Sons	https://ratke.us
202	Goldner, Carter and Anderson	https://considine.co.uk
203	Grady-Schaden	https://morar.com
204	Halvorson, Koss and Koepp	https://kunze.ca
205	Erdman-Casper	https://emmerich.ca
206	Kuhic LLC	https://weber.biz
207	Turcotte Inc	https://littel.us
208	Becker, Bauch and O'Reilly	https://kilback.ca
209	Kovacek Inc	https://ohara.co.uk
210	Kerluke-Gleason	https://schmidt.biz
211	Blick Group	https://pouros.ca
212	Crona-Wiza	https://walsh.co.uk
213	Huel, Kerluke and Bernier	https://hermann.biz
214	O'Conner Group	https://hand.biz
215	Legros Inc	https://streich.us
216	Kuvalis Group	https://lemke.biz
217	Wyman-Rempel	https://wunsch.com
218	Walter Group	https://block.info
219	Gulgowski, Harber and Marvin	https://mayert.name
220	Metz Inc	https://rogahn.us
221	Gislason-Von	https://casper.name
222	Hagenes Inc	https://krajcik.info
223	McCullough-Wisoky	https://zboncak.co.uk
224	Bradtke-Bins	https://nicolas.ca
225	Cole, Hills and Schneider	https://walsh.biz
226	Jerde-Kertzmann	https://beahan.com
227	Considine, Lynch and Jacobson	https://goyette.com
228	Davis-Casper	https://lubowitz.info
229	Altenwerth Inc	https://ohara.name
230	Bogan Inc	https://langosh.co.uk
231	Mertz-Stokes	https://roob.co.uk
232	Powlowski-Ullrich	https://medhurst.us
233	Schaden, Stracke and Feest	https://breitenberg.biz
234	Heidenreich-Beahan	https://oreilly.us
235	Luettgen, Ortiz and Mayert	https://kassulke.name
236	Schulist-Maggio	https://emard.co.uk
237	Corkery-Miller	https://wintheiser.info
238	Davis-Ankunding	https://kunze.ca
239	Feil Inc	https://purdy.info
240	Schinner-Cassin	https://schoen.co.uk
241	Bergstrom Inc	https://west.us
242	Koepp LLC	https://schamberger.name
243	Cartwright, Ward and Fahey	https://jacobs.biz
244	Jaskolski, VonRueden and Effertz	https://batz.com
245	Mosciski, Ziemann and Boyer	https://renner.ca
246	Abbott, Altenwerth and Gulgowski	https://wiza.biz
247	Konopelski, Bruen and Cummerata	https://murray.biz
248	Barrows and Sons	https://hilll.name
249	Boyle-Bauch	https://green.biz
250	Nienow, Kirlin and Bayer	https://kuhic.com
251	Morar-Heaney	https://koepp.biz
252	Adams, Bashirian and Larkin	https://dare.info
253	O'Conner-Schultz	https://watsica.ca
254	Zulauf LLC	https://dare.us
255	Schoen-Ullrich	https://lemke.com
256	Flatley-Kirlin	https://larson.name
257	Hettinger-Purdy	https://goldner.ca
258	Steuber, Conn and Sanford	https://cummerata.ca
259	Prohaska-Cronin	https://mayert.co.uk
260	Schuster LLC	https://hessel.ca
261	Dooley-Swaniawski	https://johns.us
262	Effertz Inc	https://ritchie.com
263	Romaguera Inc	https://nitzsche.info
264	Torp, Wehner and Bernhard	https://kiehn.us
265	Becker LLC	https://wehner.info
266	Will-Weissnat	https://schmidt.name
267	Dach, Haley and Walsh	https://white.co.uk
268	O'Connell-Koss	https://aufderhar.info
269	Buckridge Inc	https://ankunding.info
270	Glover-Bosco	https://yost.com
271	Bechtelar LLC	https://kunde.co.uk
272	Hilll-Kovacek	https://collier.co.uk
273	Farrell-Johnston	https://cruickshank.co.uk
274	Lind, Boyer and Howe	https://ratke.info
275	Koelpin Inc	https://kovacek.info
276	Orn-Kuhn	https://metz.com
277	Breitenberg and Sons	https://kuhic.us
278	Crist, Senger and Wilderman	https://kulas.us
279	Swaniawski Inc	https://beatty.com
280	Cole LLC	https://mosciski.us
281	Hills LLC	https://windler.co.uk
282	Armstrong-Nicolas	https://fisher.com
283	Koch-Smitham	https://lockman.biz
284	Hilll Inc	https://gottlieb.com
285	Medhurst LLC	https://smitham.name
286	Block LLC	https://hilpert.biz
287	Armstrong, Christiansen and Hayes	https://boehm.com
288	Dare-Littel	https://nienow.com
289	Rolfson Inc	https://braun.info
290	Brekke-Oga	https://yundt.com
291	Vandervort and Sons	https://leffler.com
292	Veum-Abshire	https://abshire.name
293	Mraz Inc	https://greenfelder.co.uk
294	Hagenes, Goodwin and Osinski	https://kertzmann.co.uk
295	Beer, Haley and Windler	https://metz.co.uk
296	Bins and Sons	https://lakin.info
297	Dach-Parisian	https://bashirian.co.uk
298	Schinner Inc	https://stroman.ca
299	Rodriguez, Harvey and Kohler	https://wisozk.name
300	Cummings-Ruecker	https://reichert.ca
301	Torphy, Abbott and Swaniawski	https://bartoletti.info
302	Maggio-Willms	https://cole.ca
303	DuBuque LLC	https://douglas.info
304	Barton-Gerhold	https://hoeger.ca
305	Welch, Batz and Schroeder	https://bins.ca
306	Terry and Sons	https://murphy.com
307	Hilll, Daniel and Hauck	https://roob.name
308	Mosciski Group	https://bernhard.com
309	Mohr-Koepp	https://herzog.ca
310	Stamm, Metz and Kunze	https://oreilly.com
311	Huels-Konopelski	https://kuhn.com
312	Ziemann-Conn	https://littel.info
313	Zieme, McDermott and Walker	https://sanford.co.uk
314	Krajcik, Zieme and Schneider	https://erdman.biz
315	VonRueden Group	https://okeefe.ca
316	Lubowitz-Powlowski	https://schultz.name
317	Watsica Group	https://ward.co.uk
318	Rath, Hane and Powlowski	https://ullrich.us
319	Toy, Schamberger and Schroeder	https://hackett.com
320	Yost-Runte	https://hartmann.ca
321	Towne, Shields and Waelchi	https://jewess.biz
322	Abernathy, Hauck and Block	https://kirlin.us
323	Watsica, Lynch and Cronin	https://schiller.name
324	Hintz-Bins	https://pacocha.com
325	Hilpert-Haley	https://russel.biz
326	Swaniawski-Altenwerth	https://christiansen.com
327	Lebsack Inc	https://kunze.co.uk
328	Durgan, Pfannerstill and Muller	https://nitzsche.ca
329	Terry Group	https://pacocha.ca
330	Rogahn, Spinka and Rippin	https://walsh.name
331	Prohaska, Nader and Oga	https://kuhic.co.uk
332	Batz-Leffler	https://langworth.com
333	Hessel-Williamson	https://rippin.info
334	Nicolas, Walsh and Bode	https://effertz.us
335	Lang-Jerde	https://medhurst.com
336	Christiansen-Schaefer	https://dooley.co.uk
337	Jones and Sons	https://dickens.co.uk
338	Pfeffer, Purdy and Gerhold	https://white.com
339	Zboncak, Rutherford and Price	https://bins.name
340	Harber, McGlynn and Wiza	https://williamson.com
341	Miller, Roberts and O'Keefe	https://champlin.name
342	Hane LLC	https://pfeffer.name
343	Harber Group	https://ratke.name
344	Satterfield and Sons	https://kunze.name
345	Hane Group	https://bogan.ca
346	Wisozk, Lynch and Gibson	https://fritsch.biz
347	Murray, Douglas and Mayer	https://smitham.co.uk
348	Kulas-Fadel	https://waters.us
349	Rath Group	https://oreilly.info
350	Luettgen-Brekke	https://brown.com
351	McDermott Inc	https://ebert.name
352	Runolfsdottir Inc	https://kling.us
353	Ward, Nitzsche and Lang	https://harvey.com
354	Daniel-Mante	https://bode.com
355	Hand, Blanda and Heller	https://farrell.com
356	Bogisich Group	https://lueilwitz.info
357	Christiansen and Sons	https://cormier.biz
358	Kilback, Friesen and Weimann	https://runolfsdottir.us
359	Monahan, Schumm and Hackett	https://von.ca
360	Witting-Dare	https://stehr.co.uk
361	Brown-Eichmann	https://bauch.info
362	Bins Inc	https://lakin.info
363	Weimann Inc	https://jerde.us
364	Cronin, Wolff and Fay	https://heathcote.com
365	Moen-Kassulke	https://kertzmann.biz
366	Schultz LLC	https://pfannerstill.us
367	Toy, Cole and Purdy	https://bailey.name
368	Yost-Brekke	https://deckow.co.uk
369	Lind and Sons	https://haley.us
370	Kub Group	https://mclaughlin.name
371	Herman-Beer	https://brown.ca
372	Barton-Greenfelder	https://conn.com
373	McCullough Group	https://lebsack.info
374	Halvorson-Zieme	https://nicolas.info
375	DuBuque-Hoppe	https://jerde.us
376	Kohler LLC	https://rowe.ca
377	Hagenes, Barton and Wintheiser	https://wolff.co.uk
378	Lind, Littel and Parisian	https://krajcik.biz
379	West, O'Hara and Johns	https://baumbach.ca
380	Oga-Rempel	https://bernier.info
381	Oberbrunner, Ryan and Bahringer	https://johns.name
382	Waters, West and VonRueden	https://mills.biz
383	Ebert LLC	https://rempel.biz
384	Bahringer Inc	https://ritchie.name
385	White-Treutel	https://lakin.info
386	Zulauf-Jacobson	https://torp.ca
387	Veum-Mayer	https://cole.ca
388	Steuber Inc	https://legros.com
389	West Group	https://oconnell.biz
390	Ledner LLC	https://walter.us
391	Zieme, Lesch and Lubowitz	https://herman.biz
392	Fay Group	https://dicki.com
393	Feeney Inc	https://shields.co.uk
394	Gislason Group	https://spinka.co.uk
395	Ritchie, Schultz and Berge	https://wunsch.co.uk
396	Halvorson Inc	https://schultz.info
397	Yost, Hilpert and Jones	https://becker.info
398	O'Connell and Sons	https://abernathy.co.uk
399	Metz Inc	https://beahan.ca
400	Crist Inc	https://stracke.info
401	Ebert, Christiansen and Little	https://boyer.co.uk
402	Wisoky-Dooley	https://mckenzie.ca
403	Veum, Denesik and Skiles	https://schroeder.info
404	Hauck LLC	https://spencer.ca
405	Von-Smith	https://bauch.com
406	Satterfield, Stiedemann and Christiansen	https://damore.co.uk
407	Johns-Dickens	https://batz.com
408	O'Reilly-Roob	https://botsford.com
409	Medhurst-Mills	https://senger.biz
410	Willms Inc	https://prosacco.us
411	Stroman, Lowe and Sauer	https://zboncak.biz
412	Little, Price and Zieme	https://king.us
413	Pagac-Marks	https://becker.co.uk
414	Becker-Walter	https://schmidt.biz
415	O'Reilly, Spencer and Adams	https://zieme.biz
416	Legros LLC	https://runolfsdottir.name
417	Pfeffer-Lebsack	https://fritsch.ca
418	Farrell, Witting and Welch	https://nienow.com
419	Bartell and Sons	https://rutherford.biz
420	Borer, Oga and Harris	https://fadel.us
421	Ortiz, Jakubowski and Kilback	https://balistreri.com
422	Kohler, Mitchell and Kiehn	https://klocko.name
423	Powlowski, Spinka and Purdy	https://pfannerstill.com
424	Mosciski-Homenick	https://lebsack.us
425	Connelly LLC	https://rempel.info
426	Schultz and Sons	https://carroll.co.uk
427	Paucek-Dickens	https://jacobi.biz
428	Cruickshank, Steuber and Renner	https://donnelly.name
429	Spencer, Cruickshank and Nader	https://smith.biz
430	Greenholt, Terry and Hermann	https://oga.biz
431	Wehner, Feil and Murazik	https://thompson.name
432	Sipes-Fritsch	https://douglas.biz
433	Johnson, Sawayn and Morissette	https://reinger.us
434	Rowe LLC	https://marquardt.name
435	Botsford, Gutmann and Lowe	https://dooley.us
436	Dickinson-Zboncak	https://cummings.us
437	Carter, Johnson and Kuphal	https://konopelski.info
438	Beatty-Stanton	https://stamm.biz
439	Kihn Group	https://jakubowski.co.uk
440	Runte-Grant	https://littel.name
441	Ledner, Hegmann and Reinger	https://feil.co.uk
442	Goldner, Bode and Streich	https://stoltenberg.com
443	Bailey-Hudson	https://carter.name
444	Hilll Inc	https://nolan.us
445	Bergstrom LLC	https://kertzmann.biz
446	Bashirian Group	https://runolfsson.ca
447	Kshlerin, Weber and Ondricka	https://hane.biz
448	Larson, Funk and Wintheiser	https://schmidt.biz
449	Padberg, Durgan and Langworth	https://kessler.biz
450	Veum Group	https://anderson.biz
451	Bins and Sons	https://heaney.info
452	Tillman, Wisozk and Jerde	https://okuneva.ca
453	Greenfelder-Becker	https://sawayn.com
454	Gislason-Cronin	https://goyette.info
455	Metz Inc	https://graham.us
456	Kertzmann, Wiza and Hamill	https://fay.us
457	Medhurst and Sons	https://hirthe.us
458	Wilkinson and Sons	https://torp.us
459	Lowe Inc	https://gutkowski.ca
460	Strosin-Turcotte	https://murray.info
461	Nienow-Williamson	https://pouros.com
462	Towne, Bins and Lubowitz	https://white.biz
463	Runolfsson-Heidenreich	https://king.ca
464	Bradtke-Tremblay	https://mcclure.biz
465	Block-Smith	https://koss.us
466	Konopelski, Kuphal and Aufderhar	https://simonis.ca
467	Yundt-Bailey	https://pacocha.co.uk
468	Schinner, Schmidt and Goldner	https://quitzon.biz
469	Rippin Group	https://mante.ca
470	Stokes, O'Keefe and Corwin	https://zulauf.info
471	Swift-Haley	https://quitzon.ca
472	Dicki LLC	https://boyle.biz
473	Corwin, Gleason and Schultz	https://balistreri.ca
474	Bogisich-Hansen	https://franecki.us
475	Franecki, Hoeger and Lind	https://kulas.biz
476	Huel, Stroman and Morar	https://reichert.info
477	McLaughlin, Hegmann and Mayer	https://dibbert.com
478	Jast, Lynch and Botsford	https://lind.name
479	Ratke, Johnston and Moore	https://kozey.name
480	Kling-Feeney	https://brown.name
481	Wisozk Inc	https://little.ca
482	Schmidt-Bednar	https://haag.com
483	Mann and Sons	https://gutkowski.ca
484	Kozey-Kihn	https://bins.us
485	Leannon-Homenick	https://dickens.com
486	Conn Inc	https://ruecker.us
487	McCullough Inc	https://larkin.co.uk
488	Nader, Kuhn and Predovic	https://crona.info
489	Bins Inc	https://pfeffer.co.uk
490	Nicolas-Kozey	https://batz.info
491	Hickle LLC	https://lind.com
492	Hayes, Wisoky and Predovic	https://mccullough.ca
493	Kozey-Hermiston	https://carroll.com
494	Christiansen-Kutch	https://roberts.us
495	Reynolds Group	https://heathcote.biz
496	Marquardt-Hagenes	https://flatley.com
497	Pacocha LLC	https://hodkiewicz.us
498	Kuphal and Sons	https://hilll.com
499	Ortiz LLC	https://hettinger.co.uk
500	Kohler-Schneider	https://pouros.info
501	Ruecker Inc	https://reilly.name
502	Stoltenberg, Rolfson and Macejkovic	https://stanton.ca
503	Schmeler LLC	https://brakus.ca
504	Anderson, Bailey and Predovic	https://abshire.ca
505	Lehner LLC	https://hudson.biz
506	Botsford Inc	https://donnelly.us
507	Johnson Group	https://abbott.ca
508	Stroman, Hane and Metz	https://harber.us
509	Johns-Gorczany	https://schmitt.ca
510	Hills-Harvey	https://heidenreich.com
511	Wuckert-Boyle	https://schuster.biz
512	Crona-Nienow	https://dooley.biz
513	Monahan, Conroy and Blick	https://hirthe.us
514	Stehr, Streich and Kuhic	https://hilpert.us
515	Sawayn Inc	https://ondricka.com
516	Runolfsson, Huels and Osinski	https://shanahan.us
517	Funk Inc	https://nicolas.com
518	Daugherty, Davis and Jakubowski	https://gutkowski.com
519	Berge LLC	https://goodwin.us
520	Daugherty Inc	https://bosco.com
521	Hayes LLC	https://torp.us
522	Volkman, Kris and Crooks	https://lind.us
523	Treutel-Emmerich	https://ebert.com
524	Lakin, Pollich and Grady	https://hermiston.biz
525	Schaefer-Kub	https://mann.us
526	Bergnaum and Sons	https://mertz.ca
527	Koelpin, Doyle and Ruecker	https://herman.us
528	Little LLC	https://fahey.ca
529	Fahey and Sons	https://goodwin.ca
530	Gleichner Inc	https://weber.us
531	Koch and Sons	https://simonis.name
532	Rosenbaum-Blick	https://jacobson.biz
533	Hirthe-Klein	https://rosenbaum.ca
534	Koch Inc	https://volkman.name
535	Brakus-Glover	https://barton.com
536	Pacocha, Orn and Krajcik	https://pacocha.ca
537	Greenholt Group	https://towne.info
538	Cartwright-Conn	https://hand.name
539	Reichert Inc	https://wolff.co.uk
540	Barrows-Fadel	https://keebler.biz
541	Hudson, Funk and Thiel	https://von.co.uk
542	Schmitt-Miller	https://heathcote.us
543	Gaylord, Leffler and Gutmann	https://douglas.ca
544	Jakubowski-Schiller	https://russel.name
545	Stanton-Fritsch	https://bernier.us
546	Green, Hessel and Yundt	https://denesik.biz
547	Reichert, Rogahn and Aufderhar	https://rice.name
548	Kautzer LLC	https://macejkovic.us
549	Goyette Inc	https://deckow.co.uk
550	Hickle-Abshire	https://hand.ca
551	Bode, Lockman and Goldner	https://emard.biz
552	Block, Schowalter and West	https://hansen.co.uk
553	Schiller-Kulas	https://bashirian.name
554	Bayer-Brakus	https://hagenes.co.uk
555	Stracke Inc	https://erdman.biz
556	Oberbrunner-Stanton	https://waters.ca
557	Trantow Inc	https://hills.ca
558	Effertz LLC	https://lynch.info
559	Jaskolski, Smitham and Schaefer	https://muller.com
560	Mertz, Langworth and Stamm	https://jacobson.co.uk
561	Farrell-Yost	https://pagac.co.uk
562	Bechtelar-Abbott	https://howell.us
563	Gorczany-Jewess	https://reynolds.ca
564	Marvin-Fay	https://conroy.us
565	Hartmann Inc	https://cruickshank.name
566	Blanda LLC	https://effertz.biz
567	Hintz-Howell	https://pagac.name
568	Lakin and Sons	https://trantow.us
569	Hoeger, Herzog and Hayes	https://langosh.ca
570	Feil LLC	https://kohler.ca
571	Mitchell, Powlowski and Hettinger	https://collier.info
572	White-Mitchell	https://altenwerth.com
573	Jewess and Sons	https://wisoky.us
574	Simonis, Mills and Oberbrunner	https://simonis.biz
575	Dare Group	https://cormier.com
576	Schneider-Daugherty	https://lehner.com
577	Ondricka, Keebler and Steuber	https://schowalter.com
578	Spencer-Weimann	https://feil.info
579	Christiansen, Nienow and Abshire	https://oberbrunner.ca
580	Davis-Murray	https://kshlerin.info
581	Jones, Barton and Sawayn	https://lueilwitz.biz
582	Herman, Wiegand and Cummings	https://pollich.name
583	Skiles-Howell	https://halvorson.name
584	Bergstrom, Ryan and Welch	https://volkman.name
585	Wyman, Johnson and Sauer	https://hayes.ca
586	Williamson, Yundt and Welch	https://larkin.biz
587	Metz Inc	https://botsford.com
588	Olson-Legros	https://buckridge.name
589	Dibbert, Rowe and Hansen	https://waelchi.ca
590	Gerhold and Sons	https://greenholt.ca
591	Yost-Hegmann	https://west.info
592	Goyette-Boyle	https://schaden.ca
593	Thiel, Anderson and Towne	https://rippin.name
594	Nolan-Homenick	https://oga.co.uk
595	Ullrich and Sons	https://thompson.com
596	Kulas, Pacocha and Bosco	https://donnelly.name
597	Yost-Daniel	https://cassin.name
598	Pfannerstill, Conroy and Parker	https://rolfson.biz
599	Willms-Jakubowski	https://herman.info
600	Botsford-O'Hara	https://turcotte.biz
601	Pacocha Inc	https://legros.name
602	Oga, Roob and Kulas	https://skiles.co.uk
603	Medhurst LLC	https://kihn.us
604	Auer Inc	https://batz.us
605	Bode, Little and Heidenreich	https://frami.ca
606	Schimmel, Walsh and Dare	https://corwin.co.uk
607	Franecki, Pouros and Funk	https://kozey.info
608	Bosco, Schultz and Bergnaum	https://ledner.ca
609	Huel Group	https://aufderhar.us
610	Bernhard LLC	https://towne.name
611	Schumm-Raynor	https://armstrong.ca
612	Conn LLC	https://cole.ca
613	Pacocha-Johnston	https://williamson.co.uk
614	Kassulke, Schowalter and West	https://torphy.ca
615	Reinger-Schultz	https://sporer.biz
616	Pfeffer-Champlin	https://cummerata.co.uk
617	Beier Inc	https://smitham.name
618	Renner, Koch and Rosenbaum	https://metz.info
619	Kerluke-Koelpin	https://bradtke.com
620	Bins-Ziemann	https://lesch.info
621	Jenkins-McGlynn	https://johnson.us
622	Predovic-Terry	https://collier.ca
623	Waters-Cole	https://kirlin.ca
624	Schmitt-Kilback	https://ziemann.co.uk
625	Price-Hartmann	https://schumm.co.uk
626	Kiehn-Kunze	https://thiel.co.uk
627	Huel Inc	https://hermann.ca
628	McClure, Keebler and King	https://lockman.biz
629	Olson, Mueller and Cremin	https://bayer.biz
630	King-Gleason	https://oconnell.info
631	Jakubowski Group	https://pollich.name
632	Moen-Jacobi	https://rowe.biz
633	Schroeder LLC	https://jerde.name
634	Funk LLC	https://walter.biz
635	McClure-Bernhard	https://wuckert.info
636	Graham, Moen and Schmidt	https://gusikowski.name
637	Romaguera LLC	https://mclaughlin.com
638	Kassulke Inc	https://murray.info
639	Zulauf Inc	https://rath.com
640	Renner, Hirthe and Crist	https://jast.name
641	Johns-Marquardt	https://schiller.ca
642	Kilback, Runolfsdottir and Lindgren	https://towne.name
643	Weissnat, Barrows and Jerde	https://klocko.us
644	Schmitt, Ebert and Wintheiser	https://yundt.info
645	Schimmel Inc	https://sipes.biz
646	Rodriguez Inc	https://russel.name
647	Hermiston, Schaefer and Kuhlman	https://mccullough.ca
648	Jaskolski-Harber	https://tremblay.ca
649	Leffler and Sons	https://steuber.com
650	Pacocha, Hermann and Hammes	https://bogisich.ca
651	Dickens-Klein	https://bailey.com
652	Miller, Kub and Jacobs	https://gorczany.name
653	Lesch-Mraz	https://botsford.info
654	Bruen, Anderson and Weimann	https://leffler.biz
655	Bechtelar-Grady	https://christiansen.com
656	Haley Inc	https://klein.com
657	Weber-Lakin	https://littel.us
658	Pagac LLC	https://walker.info
659	Renner, Simonis and Yost	https://stark.ca
660	Eichmann-Morar	https://pouros.name
661	Sauer LLC	https://schinner.info
662	Bechtelar, Harvey and Adams	https://witting.info
663	Lockman, Hoeger and Nikolaus	https://mayert.name
664	Schmidt Group	https://anderson.us
665	Rath Inc	https://fisher.name
666	Hauck-Schmitt	https://oconnell.name
667	Kemmer, Deckow and Gorczany	https://veum.biz
668	Jones, O'Reilly and Reinger	https://bins.name
669	Conroy-Gutkowski	https://moen.ca
670	Feil, Krajcik and Wisoky	https://towne.com
671	Rice, Wisozk and Anderson	https://frami.us
672	Roob Group	https://bashirian.biz
673	McKenzie Inc	https://nolan.biz
674	Kuhic, Brekke and Schneider	https://fadel.name
675	Hamill-Reynolds	https://mckenzie.info
676	Farrell Group	https://gislason.us
677	Walter LLC	https://champlin.co.uk
678	Hudson Inc	https://turcotte.us
679	Heathcote Group	https://kerluke.ca
680	Grimes Group	https://mraz.name
681	Ondricka, Jenkins and Osinski	https://erdman.com
682	Schroeder LLC	https://marquardt.name
683	Osinski, Hilpert and Ritchie	https://swaniawski.name
684	Brakus LLC	https://west.biz
685	Dicki, Ortiz and Glover	https://batz.biz
686	Brown and Sons	https://brekke.ca
687	Parisian-Casper	https://goldner.name
688	Beatty Inc	https://kertzmann.name
689	Mosciski-Bechtelar	https://marquardt.com
690	Crooks, Kunde and Kirlin	https://feil.co.uk
691	Wiza, Daniel and Fahey	https://kohler.info
692	Corkery and Sons	https://johnston.com
693	Reichel, Stark and Heaney	https://will.ca
694	Donnelly-Corwin	https://mueller.name
695	Pouros-Mills	https://pacocha.us
696	Gerhold and Sons	https://stiedemann.name
697	Rau, Legros and Emmerich	https://jerde.info
698	Schneider-Runolfsdottir	https://sipes.co.uk
699	Gislason, Hudson and Kohler	https://walsh.com
700	Kuhn, Sanford and Kassulke	https://turcotte.name
701	Reynolds, Lubowitz and Hagenes	https://ward.co.uk
702	Feeney, Zulauf and Dare	https://tremblay.com
703	Olson, Hills and Kautzer	https://kulas.name
704	Trantow, Haley and Hermiston	https://lehner.info
705	Haag-Hintz	https://schamberger.info
706	Schmeler, Harris and VonRueden	https://runte.us
707	Hermiston, Schmidt and Von	https://douglas.info
708	Ebert-Weimann	https://rutherford.biz
709	Collier LLC	https://murazik.com
710	Bosco LLC	https://braun.info
711	Powlowski, Turner and Murphy	https://anderson.com
712	Kerluke Inc	https://harvey.biz
713	Kessler, Schneider and McLaughlin	https://satterfield.name
714	Lueilwitz-Sawayn	https://braun.name
715	Rohan-Hermann	https://zulauf.info
716	Kirlin Inc	https://bednar.name
717	Erdman Inc	https://kutch.com
718	Pfannerstill-Rodriguez	https://cartwright.name
719	Bailey, Rolfson and Gutkowski	https://wuckert.name
720	Johnston-Mosciski	https://weissnat.biz
721	Ernser-Jenkins	https://buckridge.name
722	Hermann, Nader and Collins	https://grant.info
723	Hessel-Hamill	https://gislason.info
724	Berge-Fritsch	https://shields.biz
725	Morar, Howell and Dibbert	https://bartoletti.co.uk
726	Bednar-Rolfson	https://schmitt.co.uk
727	Glover-Daugherty	https://walker.name
728	Doyle-Halvorson	https://little.biz
729	Rowe, McClure and Schuster	https://schultz.com
730	Balistreri-Parisian	https://spinka.ca
731	Gusikowski-Hills	https://johnston.co.uk
732	Walker Inc	https://hilll.us
733	Metz-Cronin	https://mayer.name
734	Hyatt, Mills and Swaniawski	https://bechtelar.biz
735	Zboncak, Renner and Murray	https://stracke.biz
736	Hauck Inc	https://balistreri.co.uk
737	Lowe, Wisoky and Boehm	https://rosenbaum.name
738	Morissette Inc	https://corkery.name
739	Bartell-Beer	https://ullrich.co.uk
740	Donnelly-Jenkins	https://kling.co.uk
741	Jast-Von	https://lubowitz.co.uk
742	Bogisich-Kertzmann	https://harber.name
743	Langosh, Langworth and Nolan	https://schultz.co.uk
744	Homenick-Koelpin	https://braun.us
745	Howe, Orn and McKenzie	https://hermiston.info
746	Hintz Inc	https://cassin.us
747	Stanton and Sons	https://kemmer.biz
748	Yundt Group	https://russel.info
749	Bode-Sauer	https://kulas.info
750	Shanahan, Huel and Sipes	https://wunsch.info
751	Dach, Hills and Witting	https://hilpert.info
752	Sauer, Carroll and Mitchell	https://brakus.ca
753	Bauch Inc	https://hermann.biz
754	Aufderhar, Pouros and Johnson	https://trantow.us
755	Zboncak-Goodwin	https://lemke.biz
756	Dare-Gaylord	https://welch.biz
757	McClure-Greenholt	https://cartwright.biz
758	Zulauf-Crist	https://vandervort.us
759	Morissette-Abbott	https://schulist.co.uk
760	Nitzsche-Muller	https://kerluke.us
761	Bogisich-Schaden	https://lesch.name
762	Prohaska-Kshlerin	https://hackett.biz
763	Marks Inc	https://bednar.us
764	Mueller-Bartell	https://mitchell.ca
765	Botsford-Grant	https://jast.biz
766	Friesen, Gerlach and Bode	https://ward.us
767	Kohler LLC	https://kessler.com
768	Douglas-Klocko	https://emmerich.ca
769	Walker, Corwin and Collins	https://kiehn.co.uk
770	Cronin, Kessler and Hilpert	https://ratke.info
771	Larkin, Paucek and VonRueden	https://romaguera.info
772	Haag, Ritchie and Murazik	https://pouros.ca
773	Schimmel Inc	https://feil.info
774	Cronin LLC	https://jacobi.us
775	Gutkowski-Breitenberg	https://schoen.com
776	Farrell, Mayer and Jakubowski	https://kub.info
777	Labadie Group	https://ohara.biz
778	Prosacco Inc	https://hudson.us
779	Berge and Sons	https://hessel.com
780	Funk, Conroy and Mills	https://pfeffer.us
781	Zulauf-Koelpin	https://wolf.co.uk
782	Anderson, Bayer and Bayer	https://frami.info
783	Witting-Mosciski	https://ebert.us
784	Harris-Sauer	https://swaniawski.com
785	Oberbrunner-Reichert	https://hodkiewicz.info
786	Yundt, Schroeder and Larkin	https://beatty.info
787	Schoen-Rutherford	https://boehm.com
788	Connelly, Armstrong and Feest	https://block.ca
789	Mohr Inc	https://cassin.info
790	Hane-Crona	https://kiehn.biz
791	VonRueden and Sons	https://emard.info
792	Lubowitz LLC	https://kling.us
793	Effertz-Bartell	https://bernhard.us
794	Kutch, Hayes and King	https://erdman.us
795	Nikolaus Inc	https://carter.us
796	Kutch LLC	https://wintheiser.biz
797	Pfeffer-Langworth	https://larson.co.uk
798	Mante-Eichmann	https://mohr.biz
799	Smitham LLC	https://kohler.us
800	Ferry, Fadel and Hoeger	https://lesch.biz
\.


--
-- Data for Name: product; Type: TABLE DATA; Schema: public; Owner: postgres
--

COPY public.product (id, platform_id, category_id, name, price, currency, available) FROM stdin;
1	33	66	aliquet	6.23	USD	f
2	92	13	pulvinar	6.79	USD	f
3	67	23	posuere	6.59	USD	f
4	48	50	donec	6.84	USD	f
5	19	79	netus	6.03	USD	f
6	45	52	morbi	6.17	USD	f
7	76	22	eros	5.75	USD	f
8	2	56	tellus	5.38	USD	t
9	75	36	lobortis	5.66	USD	f
10	20	8	viverra	5.65	USD	t
11	37	63	bibendum	6.82	USD	t
12	55	14	leo	5.31	USD	t
13	85	58	ridiculus	5.85	USD	f
14	84	91	elementum	5.21	USD	t
15	75	96	tristique	6.52	USD	f
16	88	11	dolor	5.43	USD	t
17	74	1	porttitor	6.59	USD	t
18	4	2	integer	6.97	USD	t
19	90	39	fusce	5.77	USD	t
20	24	37	viverra	5.57	USD	t
21	25	41	erat	5.98	USD	t
22	82	39	vulputate	6.35	USD	f
23	28	48	lorem	5.83	USD	f
24	6	11	tellus	5.97	USD	f
25	55	45	nisi	5.91	USD	f
26	85	4	pellentesque	6.26	USD	t
27	24	32	libero	5.78	USD	f
28	47	38	dapibus	6.39	USD	t
29	57	9	ipsum	6.40	USD	t
30	65	65	commodo	5.79	USD	t
31	97	39	ridiculus	6.32	USD	f
32	47	89	mi	6.76	USD	f
33	51	18	egestas	5.33	USD	f
34	20	27	feugiat	6.01	USD	t
35	73	63	cum	6.56	USD	t
36	10	100	tincidunt	6.99	USD	t
37	16	73	cursus	6.62	USD	t
38	88	89	consectetur	6.68	USD	f
39	73	20	cras	5.84	USD	f
40	62	46	eu	5.64	USD	t
41	88	12	imperdiet	6.95	USD	f
42	40	83	vestibulum	5.63	USD	t
43	81	40	nibh	6.43	USD	t
44	67	57	orci	5.08	USD	f
45	67	34	tempor	6.17	USD	t
46	54	58	platea	5.07	USD	t
47	72	60	aliquet	6.49	USD	f
48	43	19	et	6.26	USD	t
49	92	56	ornare	6.05	USD	f
50	19	51	fames	5.02	USD	f
51	95	88	lacus	6.92	USD	t
52	93	63	diam	6.73	USD	t
53	84	56	velit	6.66	USD	f
54	48	13	nunc	5.03	USD	f
55	48	61	sollicitudin	5.34	USD	f
56	25	89	scelerisque	5.63	USD	f
57	54	50	platea	5.91	USD	t
58	62	1	velit	5.76	USD	f
59	17	42	vulputate	5.42	USD	t
60	32	11	porta	6.86	USD	t
61	92	51	non	5.10	USD	t
62	20	55	venenatis	5.98	USD	t
63	15	45	pharetra	6.19	USD	f
64	42	69	parturient	5.96	USD	f
65	93	34	ultrices	6.85	USD	t
66	44	67	nec	5.92	USD	t
67	26	70	dis	5.86	USD	f
68	63	88	montes	6.14	USD	f
69	9	9	vitae	6.73	USD	t
70	51	11	faucibus	6.51	USD	f
71	73	85	sociis	6.56	USD	t
72	89	5	praesent	6.34	USD	f
73	58	18	sollicitudin	6.71	USD	f
74	55	29	sollicitudin	5.69	USD	f
75	72	3	adipiscing	6.75	USD	f
76	70	17	etiam	6.13	USD	t
77	52	56	ligula	5.93	USD	f
78	28	64	in	5.26	USD	t
79	2	15	proin	6.92	USD	t
80	31	79	bibendum	5.72	USD	f
81	38	41	quam	5.68	USD	f
82	9	1	ligula	6.26	USD	f
83	13	11	et	6.69	USD	f
84	34	68	quam	6.86	USD	f
85	8	98	eget	6.85	USD	f
86	83	68	porttitor	6.12	USD	f
87	98	76	libero	5.24	USD	t
88	35	51	magnis	5.43	USD	f
89	55	44	vivamus	6.50	USD	f
90	1	72	hendrerit	7.00	USD	f
91	59	52	tellus	5.62	USD	f
92	43	55	orci	6.26	USD	t
93	69	32	turpis	5.45	USD	f
94	5	60	sollicitudin	5.85	USD	f
95	34	41	pharetra	5.54	USD	f
96	10	31	nullam	5.72	USD	t
97	89	49	nascetur	6.46	USD	f
98	25	1	magnis	6.65	USD	t
99	38	67	vel	6.61	USD	f
100	10	73	fermentum	5.67	USD	f
101	76	1	congue	5.54	USD	t
102	120	133	fermentum	5.66	USD	t
103	180	136	nisi	6.90	USD	t
104	91	180	velit	5.85	USD	f
105	78	82	aenean	5.41	USD	f
106	185	15	massa	5.02	USD	f
107	174	194	a	6.31	USD	f
108	124	171	natoque	5.72	USD	t
109	110	192	dictum	5.42	USD	f
110	89	161	sollicitudin	5.30	USD	f
111	115	144	ligula	5.39	USD	f
112	25	172	habitant	6.77	USD	t
113	110	52	porttitor	5.41	USD	f
114	58	18	adipiscing	6.20	USD	f
115	73	106	nec	6.67	USD	f
116	89	74	dapibus	6.86	USD	f
117	52	129	id	5.96	USD	f
118	192	66	nisl	5.45	USD	t
119	45	93	urna	5.51	USD	f
120	27	170	maecenas	5.46	USD	t
121	43	123	sit	6.66	USD	f
122	167	23	ut	6.35	USD	f
123	102	2	vulputate	6.29	USD	t
124	141	60	tincidunt	6.82	USD	t
125	139	160	odio	5.50	USD	t
126	30	89	diam	6.48	USD	t
127	146	172	vulputate	6.39	USD	f
128	39	128	lorem	6.44	USD	f
129	132	175	curabitur	5.35	USD	t
130	2	9	turpis	5.66	USD	f
131	103	133	orci	6.20	USD	t
132	117	152	maecenas	6.07	USD	f
133	160	21	est	5.90	USD	t
134	69	134	sem	5.62	USD	f
135	76	18	urna	5.13	USD	t
136	18	135	pellentesque	6.79	USD	t
137	99	189	ornare	6.54	USD	t
138	107	13	tellus	6.41	USD	f
139	115	126	ante	6.18	USD	t
140	151	37	faucibus	5.90	USD	f
141	194	177	tincidunt	6.88	USD	f
142	137	79	dis	5.20	USD	f
143	194	23	auctor	6.86	USD	t
144	184	139	arcu	6.48	USD	t
145	22	161	senectus	5.48	USD	f
146	7	193	tellus	5.83	USD	f
147	139	103	sem	6.93	USD	t
148	120	5	venenatis	5.10	USD	f
149	190	28	netus	6.66	USD	t
150	73	3	congue	6.44	USD	f
151	59	140	habitant	5.10	USD	f
152	115	114	eros	5.98	USD	f
153	121	132	malesuada	6.52	USD	f
154	5	94	orci	5.77	USD	f
155	24	116	proin	5.53	USD	f
156	58	48	commodo	5.84	USD	f
157	56	91	scelerisque	6.70	USD	t
158	2	88	habitant	5.92	USD	t
159	6	144	semper	5.46	USD	f
160	11	71	ligula	5.57	USD	t
161	83	78	luctus	5.97	USD	t
162	29	60	luctus	5.13	USD	t
163	110	19	nibh	5.75	USD	f
164	93	57	ut	6.76	USD	f
165	21	167	velit	5.62	USD	f
166	52	10	proin	6.40	USD	f
167	100	47	arcu	6.94	USD	f
168	167	62	fusce	6.71	USD	f
169	189	81	maecenas	6.18	USD	f
170	155	181	auctor	6.71	USD	t
171	28	81	etiam	6.78	USD	f
172	146	93	ligula	5.38	USD	t
173	36	36	et	5.75	USD	f
174	48	54	eleifend	6.27	USD	f
175	58	114	cras	5.42	USD	f
176	129	19	luctus	5.51	USD	t
177	42	82	dignissim	6.81	USD	t
178	194	130	convallis	6.52	USD	t
179	145	11	commodo	6.95	USD	t
180	8	50	quisque	5.00	USD	f
181	97	198	cum	5.41	USD	t
182	69	95	risus	6.97	USD	f
183	129	171	congue	5.60	USD	t
184	117	132	eu	5.82	USD	f
185	79	197	fames	6.14	USD	f
186	110	178	blandit	6.69	USD	t
187	123	21	varius	6.52	USD	t
188	99	93	fringilla	6.47	USD	f
189	104	71	odio	6.29	USD	t
190	63	182	interdum	6.77	USD	f
191	81	94	tristique	5.79	USD	f
192	124	174	euismod	5.81	USD	f
193	52	99	arcu	6.80	USD	f
194	14	99	porta	5.13	USD	t
195	112	34	mauris	6.09	USD	f
196	68	59	molestie	6.43	USD	t
197	182	58	aenean	6.25	USD	t
198	43	104	dui	5.69	USD	t
199	4	1	magna	5.16	USD	f
200	108	13	pharetra	6.77	USD	f
201	109	23	felis	6.87	USD	f
202	14	33	semper	5.97	USD	f
203	26	233	sagittis	5.97	USD	f
204	282	158	etiam	6.25	USD	f
205	273	269	accumsan	6.85	USD	f
206	143	75	erat	6.28	USD	t
207	190	191	feugiat	5.89	USD	f
208	201	245	potenti	6.34	USD	t
209	189	292	maecenas	5.07	USD	t
210	226	187	pulvinar	6.58	USD	t
211	157	42	sollicitudin	6.89	USD	f
212	37	159	a	6.15	USD	t
213	207	1	imperdiet	5.38	USD	t
214	278	232	lorem	6.59	USD	t
215	291	25	cum	5.79	USD	f
216	157	114	mattis	6.42	USD	t
217	155	282	eleifend	5.81	USD	t
218	273	51	donec	6.06	USD	f
219	163	109	velit	5.72	USD	t
220	43	123	montes	6.81	USD	f
221	46	254	orci	5.31	USD	t
222	272	39	proin	5.82	USD	t
223	127	217	id	5.77	USD	t
224	51	204	suscipit	6.15	USD	t
225	97	178	nec	5.54	USD	f
226	272	258	proin	6.51	USD	f
227	139	127	porttitor	6.87	USD	t
228	218	32	morbi	5.48	USD	f
229	215	171	nullam	5.50	USD	t
230	14	7	consectetur	5.17	USD	f
231	200	176	venenatis	5.90	USD	f
232	211	91	mus	6.57	USD	f
233	125	90	nam	6.57	USD	f
234	89	224	cras	5.65	USD	t
235	282	7	dapibus	6.08	USD	t
236	240	14	suspendisse	5.71	USD	t
237	207	168	pulvinar	5.50	USD	t
238	244	96	mattis	5.38	USD	t
239	37	2	eu	5.26	USD	t
240	277	98	duis	5.49	USD	t
241	12	8	metus	5.27	USD	t
242	127	195	fringilla	6.25	USD	f
243	110	112	parturient	6.53	USD	f
244	72	153	suscipit	6.27	USD	t
245	217	276	pulvinar	6.98	USD	t
246	259	33	nisi	5.86	USD	f
247	29	113	urna	5.72	USD	t
248	88	33	auctor	5.78	USD	f
249	58	1	tortor	6.02	USD	f
250	82	245	fusce	5.41	USD	f
251	264	172	non	5.78	USD	t
252	166	51	pellentesque	5.67	USD	f
253	132	22	nibh	6.06	USD	t
254	3	188	suspendisse	5.93	USD	f
255	113	77	massa	5.53	USD	f
256	226	32	ridiculus	6.65	USD	f
257	211	143	congue	6.47	USD	f
258	218	128	lobortis	5.75	USD	t
259	108	208	malesuada	6.96	USD	f
260	162	129	donec	5.51	USD	f
261	30	83	sed	5.30	USD	t
262	1	206	mollis	5.56	USD	f
263	180	144	sodales	6.02	USD	f
264	273	265	iaculis	6.85	USD	t
265	86	124	lectus	6.83	USD	t
266	65	148	sapien	5.32	USD	t
267	122	116	eros	5.20	USD	f
268	261	167	ac	5.79	USD	t
269	70	75	laoreet	5.46	USD	f
270	297	292	convallis	5.06	USD	f
271	265	261	mauris	6.19	USD	t
272	62	187	facilisis	6.95	USD	t
273	217	4	egestas	5.83	USD	t
274	230	233	nullam	5.56	USD	f
275	171	7	molestie	6.95	USD	f
276	213	265	ridiculus	5.10	USD	t
277	34	164	tristique	5.71	USD	f
278	236	231	erat	5.45	USD	t
279	176	192	netus	6.59	USD	f
280	159	252	ac	6.85	USD	t
281	79	164	sapien	6.98	USD	f
282	249	281	metus	5.13	USD	t
283	258	19	luctus	6.79	USD	t
284	163	67	risus	5.83	USD	f
285	142	98	turpis	5.87	USD	t
286	67	139	pharetra	5.07	USD	f
287	114	202	lacus	6.44	USD	f
288	56	253	aenean	5.89	USD	f
289	162	135	convallis	6.73	USD	t
290	236	146	tincidunt	6.98	USD	f
291	297	28	praesent	5.83	USD	t
292	279	234	tortor	5.02	USD	f
293	137	29	integer	6.31	USD	f
294	203	62	purus	6.07	USD	t
295	157	116	et	5.15	USD	t
296	114	257	vitae	6.69	USD	f
297	46	16	bibendum	5.13	USD	t
298	2	84	blandit	6.52	USD	f
299	248	48	velit	6.21	USD	t
300	128	256	congue	5.30	USD	t
301	265	357	donec	5.76	USD	f
302	41	41	cras	5.40	USD	t
303	377	126	in	5.11	USD	t
304	281	121	lectus	6.56	USD	t
305	213	126	libero	5.12	USD	t
306	4	24	auctor	5.74	USD	t
307	30	49	adipiscing	5.11	USD	f
308	48	108	netus	6.98	USD	t
309	230	341	habitasse	6.33	USD	f
310	245	268	libero	6.02	USD	f
311	249	147	suspendisse	6.26	USD	f
312	130	104	nibh	5.56	USD	f
313	230	16	mi	5.83	USD	f
314	385	353	interdum	5.43	USD	t
315	135	77	suspendisse	5.74	USD	f
316	294	370	non	5.67	USD	t
317	343	287	donec	6.56	USD	f
318	123	99	metus	6.79	USD	t
319	142	245	eu	6.56	USD	t
320	100	9	nascetur	5.06	USD	t
321	11	39	congue	6.17	USD	t
322	346	340	nec	5.26	USD	f
323	8	166	nullam	6.61	USD	f
324	84	260	vivamus	6.90	USD	f
325	394	127	pretium	6.03	USD	f
326	367	160	massa	5.41	USD	f
327	239	123	eleifend	5.79	USD	f
328	285	342	fames	6.63	USD	t
329	365	174	magnis	6.14	USD	f
330	97	195	amet	5.57	USD	f
331	306	167	venenatis	6.54	USD	t
332	346	368	eros	5.20	USD	f
333	55	123	quis	5.06	USD	t
334	366	224	egestas	5.68	USD	t
335	319	265	parturient	5.49	USD	t
336	393	123	elementum	6.37	USD	f
337	140	346	ornare	5.72	USD	f
338	32	167	lobortis	5.61	USD	t
339	228	12	auctor	5.38	USD	t
340	135	372	hac	5.27	USD	t
341	100	366	id	6.13	USD	t
342	270	89	enim	6.46	USD	f
343	216	186	tempus	5.34	USD	t
344	27	356	dui	5.47	USD	t
345	109	14	leo	6.77	USD	f
346	184	77	pharetra	6.26	USD	t
347	252	46	aliquam	5.17	USD	t
348	172	219	ultrices	6.87	USD	f
349	106	101	hendrerit	6.50	USD	t
350	201	259	parturient	5.24	USD	f
351	155	57	quam	5.24	USD	t
352	57	326	vestibulum	6.54	USD	f
353	157	376	congue	6.80	USD	t
354	198	122	natoque	6.73	USD	t
355	98	360	at	6.30	USD	t
356	87	65	fames	6.62	USD	f
357	27	26	etiam	6.83	USD	t
358	292	310	vulputate	6.67	USD	t
359	30	271	cursus	5.38	USD	t
360	46	189	enim	6.28	USD	f
361	62	368	dapibus	6.69	USD	f
362	306	322	morbi	6.54	USD	t
363	72	268	eget	6.83	USD	f
364	26	148	feugiat	6.16	USD	f
365	163	290	mattis	6.49	USD	f
366	392	348	magnis	6.45	USD	t
367	186	153	senectus	6.26	USD	t
368	240	91	tempus	6.29	USD	f
369	19	44	donec	5.83	USD	t
370	74	161	sem	6.58	USD	t
371	388	7	est	6.11	USD	f
372	338	254	etiam	5.07	USD	t
373	232	378	amet	5.17	USD	t
374	275	186	penatibus	5.88	USD	f
375	28	265	pretium	5.82	USD	t
376	2	147	augue	6.46	USD	t
377	299	26	natoque	6.24	USD	f
378	309	394	mi	5.01	USD	f
379	35	38	bibendum	5.64	USD	f
380	95	90	enim	5.53	USD	t
381	215	108	senectus	6.36	USD	t
382	363	86	sollicitudin	5.90	USD	f
383	313	189	arcu	6.98	USD	t
384	331	162	tellus	6.94	USD	t
385	173	272	maecenas	6.10	USD	t
386	79	81	lectus	5.17	USD	f
387	370	91	mauris	5.99	USD	t
388	59	160	adipiscing	5.99	USD	f
389	18	35	ultrices	6.56	USD	f
390	35	352	fringilla	6.51	USD	t
391	59	359	libero	5.49	USD	f
392	69	138	elementum	5.46	USD	t
393	397	20	vel	5.08	USD	t
394	236	173	pharetra	5.18	USD	t
395	378	119	libero	6.85	USD	f
396	145	158	tortor	5.60	USD	t
397	230	1	commodo	5.05	USD	t
398	314	35	dictumst	5.20	USD	f
399	151	230	parturient	6.26	USD	f
400	94	252	platea	6.94	USD	t
401	180	75	ligula	5.59	USD	f
402	374	427	leo	5.27	USD	f
403	152	70	justo	6.75	USD	t
404	342	441	ante	5.09	USD	t
405	115	428	pellentesque	5.05	USD	f
406	264	445	magna	5.64	USD	f
407	412	231	felis	6.82	USD	t
408	273	107	sem	5.57	USD	f
409	406	121	netus	6.50	USD	f
410	420	287	augue	5.60	USD	f
411	125	259	nam	6.01	USD	t
412	455	408	felis	5.02	USD	f
413	497	86	enim	6.79	USD	f
414	175	482	elit	6.97	USD	t
415	88	395	molestie	5.33	USD	t
416	235	400	adipiscing	6.42	USD	t
417	184	247	magna	6.92	USD	f
418	24	141	vivamus	5.97	USD	f
419	241	425	aliquam	6.03	USD	t
420	448	106	sit	5.89	USD	f
421	38	265	ipsum	6.36	USD	f
422	125	218	venenatis	5.55	USD	f
423	372	329	dictum	6.52	USD	f
424	109	435	sit	5.32	USD	f
425	85	27	at	6.70	USD	f
426	48	206	augue	6.27	USD	t
427	443	318	tellus	6.57	USD	f
428	275	89	aliquet	6.11	USD	t
429	400	445	tempus	5.93	USD	t
430	322	346	placerat	6.14	USD	t
431	132	324	eleifend	5.11	USD	t
432	160	239	lorem	5.80	USD	t
433	446	107	id	6.25	USD	t
434	23	195	fringilla	6.61	USD	f
435	55	102	mauris	6.76	USD	t
436	360	430	lorem	5.33	USD	t
437	493	85	euismod	6.77	USD	f
438	17	154	arcu	5.44	USD	t
439	281	54	odio	6.51	USD	t
440	159	319	porttitor	6.18	USD	t
441	444	362	phasellus	6.18	USD	t
442	376	346	viverra	5.67	USD	f
443	405	446	elementum	5.13	USD	f
444	11	25	dolor	6.68	USD	f
445	23	347	dis	5.52	USD	t
446	449	200	molestie	5.99	USD	t
447	368	231	risus	6.79	USD	f
448	352	128	parturient	5.96	USD	t
449	379	346	laoreet	5.88	USD	f
450	311	419	odio	5.13	USD	f
451	218	360	magna	6.73	USD	f
452	168	136	sociis	5.03	USD	t
453	445	223	fames	6.16	USD	t
454	315	138	lorem	5.93	USD	f
455	222	405	faucibus	6.22	USD	f
456	347	455	montes	6.94	USD	f
457	317	305	risus	5.88	USD	f
458	397	390	tincidunt	5.95	USD	f
459	84	242	amet	5.38	USD	t
460	91	259	sem	5.74	USD	f
461	176	496	imperdiet	5.48	USD	f
462	486	42	condimentum	5.03	USD	f
463	16	283	sodales	5.41	USD	f
464	220	220	aliquet	6.44	USD	t
465	72	330	pulvinar	6.04	USD	t
466	382	51	lobortis	5.99	USD	f
467	20	306	dictum	6.84	USD	f
468	315	45	molestie	5.22	USD	f
469	12	160	netus	6.48	USD	f
470	291	373	pretium	5.56	USD	f
471	429	188	mauris	5.47	USD	f
472	152	462	dis	6.81	USD	t
473	6	140	mattis	5.74	USD	f
474	155	116	interdum	5.63	USD	t
475	464	234	ut	5.73	USD	f
476	120	192	eros	6.82	USD	f
477	407	365	fames	6.66	USD	t
478	23	191	eleifend	5.28	USD	t
479	454	370	porttitor	6.88	USD	f
480	259	443	semper	6.51	USD	f
481	457	27	massa	6.98	USD	f
482	457	397	quam	5.88	USD	f
483	318	238	id	6.86	USD	f
484	222	251	eleifend	5.80	USD	t
485	284	410	dapibus	6.29	USD	t
486	386	89	nulla	5.21	USD	f
487	279	132	turpis	6.55	USD	f
488	471	221	nullam	6.73	USD	t
489	38	298	donec	5.72	USD	f
490	18	165	scelerisque	5.08	USD	f
491	433	458	etiam	5.95	USD	f
492	497	391	phasellus	5.24	USD	t
493	143	82	nibh	5.66	USD	t
494	17	435	est	5.74	USD	t
495	31	246	molestie	5.33	USD	f
496	433	31	nulla	6.65	USD	t
497	137	184	rhoncus	6.74	USD	t
498	106	172	etiam	5.16	USD	f
499	389	91	massa	5.81	USD	t
500	101	271	molestie	5.94	USD	t
501	359	600	convallis	6.06	USD	f
502	377	144	venenatis	5.87	USD	t
503	480	227	praesent	6.16	USD	t
504	454	557	habitasse	5.69	USD	t
505	251	438	platea	6.86	USD	t
506	25	273	vulputate	5.65	USD	t
507	78	185	mus	5.86	USD	f
508	446	325	eros	6.95	USD	f
509	429	411	dolor	5.83	USD	t
510	499	190	tincidunt	6.15	USD	f
511	333	335	interdum	6.65	USD	t
512	130	126	consequat	5.67	USD	f
513	20	267	nibh	6.43	USD	f
514	531	522	suspendisse	5.33	USD	t
515	583	294	natoque	6.06	USD	t
516	49	302	arcu	5.33	USD	t
517	266	27	nulla	6.28	USD	f
518	591	361	facilisis	6.00	USD	t
519	330	29	consequat	5.91	USD	f
520	121	159	sit	6.04	USD	f
521	101	12	leo	6.26	USD	f
522	280	99	facilisis	6.19	USD	t
523	489	476	quisque	5.43	USD	f
524	392	292	quam	6.79	USD	t
525	221	376	nec	5.80	USD	t
526	229	407	sociis	6.96	USD	t
527	362	219	semper	5.18	USD	t
528	304	421	vivamus	5.89	USD	f
529	226	440	senectus	6.86	USD	f
530	228	208	maecenas	6.99	USD	t
531	235	581	convallis	5.89	USD	t
532	236	345	nisl	5.12	USD	t
533	318	389	augue	5.98	USD	f
534	126	263	massa	6.25	USD	t
535	286	318	laoreet	5.71	USD	f
536	10	444	fermentum	6.49	USD	f
537	294	9	euismod	5.54	USD	t
538	78	6	nulla	6.17	USD	t
539	182	594	ante	5.03	USD	t
540	578	340	ultricies	6.97	USD	t
541	557	111	molestie	5.70	USD	f
542	50	496	ipsum	5.21	USD	f
543	12	531	ut	5.10	USD	t
544	146	586	facilisi	5.34	USD	t
545	105	125	vulputate	6.17	USD	f
546	117	181	a	6.84	USD	t
547	348	509	dictum	6.98	USD	f
548	65	15	purus	6.73	USD	t
549	381	245	eleifend	6.39	USD	t
550	343	5	id	5.39	USD	t
551	164	23	sociis	5.18	USD	f
552	591	70	a	5.42	USD	f
553	389	416	non	5.23	USD	f
554	362	16	senectus	6.01	USD	f
555	560	215	magna	5.05	USD	t
556	346	301	integer	5.89	USD	t
557	431	62	bibendum	6.65	USD	t
558	258	335	etiam	5.96	USD	t
559	263	441	elit	6.07	USD	t
560	27	89	mollis	6.40	USD	t
561	195	100	lacinia	5.49	USD	t
562	186	396	nisl	6.15	USD	t
563	579	392	amet	5.04	USD	t
564	111	501	amet	6.78	USD	t
565	469	318	nec	5.01	USD	f
566	566	374	convallis	6.16	USD	t
567	198	355	porta	5.93	USD	t
568	152	91	donec	5.43	USD	f
569	230	475	phasellus	5.55	USD	t
570	334	111	urna	5.90	USD	t
571	63	309	platea	6.37	USD	f
572	116	18	aliquet	6.42	USD	f
573	447	536	interdum	5.99	USD	f
574	290	501	curabitur	6.88	USD	t
575	193	197	augue	5.27	USD	f
576	292	203	viverra	5.08	USD	t
577	104	186	ullamcorper	5.71	USD	f
578	57	366	porta	5.99	USD	f
579	292	260	et	6.95	USD	f
580	181	542	pharetra	5.60	USD	t
581	264	571	convallis	6.05	USD	t
582	144	138	mauris	6.21	USD	f
583	521	255	neque	6.73	USD	f
584	227	439	egestas	6.71	USD	t
585	13	435	volutpat	6.89	USD	t
586	417	28	placerat	6.04	USD	t
587	355	579	ligula	6.49	USD	t
588	276	310	amet	6.09	USD	f
589	436	340	id	6.27	USD	t
590	108	535	lorem	6.01	USD	f
591	206	194	commodo	5.55	USD	t
592	579	594	semper	5.91	USD	f
593	280	48	diam	6.16	USD	f
594	514	539	odio	6.66	USD	f
595	160	288	donec	6.90	USD	f
596	61	401	dolor	5.32	USD	t
597	276	321	commodo	5.18	USD	t
598	41	108	nisl	5.37	USD	t
599	81	558	laoreet	5.61	USD	t
600	362	587	leo	6.72	USD	f
601	199	386	luctus	5.54	USD	f
602	553	290	viverra	5.40	USD	f
603	198	223	eros	6.55	USD	f
604	557	44	volutpat	6.64	USD	f
605	504	422	urna	5.02	USD	f
606	630	464	eleifend	6.21	USD	f
607	158	613	posuere	5.76	USD	f
608	572	106	quam	6.43	USD	t
609	568	471	aliquam	6.11	USD	f
610	478	629	curabitur	5.63	USD	f
611	120	671	a	6.89	USD	f
612	467	166	potenti	5.55	USD	f
613	675	114	montes	6.53	USD	f
614	157	202	facilisi	5.56	USD	f
615	342	687	imperdiet	5.34	USD	t
616	321	280	quisque	5.52	USD	t
617	69	135	vel	5.71	USD	f
618	590	624	congue	6.98	USD	f
619	378	310	in	5.29	USD	f
620	467	189	senectus	6.76	USD	f
621	438	201	dictum	5.86	USD	f
622	662	139	justo	6.57	USD	f
623	231	677	semper	5.03	USD	f
624	140	672	proin	5.75	USD	f
625	105	579	tempus	5.08	USD	f
626	424	252	dis	6.37	USD	f
627	77	13	consectetur	5.28	USD	f
628	94	316	amet	6.51	USD	t
629	28	311	sociis	6.86	USD	f
630	508	562	maecenas	6.21	USD	f
631	403	111	tellus	6.03	USD	f
632	98	11	id	6.54	USD	t
633	368	503	felis	5.00	USD	t
634	147	397	commodo	6.65	USD	f
635	367	359	tincidunt	6.51	USD	f
636	52	265	odio	5.28	USD	t
637	528	587	orci	5.61	USD	t
638	322	605	rhoncus	5.37	USD	t
639	174	535	congue	5.94	USD	t
640	93	598	vitae	5.41	USD	f
641	485	658	tortor	5.93	USD	f
642	550	31	volutpat	5.04	USD	f
643	431	462	malesuada	6.12	USD	t
644	560	364	ac	5.05	USD	t
645	409	378	quis	6.49	USD	f
646	47	439	aliquet	6.39	USD	f
647	549	639	habitasse	6.93	USD	f
648	320	284	venenatis	6.34	USD	f
649	492	217	iaculis	5.95	USD	t
650	622	693	dapibus	5.64	USD	f
651	399	76	blandit	6.17	USD	t
652	110	196	facilisi	6.34	USD	t
653	300	495	fermentum	5.60	USD	f
654	559	102	suscipit	6.86	USD	t
655	590	73	hac	5.41	USD	f
656	450	367	lacus	5.31	USD	f
657	520	546	quisque	6.53	USD	t
658	194	241	imperdiet	5.19	USD	f
659	588	277	commodo	5.58	USD	t
660	534	450	congue	5.28	USD	t
661	4	272	felis	5.10	USD	t
662	505	246	placerat	6.80	USD	f
663	392	475	bibendum	5.13	USD	f
664	381	336	ante	6.93	USD	t
665	556	438	arcu	5.45	USD	f
666	53	425	pharetra	6.72	USD	t
667	145	304	viverra	5.89	USD	t
668	349	147	natoque	7.00	USD	f
669	569	38	a	5.21	USD	t
670	131	452	imperdiet	5.49	USD	f
671	101	208	tortor	6.07	USD	f
672	334	130	cursus	5.42	USD	f
673	110	596	phasellus	5.78	USD	f
674	408	516	scelerisque	6.31	USD	f
675	474	688	elementum	6.99	USD	f
676	615	324	integer	5.76	USD	t
677	504	623	nullam	5.90	USD	t
678	93	634	hac	5.37	USD	f
679	24	60	eget	6.85	USD	t
680	60	273	viverra	6.13	USD	f
681	527	149	pulvinar	5.70	USD	f
682	317	217	habitasse	6.80	USD	t
683	248	487	placerat	6.24	USD	f
684	345	682	etiam	6.04	USD	t
685	466	490	lorem	6.22	USD	f
686	412	176	dictumst	6.17	USD	f
687	528	164	mattis	6.40	USD	f
688	393	260	proin	6.08	USD	t
689	225	554	iaculis	5.27	USD	t
690	457	381	aliquam	5.18	USD	f
691	626	666	pellentesque	6.41	USD	t
692	427	221	congue	6.52	USD	t
693	415	567	dapibus	5.60	USD	t
694	179	46	sociis	5.06	USD	f
695	515	650	maecenas	5.64	USD	t
696	194	407	odio	6.08	USD	t
697	217	349	fames	6.12	USD	f
698	376	483	rhoncus	6.85	USD	t
699	296	118	euismod	6.18	USD	f
700	315	519	lorem	6.02	USD	t
701	174	152	feugiat	6.49	USD	t
702	344	346	bibendum	5.30	USD	t
703	166	83	facilisis	6.68	USD	f
704	335	100	porta	6.41	USD	f
705	642	489	libero	5.24	USD	t
706	223	425	nascetur	6.73	USD	f
707	229	331	dolor	6.47	USD	f
708	363	179	lobortis	5.49	USD	t
709	273	130	aliquam	5.05	USD	f
710	730	761	augue	5.79	USD	t
711	715	7	varius	6.06	USD	t
712	126	384	habitant	5.36	USD	f
713	695	295	orci	5.01	USD	f
714	396	740	hac	6.73	USD	t
715	506	136	semper	6.25	USD	t
716	402	506	elit	6.82	USD	t
717	710	56	magna	6.38	USD	t
718	85	773	phasellus	5.67	USD	f
719	146	343	proin	6.59	USD	f
720	479	422	eleifend	5.70	USD	t
721	276	13	pharetra	5.59	USD	f
722	534	557	non	6.81	USD	t
723	738	318	egestas	5.17	USD	f
724	136	183	condimentum	5.90	USD	t
725	793	372	nec	6.49	USD	t
726	193	782	nullam	6.86	USD	t
727	386	591	cursus	6.70	USD	t
728	213	350	penatibus	6.44	USD	f
729	162	280	tellus	6.06	USD	f
730	710	244	elit	6.74	USD	t
731	234	335	sapien	6.29	USD	t
732	294	143	ante	5.26	USD	t
733	744	186	netus	5.41	USD	f
734	523	513	eros	6.11	USD	t
735	334	246	cursus	5.21	USD	f
736	562	730	sit	5.98	USD	f
737	211	236	aliquet	6.20	USD	f
738	293	179	etiam	6.89	USD	f
739	325	179	augue	5.37	USD	f
740	312	156	fringilla	6.24	USD	t
741	423	25	aliquam	6.92	USD	f
742	209	48	habitasse	5.06	USD	t
743	187	555	dictum	5.22	USD	t
744	355	58	amet	6.54	USD	f
745	301	499	fames	6.53	USD	t
746	728	247	imperdiet	6.36	USD	t
747	754	18	venenatis	5.47	USD	t
748	105	228	donec	6.41	USD	f
749	292	436	ultrices	5.69	USD	f
750	506	524	rhoncus	5.20	USD	t
751	326	588	mauris	5.14	USD	t
752	260	695	vestibulum	5.44	USD	f
753	536	793	lectus	5.53	USD	t
754	638	13	vitae	6.05	USD	f
755	32	245	pharetra	6.21	USD	t
756	476	505	dictum	6.69	USD	t
757	401	38	facilisis	5.71	USD	t
758	440	580	cum	5.89	USD	t
759	436	257	in	5.75	USD	t
760	451	146	hendrerit	5.73	USD	t
761	128	51	purus	5.94	USD	f
762	233	673	netus	5.83	USD	t
763	20	186	ultrices	6.61	USD	f
764	516	767	placerat	5.82	USD	t
765	785	586	ipsum	6.38	USD	f
766	68	763	platea	5.26	USD	f
767	346	589	cras	5.70	USD	f
768	276	798	ac	5.73	USD	f
769	106	294	potenti	5.66	USD	f
770	436	299	mi	6.83	USD	t
771	12	391	hac	5.54	USD	f
772	19	204	porttitor	5.59	USD	f
773	512	731	nulla	5.64	USD	f
774	744	399	magnis	6.03	USD	f
775	617	365	laoreet	6.40	USD	f
776	741	584	fusce	6.52	USD	f
777	34	529	dui	5.73	USD	f
778	608	260	dui	6.48	USD	t
779	47	497	condimentum	5.21	USD	f
780	430	733	nisl	6.51	USD	t
781	28	603	lacus	5.82	USD	t
782	197	424	euismod	6.30	USD	f
783	586	457	tristique	6.44	USD	f
784	417	405	pretium	5.74	USD	f
785	458	415	at	5.74	USD	f
786	590	655	interdum	5.40	USD	t
787	511	699	morbi	6.74	USD	f
788	695	700	phasellus	6.50	USD	f
789	142	226	vulputate	6.93	USD	t
790	718	724	tellus	6.91	USD	t
791	285	52	dictum	6.59	USD	t
792	104	71	mattis	6.78	USD	t
793	545	548	venenatis	6.97	USD	t
794	776	64	tincidunt	6.88	USD	f
795	527	174	aliquet	6.50	USD	f
796	152	110	consequat	5.44	USD	f
797	626	30	penatibus	6.65	USD	t
798	246	696	ultricies	5.24	USD	t
799	767	97	cras	5.29	USD	t
800	453	521	egestas	6.34	USD	t
\.


--
-- Data for Name: refund; Type: TABLE DATA; Schema: public; Owner: postgres
--

COPY public.refund (id, order_id, reason, status) FROM stdin;
1	10	Gravida cum sociis natoque penatibus et magnis dis.	pending
2	73	Nunc id cursus metus aliquam eleifend mi.	approved
3	35	Congue nisi vitae suscipit tellus mauris a diam maecenas sed.	rejected
4	98	Diam maecenas ultricies mi eget mauris pharetra.	pending
5	65	Porttitor eget dolor morbi non arcu.	approved
6	29	Posuere morbi leo urna molestie at elementum eu.	rejected
7	89	Diam quis enim lobortis scelerisque fermentum.	pending
8	88	Sit amet porttitor eget dolor morbi non arcu risus quis.	approved
9	50	Lobortis feugiat vivamus at augue eget.	rejected
10	65	Quis hendrerit dolor magna eget est lorem.	pending
11	5	Volutpat blandit aliquam etiam erat velit scelerisque.	approved
12	43	Netus et malesuada fames ac turpis egestas sed tempus urna.	rejected
13	69	Quam lacus suspendisse faucibus interdum posuere lorem ipsum dolor.	pending
14	31	Arcu vitae elementum curabitur vitae nunc.	approved
15	67	Ornare arcu odio ut sem.	rejected
16	27	Non blandit massa enim nec dui.	pending
17	12	In vitae turpis massa sed elementum.	approved
18	61	Aliquet sagittis id consectetur purus ut faucibus.	rejected
19	38	Ipsum nunc aliquet bibendum enim facilisis.	pending
20	31	Quis lectus nulla at volutpat diam ut.	approved
21	22	Dictum at tempor commodo ullamcorper.	rejected
22	81	Pharetra convallis posuere morbi leo urna molestie at elementum eu.	pending
23	48	Morbi blandit cursus risus at ultrices mi tempus imperdiet nulla.	approved
24	25	Dolor sed viverra ipsum nunc aliquet bibendum enim facilisis.	rejected
25	66	Placerat in egestas erat imperdiet sed euismod.	pending
26	73	Magna fermentum iaculis eu non diam.	approved
27	99	Tristique et egestas quis ipsum suspendisse ultrices.	rejected
28	54	Aenean vel elit scelerisque mauris pellentesque.	pending
29	72	Ut porttitor leo a diam.	approved
30	58	Urna condimentum mattis pellentesque id nibh tortor.	rejected
31	87	Facilisi etiam dignissim diam quis enim.	pending
32	71	Senectus et netus et malesuada fames.	approved
33	67	Donec adipiscing tristique risus nec.	rejected
34	48	Eleifend quam adipiscing vitae proin sagittis.	pending
35	11	Diam sit amet nisl suscipit adipiscing.	approved
36	40	Adipiscing diam donec adipiscing tristique risus nec feugiat in.	rejected
37	18	Gravida neque convallis a cras semper.	pending
38	91	Dolor sit amet consectetur adipiscing elit duis tristique sollicitudin.	approved
39	83	Sed cras ornare arcu dui vivamus arcu felis bibendum.	rejected
40	59	Mattis rhoncus urna neque viverra justo nec ultrices.	pending
41	9	Metus vulputate eu scelerisque felis imperdiet.	approved
42	9	Urna condimentum mattis pellentesque id nibh tortor.	rejected
43	49	Velit egestas dui id ornare arcu odio ut.	pending
44	39	Dictum non consectetur a erat nam at lectus urna duis.	approved
45	45	Facilisis volutpat est velit egestas dui id ornare arcu.	rejected
46	80	Morbi tristique senectus et netus et malesuada fames.	pending
47	97	Faucibus ornare suspendisse sed nisi.	approved
48	65	Dignissim sodales ut eu sem integer.	rejected
49	2	Commodo viverra maecenas accumsan lacus vel facilisis volutpat.	pending
50	42	Eget mi proin sed libero enim sed faucibus.	approved
51	12	Non arcu risus quis varius quam quisque id diam.	rejected
52	72	Velit sed ullamcorper morbi tincidunt ornare massa.	pending
53	23	Sed id semper risus in hendrerit gravida rutrum quisque.	approved
54	43	Purus in mollis nunc sed id semper risus.	rejected
55	18	Justo laoreet sit amet cursus sit amet dictum.	pending
56	60	Viverra vitae congue eu consequat ac.	approved
57	89	Ut ornare lectus sit amet.	rejected
58	100	Vel risus commodo viverra maecenas accumsan.	pending
59	22	Nibh ipsum consequat nisl vel pretium lectus quam id.	approved
60	10	Ornare massa eget egestas purus.	rejected
61	43	Placerat in egestas erat imperdiet sed euismod nisi porta lorem.	pending
62	67	Lacus suspendisse faucibus interdum posuere lorem ipsum dolor sit.	approved
63	43	Sed sed risus pretium quam vulputate dignissim suspendisse in est.	rejected
64	30	Vel pharetra vel turpis nunc.	pending
65	56	Quam quisque id diam vel quam elementum pulvinar etiam.	approved
66	43	Tortor aliquam nulla facilisi cras fermentum.	rejected
67	77	Purus ut faucibus pulvinar elementum.	pending
68	62	Amet est placerat in egestas erat imperdiet.	approved
69	33	Maecenas accumsan lacus vel facilisis volutpat est.	rejected
70	92	Lectus quam id leo in.	pending
71	25	Eu nisl nunc mi ipsum faucibus vitae aliquet.	approved
72	33	Elementum tempus egestas sed sed risus pretium quam vulputate.	rejected
73	36	Nulla pharetra diam sit amet nisl.	pending
74	63	Mollis aliquam ut porttitor leo.	approved
75	54	Tristique sollicitudin nibh sit amet commodo nulla facilisi nullam vehicula.	rejected
76	95	Quam lacus suspendisse faucibus interdum posuere lorem ipsum dolor.	pending
77	71	Sit amet aliquam id diam maecenas ultricies mi eget mauris.	approved
78	37	Aliquam eleifend mi in nulla posuere sollicitudin.	rejected
79	61	Cursus turpis massa tincidunt dui ut ornare lectus.	pending
80	100	Interdum varius sit amet mattis vulputate.	approved
81	27	Egestas diam in arcu cursus euismod.	rejected
82	29	Nunc non blandit massa enim nec dui nunc mattis enim.	pending
83	55	Varius morbi enim nunc faucibus.	approved
84	96	Interdum varius sit amet mattis vulputate enim.	rejected
85	76	Dictumst quisque sagittis purus sit amet volutpat consequat mauris nunc.	pending
86	58	Consequat id porta nibh venenatis cras sed felis eget velit.	approved
87	85	Porttitor lacus luctus accumsan tortor.	rejected
88	100	Id consectetur purus ut faucibus pulvinar.	pending
89	83	Odio ut sem nulla pharetra diam sit amet nisl suscipit.	approved
90	54	Turpis tincidunt id aliquet risus feugiat.	rejected
91	20	Turpis massa tincidunt dui ut ornare lectus sit amet est.	pending
92	93	Metus aliquam eleifend mi in nulla posuere.	approved
93	37	Morbi non arcu risus quis varius quam quisque id diam.	rejected
94	92	Quis auctor elit sed vulputate mi sit amet mauris commodo.	pending
95	88	Pellentesque eu tincidunt tortor aliquam nulla.	approved
96	4	Neque convallis a cras semper auctor neque.	rejected
97	26	Cras ornare arcu dui vivamus arcu felis.	pending
98	46	Nunc sed id semper risus in.	approved
99	74	Accumsan in nisl nisi scelerisque eu ultrices vitae auctor eu.	rejected
100	64	In ornare quam viverra orci sagittis eu volutpat odio facilisis.	pending
101	17	Ut etiam sit amet nisl purus in mollis nunc.	pending
102	94	Donec massa sapien faucibus et molestie.	approved
103	185	Nibh tellus molestie nunc non.	rejected
104	26	Semper feugiat nibh sed pulvinar proin gravida.	pending
105	75	Arcu dui vivamus arcu felis.	approved
106	176	Erat imperdiet sed euismod nisi porta.	rejected
107	157	Mattis nunc sed blandit libero volutpat sed.	pending
108	166	Vel turpis nunc eget lorem dolor sed viverra ipsum nunc.	approved
109	171	Natoque penatibus et magnis dis.	rejected
110	62	Vulputate mi sit amet mauris commodo quis.	pending
111	7	Diam quis enim lobortis scelerisque fermentum.	approved
112	80	Massa tincidunt dui ut ornare lectus sit amet est.	rejected
113	123	Nibh tellus molestie nunc non.	pending
114	197	In vitae turpis massa sed elementum tempus egestas.	approved
115	183	Adipiscing at in tellus integer feugiat scelerisque varius morbi enim.	rejected
116	101	Lorem ipsum dolor sit amet consectetur adipiscing elit duis tristique.	pending
117	186	Nec feugiat in fermentum posuere urna nec.	approved
118	31	Mi sit amet mauris commodo quis imperdiet.	rejected
119	113	At lectus urna duis convallis convallis tellus id interdum velit.	pending
120	93	In nisl nisi scelerisque eu ultrices vitae auctor eu augue.	approved
121	118	Massa tincidunt dui ut ornare lectus sit amet est.	rejected
122	42	Luctus venenatis lectus magna fringilla.	pending
123	8	Id venenatis a condimentum vitae.	approved
124	1	Lacus suspendisse faucibus interdum posuere lorem ipsum dolor sit.	rejected
125	104	Adipiscing diam donec adipiscing tristique risus nec feugiat.	pending
126	110	Quam quisque id diam vel quam elementum pulvinar etiam.	approved
127	54	Blandit turpis cursus in hac habitasse.	rejected
128	39	Quam lacus suspendisse faucibus interdum posuere.	pending
129	19	Cras fermentum odio eu feugiat pretium.	approved
130	13	Eleifend quam adipiscing vitae proin sagittis nisl rhoncus mattis.	rejected
131	91	Posuere urna nec tincidunt praesent semper feugiat nibh sed pulvinar.	pending
132	198	Adipiscing bibendum est ultricies integer quis auctor elit.	approved
133	149	Diam donec adipiscing tristique risus nec feugiat in.	rejected
134	108	Bibendum arcu vitae elementum curabitur vitae nunc sed velit dignissim.	pending
135	79	In nisl nisi scelerisque eu ultrices vitae auctor eu augue.	approved
136	179	Risus ultricies tristique nulla aliquet enim tortor at auctor urna.	rejected
137	67	Urna neque viverra justo nec ultrices.	pending
138	88	Fusce ut placerat orci nulla pellentesque dignissim enim.	approved
139	97	Et magnis dis parturient montes.	rejected
140	96	Blandit turpis cursus in hac habitasse platea dictumst quisque.	pending
141	91	Elit ut aliquam purus sit amet luctus venenatis lectus.	approved
142	134	Quisque sagittis purus sit amet volutpat consequat mauris nunc.	rejected
143	174	Lectus nulla at volutpat diam.	pending
144	6	Ut porttitor leo a diam sollicitudin tempor.	approved
145	69	Sollicitudin nibh sit amet commodo nulla facilisi nullam.	rejected
146	117	Vulputate odio ut enim blandit.	pending
147	122	Habitasse platea dictumst vestibulum rhoncus.	approved
148	155	Leo integer malesuada nunc vel.	rejected
149	60	Vulputate ut pharetra sit amet aliquam id diam maecenas ultricies.	pending
150	173	Ornare arcu dui vivamus arcu felis.	approved
151	29	Elementum curabitur vitae nunc sed velit dignissim.	rejected
152	177	Auctor elit sed vulputate mi sit amet mauris.	pending
153	138	Amet nisl purus in mollis nunc.	approved
154	161	Nibh cras pulvinar mattis nunc sed blandit libero volutpat.	rejected
155	12	Elementum sagittis vitae et leo.	pending
156	189	Mi sit amet mauris commodo quis imperdiet.	approved
157	188	Aliquam eleifend mi in nulla posuere sollicitudin.	rejected
158	33	Vestibulum lorem sed risus ultricies tristique nulla aliquet enim tortor.	pending
159	146	Posuere morbi leo urna molestie at elementum eu.	approved
160	160	Eget nunc lobortis mattis aliquam faucibus purus in massa.	rejected
161	16	Elementum facilisis leo vel fringilla est.	pending
162	96	Sed arcu non odio euismod lacinia.	approved
163	187	Vestibulum morbi blandit cursus risus.	rejected
164	194	Sem et tortor consequat id.	pending
165	52	Maecenas ultricies mi eget mauris pharetra et.	approved
166	65	Ut porttitor leo a diam sollicitudin tempor.	rejected
167	120	Fames ac turpis egestas maecenas pharetra.	pending
168	150	Tristique senectus et netus et malesuada fames ac.	approved
169	21	Eget felis eget nunc lobortis mattis aliquam faucibus.	rejected
170	155	Eget lorem dolor sed viverra ipsum nunc aliquet bibendum enim.	pending
171	176	A cras semper auctor neque vitae tempus quam pellentesque.	approved
172	180	Turpis massa tincidunt dui ut ornare lectus sit amet est.	rejected
173	183	Fringilla urna porttitor rhoncus dolor purus non enim praesent elementum.	pending
174	153	Imperdiet proin fermentum leo vel orci porta.	approved
175	83	Eget duis at tellus at urna condimentum mattis.	rejected
176	177	Ultrices dui sapien eget mi proin sed libero.	pending
177	98	Metus aliquam eleifend mi in nulla posuere sollicitudin.	approved
178	60	In cursus turpis massa tincidunt.	rejected
179	191	Nibh nisl condimentum id venenatis a condimentum vitae.	pending
180	125	Et malesuada fames ac turpis egestas maecenas.	approved
181	138	Ultricies mi quis hendrerit dolor magna eget est lorem ipsum.	rejected
182	187	Pharetra convallis posuere morbi leo urna molestie at elementum eu.	pending
183	141	Facilisis magna etiam tempor orci eu lobortis elementum nibh tellus.	approved
184	105	Nulla pharetra diam sit amet nisl suscipit.	rejected
185	161	Viverra tellus in hac habitasse platea dictumst vestibulum.	pending
186	26	Rutrum quisque non tellus orci ac auctor augue mauris.	approved
187	115	Nisi scelerisque eu ultrices vitae auctor eu.	rejected
188	98	Tincidunt dui ut ornare lectus sit amet est placerat in.	pending
189	103	Fringilla urna porttitor rhoncus dolor purus non enim praesent elementum.	approved
190	114	Dignissim convallis aenean et tortor at risus viverra.	rejected
191	165	Morbi tristique senectus et netus et malesuada fames.	pending
192	172	Viverra maecenas accumsan lacus vel facilisis volutpat est velit.	approved
193	160	Molestie ac feugiat sed lectus vestibulum mattis ullamcorper velit.	rejected
194	34	Risus ultricies tristique nulla aliquet enim tortor at auctor urna.	pending
195	23	Scelerisque purus semper eget duis.	approved
196	200	Ut etiam sit amet nisl purus in mollis nunc.	rejected
197	119	Facilisi etiam dignissim diam quis enim.	pending
198	139	Mi proin sed libero enim.	approved
199	59	Lectus sit amet est placerat in egestas erat.	rejected
200	44	Adipiscing diam donec adipiscing tristique risus nec feugiat.	pending
201	55	Faucibus a pellentesque sit amet porttitor.	pending
202	14	Nunc sed velit dignissim sodales ut eu sem integer.	approved
203	280	Pellentesque eu tincidunt tortor aliquam nulla.	rejected
204	291	In ornare quam viverra orci sagittis.	pending
205	68	Morbi tristique senectus et netus et malesuada fames ac turpis.	approved
206	122	Erat velit scelerisque in dictum non consectetur a erat nam.	rejected
207	272	Ornare arcu dui vivamus arcu felis.	pending
208	6	Nibh nisl condimentum id venenatis a condimentum vitae sapien pellentesque.	approved
209	12	Elit eget gravida cum sociis.	rejected
210	99	Facilisis gravida neque convallis a cras semper auctor neque vitae.	pending
211	191	Nunc id cursus metus aliquam.	approved
212	65	Porttitor eget dolor morbi non arcu.	rejected
213	15	Id faucibus nisl tincidunt eget nullam non nisi.	pending
214	210	Ac felis donec et odio pellentesque diam volutpat commodo.	approved
215	57	A scelerisque purus semper eget duis at.	rejected
216	18	Amet venenatis urna cursus eget.	pending
217	148	A scelerisque purus semper eget duis at.	approved
218	86	Sed sed risus pretium quam vulputate dignissim suspendisse in est.	rejected
219	89	Amet purus gravida quis blandit turpis cursus in hac habitasse.	pending
220	178	Molestie ac feugiat sed lectus vestibulum mattis ullamcorper velit.	approved
221	149	Ultricies mi quis hendrerit dolor magna eget est lorem ipsum.	rejected
222	298	Maecenas sed enim ut sem viverra aliquet eget sit.	pending
223	168	Aliquet sagittis id consectetur purus ut faucibus.	approved
224	97	Vestibulum morbi blandit cursus risus.	rejected
225	234	Facilisi cras fermentum odio eu feugiat pretium nibh ipsum consequat.	pending
226	275	Magna sit amet purus gravida quis.	approved
227	131	Eget nunc lobortis mattis aliquam faucibus purus in massa.	rejected
228	288	Integer vitae justo eget magna fermentum.	pending
229	210	Dui accumsan sit amet nulla facilisi morbi tempus iaculis.	approved
230	80	Curabitur vitae nunc sed velit.	rejected
231	102	Magna sit amet purus gravida.	pending
232	150	Arcu vitae elementum curabitur vitae nunc.	approved
233	173	Viverra nibh cras pulvinar mattis nunc.	rejected
234	187	Lorem ipsum dolor sit amet consectetur adipiscing elit duis tristique.	pending
235	299	Velit euismod in pellentesque massa.	approved
236	223	Amet nisl purus in mollis nunc sed.	rejected
237	125	Eget lorem dolor sed viverra ipsum nunc aliquet bibendum enim.	pending
238	107	Auctor neque vitae tempus quam pellentesque nec nam aliquam sem.	approved
239	161	Accumsan tortor posuere ac ut consequat.	rejected
240	140	Sagittis purus sit amet volutpat consequat mauris nunc.	pending
241	91	Congue nisi vitae suscipit tellus mauris a diam maecenas sed.	approved
242	215	Ac turpis egestas sed tempus urna et pharetra pharetra massa.	rejected
243	19	Volutpat blandit aliquam etiam erat velit scelerisque.	pending
244	289	Viverra mauris in aliquam sem fringilla.	approved
245	111	Nam aliquam sem et tortor consequat id porta.	rejected
246	112	Id volutpat lacus laoreet non curabitur gravida arcu ac tortor.	pending
247	157	Platea dictumst vestibulum rhoncus est pellentesque elit ullamcorper dignissim.	approved
248	294	Tincidunt tortor aliquam nulla facilisi.	rejected
249	243	Dictum fusce ut placerat orci nulla pellentesque.	pending
250	238	Amet tellus cras adipiscing enim eu.	approved
251	143	In nibh mauris cursus mattis molestie.	rejected
252	31	Quis blandit turpis cursus in hac habitasse platea dictumst quisque.	pending
253	197	Fringilla urna porttitor rhoncus dolor purus non enim praesent elementum.	approved
254	94	Imperdiet proin fermentum leo vel orci porta non pulvinar neque.	rejected
255	210	Velit scelerisque in dictum non consectetur a erat nam at.	pending
256	170	Faucibus purus in massa tempor nec feugiat nisl pretium fusce.	approved
257	251	Ipsum suspendisse ultrices gravida dictum fusce ut.	rejected
258	135	Proin fermentum leo vel orci porta.	pending
259	75	Elit at imperdiet dui accumsan sit amet nulla.	approved
260	94	In iaculis nunc sed augue lacus viverra.	rejected
261	267	Gravida neque convallis a cras semper.	pending
262	263	Scelerisque viverra mauris in aliquam.	approved
263	157	Nulla pellentesque dignissim enim sit amet.	rejected
264	122	Tortor aliquam nulla facilisi cras fermentum.	pending
265	48	Vitae proin sagittis nisl rhoncus mattis rhoncus.	approved
266	206	Quis vel eros donec ac.	rejected
267	91	Fusce id velit ut tortor pretium viverra suspendisse.	pending
268	211	Eu tincidunt tortor aliquam nulla facilisi cras.	approved
269	299	Sed pulvinar proin gravida hendrerit.	rejected
270	282	Faucibus turpis in eu mi bibendum neque egestas.	pending
271	78	Ante in nibh mauris cursus mattis molestie a.	approved
272	48	Mattis vulputate enim nulla aliquet porttitor lacus luctus.	rejected
273	272	Sodales ut eu sem integer vitae.	pending
274	157	Rhoncus aenean vel elit scelerisque mauris pellentesque pulvinar pellentesque.	approved
275	109	Tellus molestie nunc non blandit massa enim nec dui.	rejected
276	211	Senectus et netus et malesuada fames ac turpis egestas integer.	pending
277	10	Pharetra convallis posuere morbi leo urna molestie at.	approved
278	69	Vel facilisis volutpat est velit egestas dui id ornare.	rejected
279	55	Tempus iaculis urna id volutpat lacus laoreet.	pending
280	138	Amet volutpat consequat mauris nunc congue nisi vitae.	approved
281	207	Curabitur vitae nunc sed velit.	rejected
282	185	Diam vel quam elementum pulvinar etiam non.	pending
283	115	Quam vulputate dignissim suspendisse in est ante in nibh.	approved
284	190	Massa enim nec dui nunc mattis enim.	rejected
285	172	At varius vel pharetra vel turpis nunc eget lorem dolor.	pending
286	152	Amet volutpat consequat mauris nunc congue nisi vitae suscipit tellus.	approved
287	241	Enim ut tellus elementum sagittis vitae.	rejected
288	191	Eu turpis egestas pretium aenean pharetra magna ac placerat vestibulum.	pending
289	236	Auctor neque vitae tempus quam pellentesque nec nam aliquam sem.	approved
290	298	Pellentesque elit eget gravida cum sociis natoque penatibus et magnis.	rejected
291	297	Mattis ullamcorper velit sed ullamcorper morbi tincidunt ornare massa eget.	pending
292	211	In pellentesque massa placerat duis ultricies lacus sed turpis.	approved
293	247	Praesent semper feugiat nibh sed pulvinar proin.	rejected
294	143	Vestibulum lorem sed risus ultricies tristique nulla aliquet enim tortor.	pending
295	206	Dolor sit amet consectetur adipiscing elit pellentesque.	approved
296	128	Posuere morbi leo urna molestie at elementum eu facilisis sed.	rejected
297	177	Volutpat ac tincidunt vitae semper quis lectus.	pending
298	254	Eu tincidunt tortor aliquam nulla facilisi cras.	approved
299	143	Enim ut sem viverra aliquet eget sit amet tellus.	rejected
300	288	Quam quisque id diam vel quam elementum pulvinar etiam.	pending
301	14	Elit eget gravida cum sociis.	pending
302	102	Amet commodo nulla facilisi nullam vehicula.	approved
303	326	Senectus et netus et malesuada fames.	rejected
304	22	Congue nisi vitae suscipit tellus.	pending
305	223	Quam viverra orci sagittis eu volutpat odio facilisis.	approved
306	306	Praesent elementum facilisis leo vel fringilla.	rejected
307	209	Etiam non quam lacus suspendisse faucibus interdum posuere lorem ipsum.	pending
308	37	Eu facilisis sed odio morbi quis commodo odio aenean sed.	approved
309	32	Amet nisl purus in mollis nunc.	rejected
310	144	Maecenas sed enim ut sem viverra aliquet eget sit.	pending
311	54	Mattis enim ut tellus elementum sagittis vitae et leo.	approved
312	136	Posuere urna nec tincidunt praesent semper feugiat.	rejected
313	101	Eu nisl nunc mi ipsum faucibus vitae aliquet.	pending
314	299	Enim sed faucibus turpis in eu mi bibendum.	approved
315	172	Nunc mattis enim ut tellus.	rejected
316	235	Quam lacus suspendisse faucibus interdum posuere.	pending
317	71	Id eu nisl nunc mi ipsum faucibus vitae aliquet nec.	approved
318	334	Justo donec enim diam vulputate ut pharetra sit amet.	rejected
319	395	Dolor sed viverra ipsum nunc aliquet bibendum enim facilisis.	pending
320	305	Tristique sollicitudin nibh sit amet commodo nulla facilisi nullam vehicula.	approved
321	75	Est pellentesque elit ullamcorper dignissim cras tincidunt lobortis feugiat.	rejected
322	351	Morbi blandit cursus risus at ultrices mi tempus imperdiet nulla.	pending
323	139	Lacinia at quis risus sed vulputate.	approved
324	193	Pretium aenean pharetra magna ac.	rejected
325	193	Volutpat odio facilisis mauris sit.	pending
326	244	Mauris sit amet massa vitae tortor condimentum lacinia.	approved
327	346	Nec sagittis aliquam malesuada bibendum.	rejected
328	53	Fringilla ut morbi tincidunt augue interdum velit euismod in pellentesque.	pending
329	132	Porttitor eget dolor morbi non arcu risus quis varius quam.	approved
330	331	Morbi blandit cursus risus at ultrices mi tempus imperdiet nulla.	rejected
331	127	Sed vulputate odio ut enim blandit volutpat maecenas volutpat.	pending
332	368	Mauris vitae ultricies leo integer malesuada nunc vel.	approved
333	113	Ultrices dui sapien eget mi proin sed libero.	rejected
334	310	Augue neque gravida in fermentum et sollicitudin ac orci phasellus.	pending
335	108	Aliquam purus sit amet luctus venenatis lectus magna fringilla urna.	approved
336	121	Vitae aliquet nec ullamcorper sit amet risus nullam.	rejected
337	374	Vitae nunc sed velit dignissim sodales ut eu.	pending
338	21	Feugiat vivamus at augue eget arcu.	approved
339	125	Eu consequat ac felis donec et odio pellentesque diam.	rejected
340	5	Sit amet venenatis urna cursus eget nunc scelerisque.	pending
341	182	Cursus vitae congue mauris rhoncus aenean vel.	approved
342	291	Fringilla est ullamcorper eget nulla facilisi etiam.	rejected
343	187	Eu augue ut lectus arcu bibendum at.	pending
344	239	Mattis ullamcorper velit sed ullamcorper morbi tincidunt ornare massa eget.	approved
345	227	Porttitor lacus luctus accumsan tortor.	rejected
346	192	Tellus in hac habitasse platea dictumst vestibulum rhoncus est pellentesque.	pending
347	319	Dictum at tempor commodo ullamcorper.	approved
348	84	Nullam eget felis eget nunc.	rejected
349	37	Sit amet nisl purus in mollis nunc sed.	pending
350	215	A lacus vestibulum sed arcu non odio euismod lacinia at.	approved
351	149	Vitae nunc sed velit dignissim sodales ut eu.	rejected
352	116	Facilisis magna etiam tempor orci.	pending
353	304	Pharetra convallis posuere morbi leo urna molestie at elementum eu.	approved
354	333	Mattis vulputate enim nulla aliquet porttitor lacus luctus.	rejected
355	138	Quam lacus suspendisse faucibus interdum posuere.	pending
356	253	Id velit ut tortor pretium.	approved
357	250	Tempor id eu nisl nunc mi ipsum.	rejected
358	2	Amet commodo nulla facilisi nullam vehicula.	pending
359	306	At urna condimentum mattis pellentesque id nibh tortor.	approved
360	318	Hendrerit gravida rutrum quisque non tellus orci ac.	rejected
361	144	Odio ut enim blandit volutpat maecenas volutpat blandit.	pending
362	380	In ornare quam viverra orci sagittis.	approved
363	107	Eu nisl nunc mi ipsum faucibus vitae aliquet nec ullamcorper.	rejected
364	130	Viverra tellus in hac habitasse platea dictumst vestibulum.	pending
365	327	Sit amet purus gravida quis blandit turpis cursus in.	approved
366	376	Consectetur purus ut faucibus pulvinar elementum integer enim.	rejected
367	300	Nunc sed id semper risus in.	pending
368	25	Porttitor eget dolor morbi non arcu.	approved
369	46	In mollis nunc sed id semper risus.	rejected
370	212	Accumsan in nisl nisi scelerisque eu ultrices vitae auctor eu.	pending
371	312	Sodales ut eu sem integer vitae.	approved
372	18	Enim ut sem viverra aliquet eget sit amet tellus.	rejected
373	9	Amet volutpat consequat mauris nunc congue.	pending
374	120	Nibh nisl condimentum id venenatis a condimentum vitae.	approved
375	15	Etiam dignissim diam quis enim lobortis scelerisque fermentum dui.	rejected
376	182	Eu facilisis sed odio morbi quis commodo odio aenean sed.	pending
377	52	Lacus vestibulum sed arcu non odio euismod lacinia.	approved
378	387	Imperdiet proin fermentum leo vel orci porta non pulvinar neque.	rejected
379	358	Feugiat vivamus at augue eget arcu.	pending
380	159	Molestie at elementum eu facilisis sed odio morbi quis commodo.	approved
381	205	Aliquam etiam erat velit scelerisque in dictum.	rejected
382	314	Arcu cursus euismod quis viverra nibh cras pulvinar.	pending
383	391	Aliquam faucibus purus in massa tempor nec feugiat nisl pretium.	approved
384	72	Faucibus nisl tincidunt eget nullam.	rejected
385	166	Sed risus pretium quam vulputate.	pending
386	122	Volutpat odio facilisis mauris sit.	approved
387	215	Non curabitur gravida arcu ac tortor dignissim.	rejected
388	46	Tempor id eu nisl nunc mi ipsum.	pending
389	358	Quisque egestas diam in arcu.	approved
390	116	Cursus turpis massa tincidunt dui ut.	rejected
391	304	Praesent elementum facilisis leo vel fringilla.	pending
392	149	Tempus quam pellentesque nec nam aliquam.	approved
393	109	Dolor sed viverra ipsum nunc aliquet bibendum enim facilisis.	rejected
394	109	Augue ut lectus arcu bibendum at varius vel pharetra vel.	pending
395	296	Volutpat ac tincidunt vitae semper quis lectus nulla at.	approved
396	67	Scelerisque fermentum dui faucibus in ornare quam viverra orci.	rejected
397	136	Enim ut sem viverra aliquet eget sit amet tellus.	pending
398	83	Quisque sagittis purus sit amet volutpat consequat mauris nunc.	approved
399	389	Nibh tellus molestie nunc non.	rejected
400	327	Arcu vitae elementum curabitur vitae nunc.	pending
401	287	Non curabitur gravida arcu ac tortor dignissim.	pending
402	80	Enim facilisis gravida neque convallis a cras semper auctor neque.	approved
403	145	Placerat in egestas erat imperdiet sed euismod nisi porta lorem.	rejected
404	466	Quam vulputate dignissim suspendisse in est ante in.	pending
405	375	Egestas diam in arcu cursus euismod.	approved
406	260	Aenean vel elit scelerisque mauris pellentesque.	rejected
407	487	Porttitor eget dolor morbi non arcu.	pending
408	202	Vel facilisis volutpat est velit egestas.	approved
409	26	Tincidunt dui ut ornare lectus sit amet est placerat in.	rejected
410	272	Fusce ut placerat orci nulla pellentesque dignissim enim.	pending
411	359	Vulputate enim nulla aliquet porttitor lacus luctus accumsan tortor.	approved
412	192	Enim facilisis gravida neque convallis a cras semper auctor neque.	rejected
413	137	Sed id semper risus in hendrerit gravida.	pending
414	239	Et ultrices neque ornare aenean euismod.	approved
415	156	Eleifend quam adipiscing vitae proin sagittis.	rejected
416	147	Placerat in egestas erat imperdiet sed euismod nisi porta lorem.	pending
417	359	Arcu vitae elementum curabitur vitae nunc.	approved
418	107	Blandit massa enim nec dui.	rejected
419	115	Eget aliquet nibh praesent tristique magna.	pending
420	83	Nibh venenatis cras sed felis eget velit aliquet sagittis id.	approved
421	77	Laoreet id donec ultrices tincidunt arcu non sodales neque.	rejected
422	475	Vulputate odio ut enim blandit.	pending
423	121	In nibh mauris cursus mattis molestie.	approved
424	393	Pharetra et ultrices neque ornare aenean.	rejected
425	258	At augue eget arcu dictum varius duis at consectetur.	pending
426	13	Eleifend quam adipiscing vitae proin sagittis.	approved
427	338	Purus semper eget duis at tellus at.	rejected
428	462	Euismod nisi porta lorem mollis aliquam ut porttitor leo.	pending
429	35	Senectus et netus et malesuada fames ac turpis egestas integer.	approved
430	371	Congue nisi vitae suscipit tellus.	rejected
431	431	Ac tortor dignissim convallis aenean et tortor at.	pending
432	236	Arcu vitae elementum curabitur vitae nunc.	approved
433	145	Odio euismod lacinia at quis risus sed.	rejected
434	105	Feugiat vivamus at augue eget arcu.	pending
435	41	Augue neque gravida in fermentum et sollicitudin ac orci phasellus.	approved
436	317	Cursus eget nunc scelerisque viverra mauris in.	rejected
437	265	Congue nisi vitae suscipit tellus.	pending
438	194	Ullamcorper velit sed ullamcorper morbi tincidunt.	approved
439	341	Et netus et malesuada fames ac turpis.	rejected
440	20	Molestie at elementum eu facilisis sed odio morbi.	pending
441	438	Egestas sed sed risus pretium quam vulputate.	approved
442	33	Massa enim nec dui nunc mattis enim.	rejected
443	4	At lectus urna duis convallis convallis tellus id interdum velit.	pending
444	49	At ultrices mi tempus imperdiet nulla malesuada pellentesque elit.	approved
445	25	Cursus turpis massa tincidunt dui ut.	rejected
446	448	Pretium aenean pharetra magna ac placerat vestibulum.	pending
447	499	Sagittis purus sit amet volutpat consequat mauris nunc.	approved
448	437	Cursus turpis massa tincidunt dui ut.	rejected
449	397	Morbi non arcu risus quis varius quam quisque id.	pending
450	434	Quam lacus suspendisse faucibus interdum posuere.	approved
451	94	Venenatis a condimentum vitae sapien pellentesque.	rejected
452	17	Eu lobortis elementum nibh tellus molestie nunc non blandit massa.	pending
453	340	Ut faucibus pulvinar elementum integer enim neque volutpat ac.	approved
454	418	Euismod nisi porta lorem mollis aliquam ut porttitor leo.	rejected
455	293	Faucibus a pellentesque sit amet porttitor.	pending
456	355	In ante metus dictum at tempor.	approved
457	268	Mattis ullamcorper velit sed ullamcorper morbi tincidunt ornare massa eget.	rejected
458	325	Quis lectus nulla at volutpat diam ut.	pending
459	227	Non tellus orci ac auctor.	approved
460	239	Sed lectus vestibulum mattis ullamcorper velit sed ullamcorper morbi.	rejected
461	429	Ornare arcu dui vivamus arcu felis.	pending
462	427	Erat velit scelerisque in dictum non consectetur a erat nam.	approved
463	283	Enim sit amet venenatis urna cursus.	rejected
464	319	Urna neque viverra justo nec ultrices.	pending
465	39	Praesent semper feugiat nibh sed pulvinar proin.	approved
466	481	Id volutpat lacus laoreet non curabitur gravida arcu ac tortor.	rejected
467	468	Sed sed risus pretium quam vulputate dignissim suspendisse in.	pending
468	496	Enim ut sem viverra aliquet eget.	approved
469	15	Laoreet non curabitur gravida arcu ac tortor dignissim.	rejected
470	271	Dolor sed viverra ipsum nunc aliquet.	pending
471	199	Viverra vitae congue eu consequat ac.	approved
472	334	Tincidunt arcu non sodales neque sodales ut etiam.	rejected
473	430	Ac orci phasellus egestas tellus rutrum tellus pellentesque eu tincidunt.	pending
474	55	Cras fermentum odio eu feugiat pretium.	approved
475	175	Adipiscing bibendum est ultricies integer quis auctor elit.	rejected
476	314	Nunc lobortis mattis aliquam faucibus purus in.	pending
477	198	Quisque egestas diam in arcu.	approved
478	415	A diam sollicitudin tempor id.	rejected
479	11	Praesent semper feugiat nibh sed pulvinar proin gravida.	pending
480	399	Ut porttitor leo a diam sollicitudin tempor.	approved
481	177	Risus at ultrices mi tempus imperdiet nulla.	rejected
482	351	Pellentesque eu tincidunt tortor aliquam nulla.	pending
483	246	Lorem ipsum dolor sit amet consectetur adipiscing.	approved
484	161	Nibh tellus molestie nunc non blandit massa enim.	rejected
485	58	Odio tempor orci dapibus ultrices.	pending
486	135	Eget arcu dictum varius duis at consectetur.	approved
487	19	Aliquet eget sit amet tellus cras.	rejected
488	12	Amet luctus venenatis lectus magna fringilla urna porttitor rhoncus.	pending
489	383	Quis commodo odio aenean sed adipiscing diam donec adipiscing.	approved
490	53	Faucibus a pellentesque sit amet porttitor.	rejected
491	43	Tempor id eu nisl nunc mi ipsum.	pending
492	442	Lorem dolor sed viverra ipsum nunc aliquet.	approved
493	455	Tincidunt id aliquet risus feugiat in ante.	rejected
494	126	Tincidunt vitae semper quis lectus nulla at.	pending
495	265	Tortor id aliquet lectus proin nibh nisl condimentum id venenatis.	approved
496	396	Elementum facilisis leo vel fringilla est.	rejected
497	435	Pellentesque diam volutpat commodo sed egestas egestas fringilla.	pending
498	399	Ipsum consequat nisl vel pretium lectus quam id leo.	approved
499	312	Eu non diam phasellus vestibulum lorem sed risus.	rejected
500	170	Risus at ultrices mi tempus imperdiet nulla.	pending
501	83	In nisl nisi scelerisque eu ultrices vitae auctor eu augue.	pending
502	326	Dapibus ultrices in iaculis nunc sed augue.	approved
503	420	Eu nisl nunc mi ipsum faucibus vitae aliquet.	rejected
504	524	Risus at ultrices mi tempus imperdiet nulla.	pending
505	590	Vel facilisis volutpat est velit egestas dui id ornare.	approved
506	571	Magna fermentum iaculis eu non diam.	rejected
507	344	At urna condimentum mattis pellentesque id nibh tortor.	pending
508	3	Hendrerit gravida rutrum quisque non tellus orci ac.	approved
509	470	Lorem ipsum dolor sit amet consectetur adipiscing.	rejected
510	278	Tristique et egestas quis ipsum suspendisse ultrices.	pending
511	162	Non diam phasellus vestibulum lorem.	approved
512	84	Quisque egestas diam in arcu cursus euismod quis viverra.	rejected
513	545	Morbi blandit cursus risus at ultrices mi tempus imperdiet nulla.	pending
514	438	Sagittis nisl rhoncus mattis rhoncus urna neque viverra justo.	approved
515	75	Sapien nec sagittis aliquam malesuada bibendum arcu.	rejected
516	188	Turpis egestas maecenas pharetra convallis posuere morbi leo urna molestie.	pending
517	356	Scelerisque viverra mauris in aliquam sem fringilla ut.	approved
518	41	Mattis vulputate enim nulla aliquet porttitor lacus luctus.	rejected
519	168	Posuere urna nec tincidunt praesent semper feugiat nibh sed pulvinar.	pending
520	486	Ultrices sagittis orci a scelerisque purus semper.	approved
521	485	Pellentesque eu tincidunt tortor aliquam nulla.	rejected
522	196	Arcu non sodales neque sodales ut etiam sit amet.	pending
523	402	Interdum consectetur libero id faucibus nisl tincidunt eget nullam.	approved
524	529	Cursus eget nunc scelerisque viverra mauris in.	rejected
525	246	In ante metus dictum at tempor.	pending
526	556	Mattis vulputate enim nulla aliquet porttitor lacus luctus.	approved
527	306	Fermentum et sollicitudin ac orci.	rejected
528	369	Amet risus nullam eget felis.	pending
529	174	Morbi leo urna molestie at elementum eu facilisis.	approved
530	214	Nulla posuere sollicitudin aliquam ultrices.	rejected
531	224	Erat imperdiet sed euismod nisi porta.	pending
532	390	In hac habitasse platea dictumst quisque sagittis.	approved
533	581	Quisque sagittis purus sit amet volutpat consequat mauris nunc.	rejected
534	276	In nisl nisi scelerisque eu ultrices vitae auctor eu augue.	pending
535	301	Eget gravida cum sociis natoque penatibus et magnis dis parturient.	approved
536	495	Tristique senectus et netus et malesuada fames ac turpis egestas.	rejected
537	462	Odio euismod lacinia at quis risus sed.	pending
538	164	Laoreet non curabitur gravida arcu ac tortor dignissim.	approved
539	146	Pharetra convallis posuere morbi leo urna molestie at elementum eu.	rejected
540	448	Aliquet nec ullamcorper sit amet.	pending
541	174	Orci dapibus ultrices in iaculis nunc sed augue lacus viverra.	approved
542	231	Quis hendrerit dolor magna eget est lorem.	rejected
543	379	Maecenas pharetra convallis posuere morbi leo urna.	pending
544	552	Sed viverra tellus in hac habitasse platea.	approved
545	236	Nisl nunc mi ipsum faucibus vitae aliquet nec.	rejected
546	537	Id semper risus in hendrerit gravida.	pending
547	197	Massa id neque aliquam vestibulum morbi blandit.	approved
548	391	Massa tincidunt dui ut ornare lectus sit amet est.	rejected
549	20	Aliquet porttitor lacus luctus accumsan tortor posuere ac.	pending
550	108	Enim sit amet venenatis urna cursus.	approved
551	195	At urna condimentum mattis pellentesque id nibh tortor.	rejected
552	106	Lacus suspendisse faucibus interdum posuere lorem ipsum dolor sit.	pending
553	555	Ac turpis egestas integer eget aliquet nibh praesent tristique.	approved
554	422	Lectus sit amet est placerat in egestas erat.	rejected
555	244	Vel facilisis volutpat est velit egestas.	pending
556	414	Pellentesque dignissim enim sit amet venenatis urna cursus eget nunc.	approved
557	389	Amet consectetur adipiscing elit pellentesque habitant morbi tristique senectus.	rejected
558	349	Viverra accumsan in nisl nisi scelerisque eu ultrices vitae auctor.	pending
559	480	Ante in nibh mauris cursus mattis molestie a.	approved
560	567	Tincidunt arcu non sodales neque sodales ut etiam.	rejected
561	476	Mollis aliquam ut porttitor leo.	pending
562	26	Feugiat scelerisque varius morbi enim nunc faucibus.	approved
563	493	Diam maecenas sed enim ut sem viverra.	rejected
564	159	Tempus imperdiet nulla malesuada pellentesque.	pending
565	180	At varius vel pharetra vel turpis nunc eget lorem dolor.	approved
566	475	Nisi est sit amet facilisis magna.	rejected
567	343	Gravida rutrum quisque non tellus orci ac.	pending
568	558	In ornare quam viverra orci.	approved
569	359	In hac habitasse platea dictumst quisque sagittis.	rejected
570	137	Eget velit aliquet sagittis id consectetur purus ut.	pending
571	568	Posuere lorem ipsum dolor sit amet consectetur adipiscing elit.	approved
572	465	Nisi scelerisque eu ultrices vitae auctor eu.	rejected
573	498	Sed id semper risus in hendrerit gravida.	pending
574	71	Consectetur purus ut faucibus pulvinar elementum integer enim.	approved
575	244	Sit amet venenatis urna cursus eget nunc scelerisque.	rejected
576	285	Aliquet porttitor lacus luctus accumsan tortor posuere ac.	pending
577	226	Volutpat commodo sed egestas egestas fringilla phasellus faucibus scelerisque eleifend.	approved
578	486	Vestibulum lectus mauris ultrices eros in cursus.	rejected
579	526	Proin fermentum leo vel orci porta non.	pending
580	381	Vestibulum lectus mauris ultrices eros in cursus.	approved
581	34	Tortor dignissim convallis aenean et tortor.	rejected
582	522	In vitae turpis massa sed elementum tempus egestas.	pending
583	277	Eu lobortis elementum nibh tellus.	approved
584	235	Arcu cursus euismod quis viverra nibh cras pulvinar.	rejected
585	396	Urna neque viverra justo nec ultrices.	pending
586	487	Maecenas sed enim ut sem viverra aliquet eget.	approved
587	451	Dignissim convallis aenean et tortor.	rejected
588	295	Ut tellus elementum sagittis vitae.	pending
589	223	Nunc id cursus metus aliquam.	approved
590	235	Magnis dis parturient montes nascetur.	rejected
591	476	Parturient montes nascetur ridiculus mus mauris vitae ultricies leo.	pending
592	229	Convallis aenean et tortor at risus.	approved
593	147	In nisl nisi scelerisque eu ultrices vitae auctor eu augue.	rejected
594	161	Sollicitudin nibh sit amet commodo nulla facilisi nullam.	pending
595	184	Varius morbi enim nunc faucibus a pellentesque sit amet.	approved
596	555	Elementum integer enim neque volutpat ac tincidunt vitae.	rejected
597	469	Volutpat consequat mauris nunc congue nisi.	pending
598	256	Nibh venenatis cras sed felis eget.	approved
599	423	Sagittis nisl rhoncus mattis rhoncus urna neque viverra justo.	rejected
600	52	Maecenas pharetra convallis posuere morbi leo urna.	pending
601	370	Tempus quam pellentesque nec nam aliquam.	pending
602	2	Ut venenatis tellus in metus vulputate eu scelerisque felis imperdiet.	approved
603	293	Nisl nunc mi ipsum faucibus vitae aliquet nec.	rejected
604	314	Dolor sit amet consectetur adipiscing elit pellentesque habitant.	pending
605	98	Nisi est sit amet facilisis magna.	approved
606	542	Aliquet nec ullamcorper sit amet.	rejected
607	652	Mattis ullamcorper velit sed ullamcorper morbi tincidunt ornare massa eget.	pending
608	368	Porttitor eget dolor morbi non arcu.	approved
609	55	Pharetra convallis posuere morbi leo urna molestie at.	rejected
610	512	Eu augue ut lectus arcu bibendum at.	pending
611	134	Eu augue ut lectus arcu bibendum at.	approved
612	613	Diam quis enim lobortis scelerisque fermentum.	rejected
613	45	Dignissim sodales ut eu sem integer.	pending
614	657	Nibh cras pulvinar mattis nunc sed blandit.	approved
615	186	Ipsum dolor sit amet consectetur adipiscing elit duis tristique.	rejected
616	593	Eget felis eget nunc lobortis mattis aliquam faucibus.	pending
617	413	Nunc sed augue lacus viverra vitae.	approved
618	525	Vulputate ut pharetra sit amet aliquam id diam maecenas ultricies.	rejected
619	572	Praesent tristique magna sit amet purus gravida quis blandit.	pending
620	662	Tristique senectus et netus et malesuada fames ac turpis egestas.	approved
621	524	Tincidunt arcu non sodales neque sodales ut etiam.	rejected
622	90	Posuere sollicitudin aliquam ultrices sagittis orci a.	pending
623	664	Viverra tellus in hac habitasse platea dictumst vestibulum.	approved
624	170	Aliquet risus feugiat in ante.	rejected
625	683	Sed ullamcorper morbi tincidunt ornare massa.	pending
626	443	Ac tortor dignissim convallis aenean et tortor.	approved
627	379	Justo laoreet sit amet cursus sit amet dictum.	rejected
628	248	Vitae et leo duis ut diam quam nulla porttitor massa.	pending
629	295	Semper auctor neque vitae tempus.	approved
630	73	Eget sit amet tellus cras adipiscing enim eu.	rejected
631	285	Vitae proin sagittis nisl rhoncus mattis rhoncus.	pending
632	525	Lorem ipsum dolor sit amet consectetur adipiscing elit duis tristique.	approved
633	688	Id ornare arcu odio ut sem nulla pharetra diam sit.	rejected
634	464	Ac tortor vitae purus faucibus ornare.	pending
635	19	Elementum tempus egestas sed sed.	approved
636	129	Interdum velit euismod in pellentesque massa placerat duis ultricies lacus.	rejected
637	185	Sed id semper risus in hendrerit gravida.	pending
638	474	Tincidunt arcu non sodales neque sodales ut etiam.	approved
639	302	Mattis ullamcorper velit sed ullamcorper morbi tincidunt.	rejected
640	629	Enim nec dui nunc mattis enim.	pending
641	499	Ut etiam sit amet nisl purus in mollis nunc.	approved
642	125	Velit sed ullamcorper morbi tincidunt ornare massa.	rejected
643	33	Viverra aliquet eget sit amet.	pending
644	82	Morbi tincidunt ornare massa eget egestas.	approved
645	125	Nec sagittis aliquam malesuada bibendum.	rejected
646	545	Mi eget mauris pharetra et.	pending
647	234	Sit amet porttitor eget dolor morbi non arcu risus quis.	approved
648	336	Facilisis gravida neque convallis a cras semper auctor neque vitae.	rejected
649	377	Vel eros donec ac odio tempor orci dapibus.	pending
650	588	Ullamcorper dignissim cras tincidunt lobortis feugiat vivamus at.	approved
651	534	Malesuada fames ac turpis egestas.	rejected
652	366	Sit amet mattis vulputate enim.	pending
653	518	Mattis vulputate enim nulla aliquet porttitor lacus luctus.	approved
654	8	Cursus turpis massa tincidunt dui ut ornare lectus.	rejected
655	103	At consectetur lorem donec massa sapien faucibus.	pending
656	33	In ante metus dictum at tempor.	approved
657	367	Suspendisse in est ante in nibh mauris cursus mattis molestie.	rejected
658	202	Id venenatis a condimentum vitae sapien pellentesque habitant.	pending
659	690	Platea dictumst vestibulum rhoncus est pellentesque elit ullamcorper dignissim.	approved
660	10	Interdum velit euismod in pellentesque massa placerat duis ultricies lacus.	rejected
661	440	Adipiscing at in tellus integer feugiat scelerisque varius morbi enim.	pending
662	394	Eu lobortis elementum nibh tellus molestie nunc.	approved
663	139	Magna eget est lorem ipsum dolor sit amet consectetur adipiscing.	rejected
664	323	Nec dui nunc mattis enim.	pending
665	312	Cum sociis natoque penatibus et.	approved
666	119	Adipiscing bibendum est ultricies integer quis auctor elit.	rejected
667	582	Convallis posuere morbi leo urna.	pending
668	647	Faucibus purus in massa tempor nec feugiat nisl pretium fusce.	approved
669	552	Ac tortor dignissim convallis aenean et tortor at.	rejected
670	551	Felis donec et odio pellentesque diam volutpat.	pending
671	335	Enim ut tellus elementum sagittis vitae.	approved
672	484	Turpis massa tincidunt dui ut ornare lectus sit amet est.	rejected
673	546	Arcu dui vivamus arcu felis.	pending
674	66	Elementum eu facilisis sed odio.	approved
675	397	Et magnis dis parturient montes nascetur ridiculus mus mauris vitae.	rejected
676	192	Morbi tristique senectus et netus et malesuada.	pending
677	333	At consectetur lorem donec massa sapien faucibus.	approved
678	37	Elit ut aliquam purus sit amet luctus venenatis lectus.	rejected
679	411	Sed id semper risus in hendrerit gravida.	pending
680	301	Purus in massa tempor nec feugiat nisl pretium fusce.	approved
681	486	Semper feugiat nibh sed pulvinar proin gravida hendrerit lectus a.	rejected
682	623	Lectus sit amet est placerat in egestas erat.	pending
683	564	Tellus integer feugiat scelerisque varius morbi enim nunc faucibus a.	approved
684	380	Ultricies mi quis hendrerit dolor magna eget est lorem ipsum.	rejected
685	452	In vitae turpis massa sed elementum tempus egestas sed sed.	pending
686	127	Convallis posuere morbi leo urna.	approved
687	372	Sed id semper risus in hendrerit gravida.	rejected
688	61	Condimentum vitae sapien pellentesque habitant morbi.	pending
689	426	Consectetur a erat nam at lectus urna duis convallis convallis.	approved
690	409	Non arcu risus quis varius quam quisque id.	rejected
691	564	Ridiculus mus mauris vitae ultricies.	pending
692	434	Fermentum posuere urna nec tincidunt.	approved
693	45	Vitae semper quis lectus nulla at.	rejected
694	515	Quis viverra nibh cras pulvinar mattis nunc sed.	pending
695	685	Morbi non arcu risus quis varius quam quisque id diam.	approved
696	273	Ut ornare lectus sit amet est.	rejected
697	435	Adipiscing elit pellentesque habitant morbi tristique senectus et netus.	pending
698	667	Eget mi proin sed libero enim sed faucibus.	approved
699	618	Amet consectetur adipiscing elit ut aliquam purus sit.	rejected
700	62	Amet purus gravida quis blandit.	pending
701	329	Magnis dis parturient montes nascetur.	pending
702	346	Aliquet nibh praesent tristique magna sit amet purus gravida.	approved
703	479	Tellus pellentesque eu tincidunt tortor.	rejected
704	492	Id interdum velit laoreet id donec.	pending
705	644	Nibh venenatis cras sed felis eget.	approved
706	251	Vitae proin sagittis nisl rhoncus.	rejected
707	399	Neque gravida in fermentum et sollicitudin ac.	pending
708	595	Nisi est sit amet facilisis magna.	approved
709	736	Viverra vitae congue eu consequat ac.	rejected
710	627	Tortor id aliquet lectus proin nibh nisl condimentum id venenatis.	pending
711	107	Malesuada fames ac turpis egestas.	approved
712	68	Morbi tristique senectus et netus et malesuada fames.	rejected
713	474	Sapien nec sagittis aliquam malesuada.	pending
714	191	A cras semper auctor neque vitae tempus quam pellentesque.	approved
715	14	Aliquam eleifend mi in nulla posuere sollicitudin.	rejected
716	516	Ut porttitor leo a diam.	pending
717	750	Fusce id velit ut tortor pretium viverra.	approved
718	720	Aliquam faucibus purus in massa tempor nec feugiat nisl pretium.	rejected
719	454	Diam phasellus vestibulum lorem sed risus ultricies tristique.	pending
720	597	Egestas dui id ornare arcu odio.	approved
721	263	Aliquet porttitor lacus luctus accumsan tortor posuere ac.	rejected
722	86	Tincidunt id aliquet risus feugiat in ante.	pending
723	494	Sed libero enim sed faucibus turpis in eu mi.	approved
724	793	Id nibh tortor id aliquet.	rejected
725	98	Pellentesque pulvinar pellentesque habitant morbi tristique senectus et netus et.	pending
726	238	Quis auctor elit sed vulputate mi sit amet mauris commodo.	approved
727	271	In vitae turpis massa sed elementum tempus egestas sed sed.	rejected
728	76	Orci dapibus ultrices in iaculis nunc sed augue lacus viverra.	pending
729	156	In pellentesque massa placerat duis ultricies lacus sed turpis.	approved
730	410	Enim neque volutpat ac tincidunt vitae semper quis lectus.	rejected
731	638	Fringilla urna porttitor rhoncus dolor purus non.	pending
732	376	Id diam vel quam elementum.	approved
733	94	Egestas purus viverra accumsan in nisl nisi scelerisque eu ultrices.	rejected
734	784	Vitae nunc sed velit dignissim sodales ut eu.	pending
735	156	Semper risus in hendrerit gravida.	approved
736	713	Tortor at auctor urna nunc id cursus metus aliquam.	rejected
737	573	Viverra aliquet eget sit amet.	pending
738	373	Vel eros donec ac odio tempor orci dapibus.	approved
739	178	Dui faucibus in ornare quam viverra orci sagittis eu.	rejected
740	147	Molestie ac feugiat sed lectus vestibulum mattis ullamcorper velit.	pending
741	10	Placerat duis ultricies lacus sed turpis tincidunt id.	approved
742	92	Vel facilisis volutpat est velit egestas.	rejected
743	121	Imperdiet sed euismod nisi porta lorem mollis aliquam ut.	pending
744	80	Faucibus purus in massa tempor nec feugiat nisl pretium fusce.	approved
745	612	Id consectetur purus ut faucibus pulvinar elementum integer enim.	rejected
746	610	Rhoncus aenean vel elit scelerisque mauris pellentesque pulvinar pellentesque.	pending
747	200	Dignissim sodales ut eu sem integer.	approved
748	525	Egestas sed sed risus pretium quam vulputate.	rejected
749	470	Fermentum et sollicitudin ac orci phasellus egestas tellus rutrum.	pending
750	742	Mattis enim ut tellus elementum sagittis vitae et leo.	approved
751	586	Egestas pretium aenean pharetra magna ac placerat vestibulum lectus mauris.	rejected
752	739	Volutpat ac tincidunt vitae semper quis lectus.	pending
753	339	In cursus turpis massa tincidunt dui ut.	approved
754	755	Odio ut sem nulla pharetra diam sit amet nisl suscipit.	rejected
755	569	Ipsum dolor sit amet consectetur adipiscing elit duis tristique.	pending
756	352	Non sodales neque sodales ut etiam sit amet nisl purus.	approved
757	187	Cras pulvinar mattis nunc sed.	rejected
758	305	Tristique sollicitudin nibh sit amet commodo nulla facilisi nullam vehicula.	pending
759	357	Semper eget duis at tellus at urna condimentum.	approved
760	395	Enim blandit volutpat maecenas volutpat blandit aliquam etiam erat velit.	rejected
761	188	Volutpat odio facilisis mauris sit.	pending
762	345	Mi proin sed libero enim.	approved
763	590	Vulputate mi sit amet mauris commodo quis.	rejected
764	75	Lectus nulla at volutpat diam.	pending
765	463	Praesent semper feugiat nibh sed pulvinar proin gravida.	approved
766	39	Amet porttitor eget dolor morbi non arcu risus quis.	rejected
767	617	Cursus turpis massa tincidunt dui ut.	pending
768	122	Nulla pharetra diam sit amet nisl suscipit adipiscing.	approved
769	208	Bibendum neque egestas congue quisque.	rejected
770	86	Feugiat pretium nibh ipsum consequat nisl vel pretium.	pending
771	576	Faucibus purus in massa tempor nec feugiat nisl pretium fusce.	approved
772	320	Tempor id eu nisl nunc mi ipsum faucibus vitae.	rejected
773	254	Enim facilisis gravida neque convallis a cras semper auctor neque.	pending
774	600	Id faucibus nisl tincidunt eget nullam non nisi.	approved
775	545	Faucibus a pellentesque sit amet porttitor eget dolor morbi.	rejected
776	52	Eget mi proin sed libero enim sed faucibus.	pending
777	582	Suspendisse interdum consectetur libero id faucibus nisl tincidunt eget nullam.	approved
778	777	Arcu cursus vitae congue mauris rhoncus aenean vel elit scelerisque.	rejected
779	281	Eget gravida cum sociis natoque penatibus et magnis.	pending
780	496	Nisi lacus sed viverra tellus in hac.	approved
781	744	Placerat duis ultricies lacus sed turpis tincidunt id.	rejected
782	623	Nisi lacus sed viverra tellus in hac habitasse platea.	pending
783	570	Cras pulvinar mattis nunc sed blandit libero volutpat sed cras.	approved
784	542	Facilisi etiam dignissim diam quis enim lobortis scelerisque.	rejected
785	501	Lorem dolor sed viverra ipsum nunc aliquet.	pending
786	767	Sit amet mattis vulputate enim.	approved
787	450	Erat imperdiet sed euismod nisi porta lorem mollis.	rejected
788	348	Tristique sollicitudin nibh sit amet commodo nulla facilisi.	pending
789	320	Nunc id cursus metus aliquam.	approved
790	751	Enim nec dui nunc mattis enim ut.	rejected
791	452	Massa enim nec dui nunc mattis enim.	pending
792	544	Egestas erat imperdiet sed euismod nisi porta lorem mollis aliquam.	approved
793	756	Donec pretium vulputate sapien nec sagittis aliquam malesuada.	rejected
794	383	Arcu cursus vitae congue mauris rhoncus aenean vel elit scelerisque.	pending
795	196	Eu sem integer vitae justo.	approved
796	23	Faucibus scelerisque eleifend donec pretium vulputate sapien nec.	rejected
797	623	Elementum curabitur vitae nunc sed velit dignissim.	pending
798	384	Nisl rhoncus mattis rhoncus urna neque viverra justo nec.	approved
799	720	Curabitur vitae nunc sed velit dignissim.	rejected
800	627	Sagittis id consectetur purus ut faucibus pulvinar elementum integer.	pending
\.


--
-- Data for Name: return_item; Type: TABLE DATA; Schema: public; Owner: postgres
--

COPY public.return_item (return_id, order_item_order_id, order_item_product_id, quantity) FROM stdin;
1	14	95	1
14	14	95	2
23	14	95	1
25	14	95	1
43	14	95	2
64	14	95	2
59	14	95	2
82	14	95	2
4	14	95	1
41	14	95	1
2	14	95	1
73	14	95	2
56	14	95	1
53	14	95	1
95	14	95	2
26	14	95	2
13	14	95	1
94	14	95	2
69	14	95	2
66	14	95	2
93	14	95	2
8	14	95	2
11	14	95	1
54	14	95	2
78	14	95	2
71	14	95	2
65	14	95	2
29	14	95	1
12	14	95	1
44	14	95	1
75	14	95	1
28	14	95	1
70	14	95	1
79	14	95	1
60	14	95	2
85	14	95	2
84	14	95	1
38	14	95	1
80	14	95	2
99	14	95	1
17	14	95	2
67	14	95	1
97	14	95	2
83	14	95	1
90	14	95	2
10	14	95	2
61	14	95	2
22	14	95	1
16	14	95	2
86	14	95	1
20	14	95	1
55	14	95	2
48	14	95	2
68	14	95	2
37	14	95	2
92	14	95	1
24	14	95	1
40	14	95	2
91	14	95	1
74	14	95	2
27	14	95	1
50	14	95	2
96	14	95	1
87	14	95	2
5	14	95	2
21	14	95	2
81	14	95	2
131	155	168	2
25	155	168	1
170	155	168	2
8	155	168	1
109	155	168	1
100	155	168	1
103	155	168	2
130	155	168	1
185	155	168	2
153	155	168	1
99	155	168	1
197	155	168	2
27	155	168	2
94	155	168	1
126	155	168	2
134	155	168	2
23	155	168	1
163	155	168	1
97	155	168	2
183	155	168	1
24	155	168	1
42	155	168	1
106	155	168	1
9	155	168	1
152	155	168	2
72	155	168	1
78	155	168	1
122	155	168	2
127	155	168	1
32	155	168	1
180	155	168	2
182	155	168	1
165	155	168	1
160	155	168	2
86	155	168	1
143	155	168	2
198	155	168	2
144	155	168	1
194	155	168	2
41	155	168	2
40	155	168	1
6	155	168	1
55	155	168	2
64	155	168	2
147	155	168	2
79	155	168	1
118	155	168	2
176	155	168	1
191	155	168	1
186	155	168	1
142	155	168	2
125	155	168	2
161	155	168	1
157	155	168	2
52	155	168	2
62	155	168	2
105	155	168	2
151	155	168	1
15	155	168	1
53	155	168	2
98	155	168	1
21	155	168	1
45	155	168	2
28	155	168	2
85	155	168	1
167	155	168	1
120	155	168	2
90	155	168	2
88	155	168	1
43	155	168	2
149	155	168	2
13	155	168	2
200	155	168	2
56	155	168	1
260	229	250	1
267	229	250	1
80	229	250	1
69	229	250	2
76	229	250	2
98	229	250	2
236	229	250	2
249	229	250	2
162	229	250	1
258	229	250	2
120	229	250	1
3	229	250	1
284	229	250	1
110	229	250	1
64	229	250	2
24	229	250	2
265	229	250	2
288	229	250	1
190	229	250	1
201	229	250	2
300	229	250	1
79	229	250	1
93	229	250	1
47	229	250	1
232	229	250	2
129	229	250	2
209	229	250	1
78	229	250	2
100	229	250	2
215	229	250	2
160	229	250	1
211	229	250	1
106	229	250	2
112	229	250	2
250	229	250	2
159	229	250	2
298	229	250	2
256	229	250	2
89	229	250	2
15	229	250	2
61	229	250	1
244	229	250	1
131	229	250	1
239	229	250	2
198	229	250	2
208	229	250	2
152	229	250	2
224	229	250	2
72	229	250	1
75	229	250	1
9	229	250	1
151	229	250	2
200	229	250	1
22	229	250	1
26	229	250	2
18	229	250	1
102	229	250	2
70	229	250	1
30	229	250	1
8	229	250	2
53	229	250	1
39	229	250	2
266	229	250	1
230	229	250	2
34	229	250	2
1	229	250	2
177	229	250	2
291	229	250	1
37	229	250	2
146	229	250	2
202	229	250	1
35	229	250	1
196	229	250	2
51	229	250	2
153	229	250	2
84	229	250	2
16	229	250	1
226	229	250	2
154	229	250	2
12	229	250	1
191	229	250	2
276	229	250	1
71	229	250	2
187	229	250	1
361	31	23	2
130	31	23	2
128	31	23	1
357	31	23	1
307	31	23	1
99	31	23	2
156	31	23	1
95	31	23	2
176	31	23	2
327	31	23	2
294	31	23	1
4	31	23	1
241	31	23	1
211	31	23	2
384	31	23	1
159	31	23	2
342	31	23	1
23	31	23	1
127	31	23	1
162	31	23	1
87	31	23	2
27	31	23	2
106	31	23	2
160	31	23	2
272	31	23	2
108	31	23	2
215	31	23	1
299	31	23	1
5	31	23	2
137	31	23	1
314	31	23	1
28	31	23	2
198	31	23	2
244	31	23	2
19	31	23	1
339	31	23	1
32	31	23	2
287	31	23	1
64	31	23	2
175	31	23	1
33	31	23	2
220	31	23	1
351	31	23	2
135	31	23	1
200	31	23	2
2	31	23	1
124	31	23	2
123	31	23	2
177	31	23	2
213	31	23	1
298	31	23	2
100	31	23	2
68	31	23	1
302	31	23	1
210	31	23	2
276	31	23	1
52	31	23	2
377	31	23	1
325	31	23	1
279	31	23	2
341	31	23	2
146	31	23	1
238	31	23	2
383	31	23	1
263	31	23	2
271	31	23	1
142	31	23	1
188	31	23	1
344	31	23	2
77	31	23	1
46	31	23	1
152	31	23	2
282	31	23	1
370	31	23	2
359	31	23	2
369	31	23	1
183	31	23	2
336	31	23	1
212	31	23	2
291	31	23	1
101	31	23	1
6	31	23	2
36	31	23	1
363	31	23	1
322	31	23	2
348	31	23	2
340	31	23	2
372	31	23	2
74	31	23	2
125	31	23	2
78	44	28	1
394	44	28	1
428	44	28	2
180	44	28	1
283	44	28	1
147	44	28	2
289	44	28	1
38	44	28	1
379	44	28	1
29	44	28	2
298	44	28	2
415	44	28	1
111	44	28	2
47	44	28	1
181	44	28	1
164	44	28	1
282	44	28	1
213	44	28	2
431	44	28	2
410	44	28	2
127	44	28	2
371	44	28	2
308	44	28	1
94	44	28	1
381	44	28	2
58	44	28	2
15	44	28	2
250	44	28	2
244	44	28	2
451	44	28	1
321	44	28	1
12	44	28	1
280	44	28	1
469	44	28	2
349	44	28	1
126	44	28	2
149	44	28	1
152	44	28	1
450	44	28	2
423	44	28	2
233	44	28	1
354	44	28	1
304	44	28	1
240	44	28	1
239	44	28	2
211	44	28	1
123	44	28	1
299	44	28	1
216	44	28	1
99	44	28	1
220	44	28	1
441	44	28	2
315	44	28	1
28	44	28	2
142	44	28	1
222	44	28	2
316	44	28	1
83	44	28	2
362	44	28	1
392	44	28	2
500	44	28	2
20	44	28	1
286	44	28	1
258	44	28	1
86	44	28	1
494	44	28	2
53	44	28	2
10	44	28	1
470	44	28	1
444	44	28	1
305	44	28	2
87	44	28	2
175	44	28	2
306	44	28	2
135	44	28	2
353	44	28	1
342	44	28	1
237	44	28	1
55	44	28	2
141	44	28	2
64	44	28	1
275	44	28	2
40	44	28	1
172	44	28	1
231	44	28	2
411	44	28	2
101	44	28	2
16	44	28	2
205	44	28	2
194	44	28	1
185	81	403	2
383	81	403	2
137	81	403	2
545	81	403	1
447	81	403	1
18	81	403	2
211	81	403	1
286	81	403	1
303	81	403	1
407	81	403	1
472	81	403	2
453	81	403	2
585	81	403	2
66	81	403	2
443	81	403	2
354	81	403	2
259	81	403	1
245	81	403	2
489	81	403	1
572	81	403	2
23	81	403	1
516	81	403	2
372	81	403	1
295	81	403	2
282	81	403	1
560	81	403	2
108	81	403	1
150	81	403	2
190	81	403	1
374	81	403	1
396	81	403	2
530	81	403	2
595	81	403	2
490	81	403	1
279	81	403	2
151	81	403	1
206	81	403	2
528	81	403	1
437	81	403	2
255	81	403	2
16	81	403	1
55	81	403	1
508	81	403	2
481	81	403	1
149	81	403	1
364	81	403	2
53	81	403	2
214	81	403	2
130	81	403	2
550	81	403	2
203	81	403	1
382	81	403	1
7	81	403	2
71	81	403	2
312	81	403	1
38	81	403	1
445	81	403	2
370	81	403	2
97	81	403	2
51	81	403	2
168	81	403	1
232	81	403	2
59	81	403	2
189	81	403	2
501	81	403	1
340	81	403	2
42	81	403	2
393	81	403	1
87	81	403	2
503	81	403	2
325	81	403	2
140	81	403	1
122	81	403	2
349	81	403	2
547	81	403	2
440	81	403	2
479	81	403	1
342	81	403	1
316	81	403	2
65	81	403	2
464	81	403	2
228	81	403	2
454	81	403	2
520	81	403	2
577	81	403	2
575	81	403	1
430	81	403	1
466	81	403	2
442	81	403	1
237	81	403	1
411	81	403	1
199	81	403	1
186	81	403	2
448	81	403	2
288	64	462	1
438	64	462	1
596	64	462	1
103	64	462	2
207	64	462	1
197	64	462	2
119	64	462	1
694	64	462	1
143	64	462	2
499	64	462	2
565	64	462	2
442	64	462	2
485	64	462	2
16	64	462	2
524	64	462	1
80	64	462	1
439	64	462	2
86	64	462	2
359	64	462	1
332	64	462	2
459	64	462	1
368	64	462	2
491	64	462	2
357	64	462	2
695	64	462	1
550	64	462	1
434	64	462	2
286	64	462	1
209	64	462	2
284	64	462	1
180	64	462	2
351	64	462	2
214	64	462	2
415	64	462	2
636	64	462	2
304	64	462	1
476	64	462	2
41	64	462	1
50	64	462	2
629	64	462	2
356	64	462	1
281	64	462	2
175	64	462	1
331	64	462	1
192	64	462	2
383	64	462	1
102	64	462	2
296	64	462	2
204	64	462	1
391	64	462	2
355	64	462	2
54	64	462	2
163	64	462	1
57	64	462	2
625	64	462	1
365	64	462	1
583	64	462	1
139	64	462	2
79	64	462	2
584	64	462	2
208	64	462	2
557	64	462	2
463	64	462	1
546	64	462	1
595	64	462	2
634	64	462	2
593	64	462	2
481	64	462	1
312	64	462	1
202	64	462	1
664	64	462	1
315	64	462	1
432	64	462	1
32	64	462	1
567	64	462	2
161	64	462	2
99	64	462	2
517	64	462	2
24	64	462	2
92	64	462	1
503	64	462	2
350	64	462	2
6	64	462	1
569	64	462	1
299	64	462	1
668	64	462	2
537	64	462	1
55	64	462	1
674	64	462	1
464	64	462	1
478	64	462	1
389	64	462	1
622	64	462	1
4	97	607	2
355	97	607	1
541	97	607	1
798	97	607	2
687	97	607	2
137	97	607	1
5	97	607	2
79	97	607	1
113	97	607	2
771	97	607	1
761	97	607	2
701	97	607	2
542	97	607	1
128	97	607	1
713	97	607	2
273	97	607	2
504	97	607	1
652	97	607	2
149	97	607	1
151	97	607	2
714	97	607	1
522	97	607	1
583	97	607	2
671	97	607	1
95	97	607	1
797	97	607	2
248	97	607	1
152	97	607	1
581	97	607	1
334	97	607	1
76	97	607	2
739	97	607	2
54	97	607	1
291	97	607	2
163	97	607	1
211	97	607	2
117	97	607	1
159	97	607	1
133	97	607	2
742	97	607	1
380	97	607	2
414	97	607	1
768	97	607	1
727	97	607	2
36	97	607	2
512	97	607	2
576	97	607	2
548	97	607	1
716	97	607	1
239	97	607	1
773	97	607	2
627	97	607	1
253	97	607	2
190	97	607	1
752	97	607	2
472	97	607	1
788	97	607	1
258	97	607	2
90	97	607	2
577	97	607	2
728	97	607	2
381	97	607	2
517	97	607	1
322	97	607	2
401	97	607	1
337	97	607	1
324	97	607	2
662	97	607	1
148	97	607	1
799	97	607	1
371	97	607	2
571	97	607	2
462	97	607	1
696	97	607	2
115	97	607	2
9	97	607	2
247	97	607	2
656	97	607	2
546	97	607	1
261	97	607	2
339	97	607	2
536	97	607	2
647	97	607	2
531	97	607	2
70	97	607	2
651	97	607	2
586	97	607	2
598	97	607	1
102	97	607	1
479	97	607	2
553	97	607	2
162	97	607	1
331	97	607	1
342	97	607	2
299	97	607	1
\.


--
-- Data for Name: review; Type: TABLE DATA; Schema: public; Owner: postgres
--

COPY public.review (id, customer_id, product_id, order_id, rating, comment) FROM stdin;
1	64	96	92	4	Amet venenatis urna cursus eget.
2	7	100	50	1	Molestie ac feugiat sed lectus.
3	77	2	35	1	Sit amet facilisis magna etiam tempor orci eu lobortis.
4	85	44	98	4	Nunc congue nisi vitae suscipit tellus mauris.
5	42	45	18	1	Molestie at elementum eu facilisis sed odio morbi quis.
6	21	39	97	3	Eu scelerisque felis imperdiet proin fermentum leo.
7	33	72	87	3	Mauris sit amet massa vitae tortor condimentum lacinia.
8	37	9	39	2	In vitae turpis massa sed elementum.
9	5	17	6	1	Nullam eget felis eget nunc.
10	33	89	19	3	Amet volutpat consequat mauris nunc congue.
11	8	91	22	2	Eu lobortis elementum nibh tellus molestie nunc non blandit massa.
12	61	33	84	4	Mollis aliquam ut porttitor leo.
13	14	81	43	1	In ornare quam viverra orci sagittis.
14	16	37	43	1	Dictum non consectetur a erat nam at lectus urna duis.
15	74	72	86	2	Placerat orci nulla pellentesque dignissim enim sit.
16	87	39	32	3	Consectetur adipiscing elit ut aliquam purus sit amet luctus venenatis.
17	17	8	51	2	Dictumst quisque sagittis purus sit amet volutpat consequat mauris nunc.
18	92	37	30	1	Scelerisque fermentum dui faucibus in ornare quam viverra orci.
19	70	73	90	2	Arcu non sodales neque sodales ut etiam sit.
20	2	100	95	3	Quam lacus suspendisse faucibus interdum posuere.
21	28	54	9	1	Posuere ac ut consequat semper viverra nam libero.
22	81	13	28	2	Posuere sollicitudin aliquam ultrices sagittis orci a.
23	77	78	82	2	Posuere urna nec tincidunt praesent.
24	31	28	87	3	Diam phasellus vestibulum lorem sed risus ultricies tristique.
25	90	23	62	3	Vitae proin sagittis nisl rhoncus mattis.
26	44	74	3	3	Ultricies mi quis hendrerit dolor magna eget est lorem ipsum.
27	60	19	12	2	Libero nunc consequat interdum varius sit amet.
28	23	1	79	1	Praesent tristique magna sit amet purus gravida quis blandit.
29	19	75	38	2	Purus in massa tempor nec.
30	96	35	77	4	Odio tempor orci dapibus ultrices.
31	32	28	41	3	Amet consectetur adipiscing elit ut aliquam purus sit.
32	43	81	48	2	Mattis pellentesque id nibh tortor.
33	10	47	97	3	Pellentesque diam volutpat commodo sed egestas egestas fringilla.
34	85	35	46	1	Quisque egestas diam in arcu cursus euismod quis viverra.
35	81	64	32	1	Sit amet luctus venenatis lectus magna fringilla urna.
36	78	28	49	1	Cursus euismod quis viverra nibh cras pulvinar.
37	77	56	14	4	Ipsum nunc aliquet bibendum enim facilisis gravida.
38	53	69	27	4	Vitae aliquet nec ullamcorper sit amet risus nullam.
39	89	31	2	4	In ornare quam viverra orci.
40	90	23	73	2	Fusce ut placerat orci nulla.
41	12	58	67	1	Odio pellentesque diam volutpat commodo sed egestas.
42	20	4	13	2	Sed cras ornare arcu dui vivamus arcu felis bibendum.
43	96	1	8	2	Tincidunt eget nullam non nisi est sit amet.
44	81	51	3	2	Suspendisse in est ante in nibh mauris cursus mattis molestie.
45	66	11	58	4	Pretium aenean pharetra magna ac placerat vestibulum.
46	46	57	35	3	Semper risus in hendrerit gravida.
47	86	4	38	1	Ultricies tristique nulla aliquet enim tortor at auctor urna nunc.
48	21	2	61	4	Proin fermentum leo vel orci porta non.
49	40	74	5	4	Non arcu risus quis varius quam quisque id diam.
50	23	23	60	3	Porttitor eget dolor morbi non arcu risus quis varius quam.
51	98	35	74	1	Erat imperdiet sed euismod nisi porta.
52	33	21	63	2	Cras pulvinar mattis nunc sed.
53	13	7	9	1	Enim ut tellus elementum sagittis vitae.
54	33	29	99	4	Sed risus ultricies tristique nulla aliquet enim tortor.
55	36	42	14	3	Elementum nibh tellus molestie nunc non blandit.
56	39	39	8	2	Eu lobortis elementum nibh tellus molestie nunc.
57	31	99	78	2	Metus aliquam eleifend mi in nulla posuere sollicitudin.
58	59	34	57	1	Molestie a iaculis at erat pellentesque.
59	36	99	5	4	Dolor sit amet consectetur adipiscing elit pellentesque habitant.
60	72	53	53	1	Amet purus gravida quis blandit.
61	62	63	13	1	Felis donec et odio pellentesque diam volutpat.
62	23	2	76	1	Leo integer malesuada nunc vel.
63	9	63	16	1	Felis donec et odio pellentesque diam volutpat.
64	35	62	60	3	Turpis tincidunt id aliquet risus feugiat.
65	74	29	89	1	Congue nisi vitae suscipit tellus.
66	88	59	49	4	Ornare arcu dui vivamus arcu felis.
67	83	69	6	1	Semper feugiat nibh sed pulvinar proin gravida.
68	63	31	29	1	Lorem ipsum dolor sit amet consectetur adipiscing elit.
69	83	74	40	1	Vel turpis nunc eget lorem dolor sed viverra ipsum nunc.
70	77	65	32	2	Eget velit aliquet sagittis id consectetur purus ut.
71	61	5	47	1	Amet porttitor eget dolor morbi non arcu risus quis.
72	39	77	66	3	Sed cras ornare arcu dui vivamus arcu felis bibendum.
73	10	79	24	2	Magnis dis parturient montes nascetur ridiculus mus mauris.
74	68	62	94	3	Dictumst quisque sagittis purus sit amet volutpat consequat mauris nunc.
75	30	24	95	4	Sit amet purus gravida quis blandit turpis cursus in.
76	67	65	20	2	Aliquet nibh praesent tristique magna sit.
77	53	20	93	3	Accumsan in nisl nisi scelerisque eu ultrices vitae auctor eu.
78	8	8	29	3	Non tellus orci ac auctor.
79	92	49	64	2	Eu tincidunt tortor aliquam nulla facilisi cras fermentum.
80	4	77	87	4	Consectetur a erat nam at lectus urna duis convallis convallis.
81	81	23	91	3	Consectetur purus ut faucibus pulvinar elementum integer enim.
82	40	45	25	4	Pulvinar pellentesque habitant morbi tristique.
83	62	87	31	3	Arcu ac tortor dignissim convallis aenean et tortor.
84	61	56	23	4	Orci dapibus ultrices in iaculis nunc sed augue lacus viverra.
85	26	44	91	2	Quis lectus nulla at volutpat diam ut venenatis.
86	71	90	33	4	Suspendisse ultrices gravida dictum fusce ut placerat orci nulla.
87	68	100	64	2	Massa placerat duis ultricies lacus sed turpis tincidunt id.
88	44	96	47	3	Pellentesque diam volutpat commodo sed egestas egestas fringilla.
89	91	32	55	4	Maecenas ultricies mi eget mauris pharetra et.
90	4	34	71	2	Sagittis purus sit amet volutpat consequat.
91	90	7	55	3	Viverra tellus in hac habitasse platea dictumst vestibulum.
92	60	20	85	3	Venenatis a condimentum vitae sapien pellentesque habitant.
93	79	13	58	2	Tellus molestie nunc non blandit massa enim nec dui.
94	17	20	81	2	Adipiscing diam donec adipiscing tristique risus nec feugiat in.
95	25	81	13	4	In cursus turpis massa tincidunt dui ut.
96	46	99	61	1	Magna sit amet purus gravida.
97	11	12	33	1	Aliquet porttitor lacus luctus accumsan tortor posuere ac.
98	66	61	19	1	Sed viverra tellus in hac habitasse platea.
99	66	90	75	2	Aliquam id diam maecenas ultricies mi eget.
100	19	16	18	4	Sagittis aliquam malesuada bibendum arcu vitae elementum.
101	66	63	139	4	Aenean vel elit scelerisque mauris pellentesque.
102	98	41	20	1	At lectus urna duis convallis convallis tellus id interdum velit.
103	48	18	183	3	Cum sociis natoque penatibus et.
104	17	10	189	4	Tellus integer feugiat scelerisque varius morbi enim nunc faucibus a.
105	50	85	68	3	Id consectetur purus ut faucibus pulvinar.
106	132	124	116	4	Parturient montes nascetur ridiculus mus mauris vitae ultricies leo.
107	126	13	77	2	Sem nulla pharetra diam sit amet nisl suscipit adipiscing bibendum.
108	107	183	4	1	Posuere ac ut consequat semper viverra nam libero.
109	66	44	96	2	Rutrum quisque non tellus orci ac auctor augue mauris.
110	99	183	200	4	Ultricies mi quis hendrerit dolor magna eget est lorem ipsum.
111	30	190	111	2	Tincidunt arcu non sodales neque sodales ut etiam.
112	137	63	53	1	Magnis dis parturient montes nascetur ridiculus mus mauris.
113	43	120	15	4	Urna neque viverra justo nec ultrices dui sapien eget.
114	158	184	175	2	Venenatis a condimentum vitae sapien pellentesque habitant.
115	134	134	54	4	Nibh tellus molestie nunc non blandit massa enim.
116	11	163	92	4	Etiam non quam lacus suspendisse faucibus interdum posuere lorem ipsum.
117	17	32	85	1	Laoreet id donec ultrices tincidunt arcu non sodales neque.
118	88	143	63	3	Amet volutpat consequat mauris nunc congue nisi vitae.
119	97	171	3	3	Molestie ac feugiat sed lectus.
120	8	152	172	3	Dis parturient montes nascetur ridiculus mus.
121	200	79	103	1	Adipiscing elit ut aliquam purus sit.
122	91	13	131	3	Nibh tellus molestie nunc non blandit massa enim.
123	157	13	176	3	Vitae et leo duis ut diam quam nulla porttitor massa.
124	57	135	89	4	Urna cursus eget nunc scelerisque viverra mauris in aliquam sem.
125	139	83	93	2	Amet purus gravida quis blandit turpis cursus in hac habitasse.
126	157	173	10	2	Ut porttitor leo a diam sollicitudin.
127	25	178	167	2	Egestas fringilla phasellus faucibus scelerisque.
128	100	19	25	1	Integer eget aliquet nibh praesent tristique magna sit amet.
129	137	132	28	3	Mattis ullamcorper velit sed ullamcorper morbi tincidunt ornare massa eget.
130	53	75	14	1	Sit amet facilisis magna etiam tempor orci eu lobortis.
131	107	194	165	3	Massa massa ultricies mi quis hendrerit.
132	151	54	105	1	Odio ut sem nulla pharetra diam sit amet nisl suscipit.
133	142	116	74	2	Nulla pellentesque dignissim enim sit amet.
134	179	4	3	3	Diam donec adipiscing tristique risus nec feugiat in.
135	122	137	74	1	Tempus urna et pharetra pharetra massa.
136	198	122	4	3	Faucibus pulvinar elementum integer enim neque.
137	19	108	165	3	Scelerisque varius morbi enim nunc.
138	90	114	18	4	Arcu cursus euismod quis viverra nibh cras pulvinar.
139	87	102	176	3	Ipsum nunc aliquet bibendum enim facilisis.
140	180	113	187	3	Gravida cum sociis natoque penatibus et magnis dis parturient.
141	161	179	83	1	Aenean vel elit scelerisque mauris pellentesque.
142	53	134	3	1	Posuere urna nec tincidunt praesent semper feugiat nibh sed pulvinar.
143	4	54	13	3	Dictumst quisque sagittis purus sit amet volutpat consequat mauris nunc.
144	194	184	6	4	Id volutpat lacus laoreet non curabitur gravida arcu ac.
145	57	164	1	3	Elementum curabitur vitae nunc sed velit dignissim.
146	37	116	30	4	Convallis convallis tellus id interdum.
147	123	14	20	4	Quisque egestas diam in arcu cursus euismod quis viverra.
148	193	108	57	1	Enim sed faucibus turpis in eu mi bibendum.
149	119	77	87	1	Consectetur adipiscing elit ut aliquam purus sit amet luctus venenatis.
150	188	55	193	1	Dis parturient montes nascetur ridiculus mus.
151	20	111	96	4	Quis blandit turpis cursus in hac habitasse platea dictumst quisque.
152	117	118	89	1	Consectetur adipiscing elit ut aliquam.
153	95	52	82	1	Diam vulputate ut pharetra sit amet aliquam.
154	13	88	174	2	Id nibh tortor id aliquet.
155	125	163	164	1	Porttitor massa id neque aliquam vestibulum morbi blandit cursus.
156	168	2	78	4	Nibh ipsum consequat nisl vel pretium lectus.
157	130	156	55	2	Dictum fusce ut placerat orci nulla pellentesque.
239	40	258	202	4	Erat velit scelerisque in dictum non.
158	141	85	179	3	Adipiscing bibendum est ultricies integer quis auctor elit.
159	132	30	78	1	Amet dictum sit amet justo donec.
160	25	118	76	3	Morbi tincidunt ornare massa eget egestas purus viverra accumsan in.
161	119	161	177	4	Metus aliquam eleifend mi in nulla posuere.
162	127	100	143	4	Cursus turpis massa tincidunt dui ut.
163	44	94	87	3	Tincidunt arcu non sodales neque sodales ut etiam.
164	120	161	158	1	Mi sit amet mauris commodo quis imperdiet.
165	171	10	14	4	Sed risus ultricies tristique nulla aliquet enim tortor.
166	101	131	183	1	Vitae tempus quam pellentesque nec nam aliquam sem et tortor.
167	135	167	166	2	Integer enim neque volutpat ac tincidunt.
168	142	98	132	3	At consectetur lorem donec massa sapien faucibus.
169	18	195	95	1	Enim nec dui nunc mattis enim.
170	192	199	136	1	Amet nisl purus in mollis nunc sed.
171	43	83	107	2	Quis blandit turpis cursus in hac habitasse platea dictumst quisque.
172	44	139	76	2	Tempor id eu nisl nunc mi ipsum.
173	189	175	112	1	Aliquam faucibus purus in massa tempor nec feugiat nisl pretium.
174	150	183	196	2	In nibh mauris cursus mattis molestie.
175	49	98	73	1	Amet volutpat consequat mauris nunc congue nisi vitae suscipit tellus.
176	76	28	44	2	Sagittis purus sit amet volutpat consequat.
177	159	179	45	4	Quis risus sed vulputate odio ut enim.
178	138	158	61	2	Diam donec adipiscing tristique risus nec feugiat in fermentum.
179	44	59	185	1	Porttitor eget dolor morbi non arcu.
180	120	152	169	2	Eget nunc lobortis mattis aliquam faucibus purus in massa.
181	59	183	120	3	Amet tellus cras adipiscing enim eu.
182	54	150	25	2	Eu nisl nunc mi ipsum faucibus vitae aliquet.
183	141	71	185	1	Varius vel pharetra vel turpis nunc.
184	38	148	87	1	Arcu non sodales neque sodales ut etiam sit amet.
185	31	188	198	4	Netus et malesuada fames ac turpis egestas maecenas pharetra convallis.
186	111	164	55	3	Suspendisse ultrices gravida dictum fusce ut placerat orci nulla.
187	107	140	6	2	Cursus euismod quis viverra nibh cras pulvinar.
188	55	62	175	2	Posuere urna nec tincidunt praesent.
189	63	68	29	3	Id velit ut tortor pretium viverra suspendisse.
190	28	147	138	3	Proin nibh nisl condimentum id venenatis a condimentum vitae.
191	60	197	125	1	Mus mauris vitae ultricies leo integer.
192	24	175	65	1	Volutpat odio facilisis mauris sit.
193	154	161	85	1	Erat velit scelerisque in dictum non consectetur a erat nam.
194	189	122	17	2	Nulla pharetra diam sit amet nisl suscipit.
195	42	52	178	4	Morbi tincidunt ornare massa eget egestas.
196	141	52	75	1	Cras ornare arcu dui vivamus arcu felis.
197	127	176	32	3	Vivamus at augue eget arcu.
198	26	177	165	4	Non arcu risus quis varius quam quisque id.
199	91	37	175	1	Vitae et leo duis ut diam quam.
200	123	65	77	2	Eu lobortis elementum nibh tellus molestie nunc non blandit massa.
201	208	147	95	2	Congue nisi vitae suscipit tellus mauris a diam maecenas sed.
202	196	162	58	2	Pellentesque dignissim enim sit amet venenatis urna cursus eget nunc.
203	297	205	186	4	Justo laoreet sit amet cursus sit amet dictum.
204	247	159	89	4	Elementum nibh tellus molestie nunc non blandit massa enim nec.
205	84	2	232	3	Id volutpat lacus laoreet non curabitur gravida arcu ac tortor.
206	164	244	19	4	Magna sit amet purus gravida.
207	200	195	72	1	Integer malesuada nunc vel risus commodo viverra maecenas.
208	24	143	130	2	Id semper risus in hendrerit gravida.
209	231	152	123	4	Nibh cras pulvinar mattis nunc sed blandit.
210	42	84	119	2	In mollis nunc sed id semper.
211	70	243	85	4	Volutpat odio facilisis mauris sit.
212	242	284	55	3	Sagittis id consectetur purus ut faucibus pulvinar elementum integer.
213	228	281	255	1	Egestas sed sed risus pretium quam vulputate dignissim.
214	206	18	140	3	Sem integer vitae justo eget magna.
215	2	85	229	1	Urna neque viverra justo nec ultrices.
216	52	218	64	3	Orci sagittis eu volutpat odio facilisis mauris sit.
217	240	227	57	2	Sit amet tellus cras adipiscing enim eu turpis.
218	249	182	121	3	Dignissim convallis aenean et tortor at risus viverra.
219	152	35	230	1	Elit at imperdiet dui accumsan sit amet nulla.
220	90	64	268	1	Tortor vitae purus faucibus ornare suspendisse sed nisi lacus.
221	241	86	223	4	Vel eros donec ac odio tempor orci dapibus.
222	104	157	205	1	Elementum curabitur vitae nunc sed velit dignissim.
223	231	256	118	2	Mus mauris vitae ultricies leo integer.
224	212	44	136	2	Aliquet risus feugiat in ante.
225	183	182	116	3	Purus in massa tempor nec feugiat nisl pretium fusce.
226	197	36	198	1	Eu nisl nunc mi ipsum faucibus vitae aliquet nec ullamcorper.
227	161	139	264	1	Cras tincidunt lobortis feugiat vivamus at augue.
228	96	3	165	1	Turpis in eu mi bibendum.
229	287	276	105	3	Adipiscing elit ut aliquam purus sit.
230	209	239	24	1	Gravida cum sociis natoque penatibus et magnis dis.
231	128	241	53	3	Velit euismod in pellentesque massa.
232	220	211	53	3	Varius sit amet mattis vulputate enim nulla aliquet porttitor.
233	64	253	287	1	Id aliquet lectus proin nibh nisl condimentum id venenatis.
234	281	10	102	3	Curabitur vitae nunc sed velit dignissim.
235	224	26	266	1	Amet nisl purus in mollis nunc.
236	261	144	275	2	Sit amet porttitor eget dolor morbi non arcu risus quis.
237	243	28	96	1	In cursus turpis massa tincidunt.
238	237	152	138	1	Commodo viverra maecenas accumsan lacus vel facilisis volutpat.
240	145	79	4	1	Nibh venenatis cras sed felis eget.
241	121	46	113	1	Vitae proin sagittis nisl rhoncus.
242	68	99	238	3	Pellentesque dignissim enim sit amet venenatis urna cursus eget nunc.
243	179	253	180	1	Quam vulputate dignissim suspendisse in est ante in nibh.
244	290	8	283	3	Amet volutpat consequat mauris nunc congue nisi vitae suscipit tellus.
245	72	5	189	4	Arcu ac tortor dignissim convallis aenean et tortor.
246	295	214	118	4	Tempor id eu nisl nunc mi ipsum faucibus vitae.
247	82	264	278	4	Tincidunt augue interdum velit euismod.
248	268	122	276	1	Semper feugiat nibh sed pulvinar proin gravida hendrerit lectus a.
249	119	134	162	4	Sit amet facilisis magna etiam tempor orci.
250	253	97	48	3	Quam lacus suspendisse faucibus interdum posuere lorem.
251	73	236	160	2	Orci a scelerisque purus semper eget duis at tellus.
252	236	298	170	1	Sit amet mattis vulputate enim.
253	178	35	87	3	Nisl nunc mi ipsum faucibus vitae aliquet nec.
254	201	28	135	2	Laoreet non curabitur gravida arcu ac.
255	155	150	27	1	Eget felis eget nunc lobortis mattis aliquam faucibus.
256	235	173	73	3	Enim ut tellus elementum sagittis vitae.
257	145	229	26	1	Amet purus gravida quis blandit turpis cursus in hac habitasse.
258	97	144	211	4	Ipsum dolor sit amet consectetur adipiscing elit ut aliquam purus.
259	210	58	129	1	Mauris sit amet massa vitae tortor condimentum lacinia.
260	296	219	257	4	Mattis rhoncus urna neque viverra justo.
261	297	193	265	1	Cursus eget nunc scelerisque viverra mauris in.
262	116	129	105	3	Enim nec dui nunc mattis enim ut.
263	253	104	292	4	Elementum integer enim neque volutpat ac tincidunt vitae.
264	69	57	106	1	Dignissim convallis aenean et tortor.
265	49	197	18	1	Maecenas pharetra convallis posuere morbi leo urna.
266	37	137	130	3	Sed ullamcorper morbi tincidunt ornare massa.
267	217	9	249	1	Eleifend donec pretium vulputate sapien nec sagittis aliquam malesuada bibendum.
268	135	285	204	2	Metus aliquam eleifend mi in nulla posuere sollicitudin.
269	137	225	60	1	Enim ut sem viverra aliquet eget.
270	156	87	12	3	Lectus nulla at volutpat diam.
271	21	173	178	3	Nibh cras pulvinar mattis nunc sed blandit.
272	113	118	222	4	Sagittis purus sit amet volutpat consequat mauris nunc.
273	105	258	138	4	Tortor vitae purus faucibus ornare suspendisse sed nisi lacus.
274	281	100	74	4	Amet dictum sit amet justo donec.
275	13	10	104	4	Purus in massa tempor nec feugiat nisl pretium fusce.
276	268	71	278	2	Sem fringilla ut morbi tincidunt.
277	163	113	35	3	Amet purus gravida quis blandit turpis cursus in hac habitasse.
278	226	152	195	1	Molestie at elementum eu facilisis sed odio morbi quis.
279	246	133	79	3	Id volutpat lacus laoreet non curabitur gravida arcu ac tortor.
280	152	144	52	2	Ornare arcu dui vivamus arcu felis.
281	171	49	155	2	Adipiscing elit ut aliquam purus sit.
282	150	64	33	2	Pharetra vel turpis nunc eget lorem dolor sed viverra.
283	49	85	206	4	Velit ut tortor pretium viverra suspendisse potenti nullam ac.
284	163	252	209	2	Sed risus ultricies tristique nulla aliquet enim tortor.
285	287	290	36	4	At varius vel pharetra vel turpis nunc eget lorem dolor.
286	16	87	86	1	Erat imperdiet sed euismod nisi porta.
287	157	195	268	3	Mattis nunc sed blandit libero volutpat sed.
288	58	120	79	2	Rhoncus urna neque viverra justo nec.
289	177	203	3	2	Tincidunt nunc pulvinar sapien et ligula ullamcorper malesuada.
290	24	178	155	2	Vel turpis nunc eget lorem dolor sed viverra ipsum nunc.
291	118	87	28	3	Quam vulputate dignissim suspendisse in est ante in nibh.
292	157	50	146	2	Tempor id eu nisl nunc mi ipsum.
293	257	242	33	3	Est pellentesque elit ullamcorper dignissim cras tincidunt lobortis feugiat.
294	143	135	231	1	Eleifend quam adipiscing vitae proin sagittis nisl rhoncus mattis.
295	267	260	77	1	Natoque penatibus et magnis dis.
296	238	140	15	4	Elit at imperdiet dui accumsan sit amet nulla.
297	60	107	25	2	Tempus quam pellentesque nec nam aliquam.
298	52	252	157	2	Dui accumsan sit amet nulla facilisi morbi tempus iaculis.
299	19	188	161	1	Pellentesque elit ullamcorper dignissim cras tincidunt.
300	82	54	17	1	Sollicitudin nibh sit amet commodo nulla facilisi nullam.
301	294	230	393	3	Lorem ipsum dolor sit amet consectetur adipiscing elit duis tristique.
302	220	52	174	3	Nulla pharetra diam sit amet nisl suscipit.
303	97	341	383	4	Convallis convallis tellus id interdum.
304	297	241	123	3	Nunc lobortis mattis aliquam faucibus purus in.
305	230	371	288	2	Pretium aenean pharetra magna ac placerat vestibulum.
306	352	100	397	2	Urna neque viverra justo nec ultrices.
307	97	136	307	2	Nulla aliquet porttitor lacus luctus accumsan tortor posuere.
308	8	140	289	4	Et netus et malesuada fames ac turpis.
309	303	150	34	2	Eleifend quam adipiscing vitae proin sagittis nisl rhoncus mattis.
310	362	353	396	2	Nisl rhoncus mattis rhoncus urna neque viverra justo nec.
311	365	131	279	3	Et netus et malesuada fames ac turpis.
312	291	145	221	4	Purus in massa tempor nec feugiat nisl pretium fusce.
313	333	352	256	1	Eu consequat ac felis donec.
314	51	347	202	4	Sed risus pretium quam vulputate.
315	345	184	320	1	Non tellus orci ac auctor.
316	108	64	216	2	Gravida rutrum quisque non tellus orci ac.
317	188	20	31	2	Convallis aenean et tortor at risus.
318	319	11	291	2	Tincidunt eget nullam non nisi est sit amet.
319	394	193	381	1	Et netus et malesuada fames ac turpis.
320	179	196	72	4	Aliquet porttitor lacus luctus accumsan tortor posuere ac.
321	165	202	279	1	Neque ornare aenean euismod elementum nisi quis.
322	238	58	391	4	Magna sit amet purus gravida quis.
323	173	3	203	2	Elementum sagittis vitae et leo.
324	206	389	7	1	Mattis rhoncus urna neque viverra justo nec ultrices.
325	358	3	107	2	Sodales ut eu sem integer vitae.
326	343	355	92	4	Facilisi etiam dignissim diam quis enim.
327	369	149	226	4	Tellus integer feugiat scelerisque varius morbi.
328	83	134	349	3	Diam donec adipiscing tristique risus nec feugiat in.
329	112	361	313	4	Posuere urna nec tincidunt praesent.
330	353	345	326	4	Quis hendrerit dolor magna eget est lorem.
331	320	123	331	2	Enim lobortis scelerisque fermentum dui faucibus in ornare quam.
332	76	118	103	1	Tincidunt nunc pulvinar sapien et ligula ullamcorper malesuada.
333	212	233	396	4	Turpis massa tincidunt dui ut ornare lectus sit amet est.
334	18	34	340	1	Purus viverra accumsan in nisl nisi scelerisque.
335	371	175	361	2	Metus aliquam eleifend mi in nulla posuere sollicitudin.
336	18	279	291	4	Posuere lorem ipsum dolor sit amet consectetur adipiscing elit.
337	9	158	193	4	Enim lobortis scelerisque fermentum dui faucibus in ornare quam.
338	106	379	382	1	Eu non diam phasellus vestibulum lorem sed risus.
339	216	24	165	4	Ultricies mi eget mauris pharetra et ultrices neque ornare aenean.
340	89	281	167	3	Nulla porttitor massa id neque.
341	133	257	187	4	Consequat nisl vel pretium lectus quam id.
342	389	53	108	1	Venenatis cras sed felis eget velit aliquet sagittis id.
343	110	124	46	1	Adipiscing elit ut aliquam purus sit.
344	140	229	287	4	Blandit aliquam etiam erat velit.
345	345	322	262	4	Morbi tempus iaculis urna id volutpat lacus laoreet non curabitur.
346	195	254	334	3	Integer eget aliquet nibh praesent tristique magna sit amet.
347	97	109	155	2	Sed pulvinar proin gravida hendrerit.
348	184	331	264	1	Amet cursus sit amet dictum sit amet justo donec.
349	359	245	240	1	Ipsum faucibus vitae aliquet nec ullamcorper.
350	309	11	312	3	Fusce ut placerat orci nulla.
351	106	95	356	4	Sagittis aliquam malesuada bibendum arcu vitae elementum.
352	147	116	65	3	Turpis cursus in hac habitasse platea dictumst quisque.
353	117	155	133	3	Ipsum suspendisse ultrices gravida dictum fusce ut.
354	32	166	127	4	Egestas diam in arcu cursus euismod.
355	275	39	169	2	Mauris nunc congue nisi vitae suscipit tellus.
356	367	162	131	4	Velit egestas dui id ornare arcu odio ut sem nulla.
357	26	120	387	2	Id venenatis a condimentum vitae.
358	161	395	120	3	Donec massa sapien faucibus et molestie ac feugiat sed.
359	304	127	283	3	Ullamcorper velit sed ullamcorper morbi tincidunt.
360	178	167	274	4	Netus et malesuada fames ac turpis egestas maecenas pharetra convallis.
361	108	260	258	1	Massa placerat duis ultricies lacus sed turpis tincidunt id.
362	240	6	129	4	Egestas egestas fringilla phasellus faucibus.
363	290	386	201	2	Pellentesque pulvinar pellentesque habitant morbi tristique senectus et netus et.
364	191	345	170	4	Id volutpat lacus laoreet non curabitur gravida arcu ac tortor.
365	177	34	313	3	Integer malesuada nunc vel risus commodo.
366	294	161	161	3	Blandit massa enim nec dui.
367	100	89	5	4	Lobortis feugiat vivamus at augue eget.
368	239	214	194	2	Maecenas sed enim ut sem viverra aliquet eget.
369	190	6	52	3	At varius vel pharetra vel.
370	254	212	274	2	Enim sed faucibus turpis in eu mi bibendum.
371	58	254	78	1	At augue eget arcu dictum varius duis at consectetur.
372	4	23	371	3	Sed vulputate mi sit amet mauris.
373	165	24	189	3	Arcu non sodales neque sodales ut etiam sit.
374	62	60	335	3	Facilisis leo vel fringilla est ullamcorper eget.
375	112	42	311	4	Scelerisque fermentum dui faucibus in ornare quam viverra orci.
376	203	31	228	2	Mi in nulla posuere sollicitudin aliquam ultrices sagittis orci a.
377	5	88	169	3	In cursus turpis massa tincidunt dui ut.
378	346	136	282	4	Tortor dignissim convallis aenean et tortor.
379	316	341	228	1	A scelerisque purus semper eget duis at.
380	18	388	43	4	Tortor at auctor urna nunc id cursus metus aliquam.
381	331	241	18	3	Nullam ac tortor vitae purus faucibus ornare.
382	9	272	211	3	Urna cursus eget nunc scelerisque viverra mauris in aliquam.
383	340	77	144	4	Id volutpat lacus laoreet non curabitur gravida arcu ac tortor.
384	145	212	10	1	Massa ultricies mi quis hendrerit dolor.
385	345	157	263	3	In iaculis nunc sed augue lacus viverra.
386	358	254	178	3	Sagittis nisl rhoncus mattis rhoncus urna neque viverra justo.
387	68	377	187	4	Enim ut sem viverra aliquet eget sit amet tellus.
388	135	320	5	4	Tellus integer feugiat scelerisque varius morbi.
389	345	325	96	2	Orci ac auctor augue mauris augue neque gravida in fermentum.
390	390	221	257	3	Ornare arcu dui vivamus arcu felis.
391	6	92	81	4	Praesent tristique magna sit amet purus gravida quis blandit.
392	140	269	285	4	Vel elit scelerisque mauris pellentesque.
393	319	318	336	4	Neque viverra justo nec ultrices dui sapien eget mi.
394	230	215	303	4	Posuere urna nec tincidunt praesent semper feugiat.
395	340	139	78	4	Adipiscing vitae proin sagittis nisl rhoncus mattis rhoncus urna.
396	41	361	303	3	Faucibus ornare suspendisse sed nisi lacus sed viverra tellus.
397	291	90	327	1	Vestibulum mattis ullamcorper velit sed ullamcorper morbi.
398	354	363	130	2	Orci a scelerisque purus semper eget duis at tellus.
399	276	329	102	4	At varius vel pharetra vel.
400	173	350	343	1	Vel risus commodo viverra maecenas accumsan lacus.
401	30	235	155	4	Lorem ipsum dolor sit amet consectetur adipiscing elit.
402	245	397	144	1	Varius quam quisque id diam vel quam elementum pulvinar.
403	60	5	161	1	Amet volutpat consequat mauris nunc congue nisi vitae.
404	197	38	415	1	Amet venenatis urna cursus eget.
405	93	496	330	4	Enim ut sem viverra aliquet eget sit amet tellus.
406	329	325	296	4	Ac felis donec et odio pellentesque diam volutpat commodo.
407	404	178	377	1	Vestibulum mattis ullamcorper velit sed ullamcorper morbi.
408	56	75	67	2	Eleifend quam adipiscing vitae proin sagittis nisl rhoncus mattis.
409	318	201	30	1	Nam aliquam sem et tortor consequat id porta nibh.
410	302	28	78	2	Aliquam nulla facilisi cras fermentum odio eu feugiat.
411	386	435	149	4	Tellus integer feugiat scelerisque varius morbi enim nunc faucibus a.
412	437	55	24	3	Elementum integer enim neque volutpat ac tincidunt vitae.
413	219	12	245	2	Enim nec dui nunc mattis enim ut tellus.
414	447	377	29	2	Tortor id aliquet lectus proin nibh nisl condimentum id venenatis.
415	462	10	142	1	Faucibus purus in massa tempor nec feugiat nisl pretium fusce.
416	38	452	322	1	At varius vel pharetra vel turpis nunc eget lorem dolor.
417	328	459	268	1	Nibh venenatis cras sed felis eget.
418	60	86	103	3	Morbi non arcu risus quis varius quam quisque id diam.
419	289	263	25	3	Eu turpis egestas pretium aenean pharetra magna ac placerat vestibulum.
420	187	389	384	2	Nulla pellentesque dignissim enim sit amet.
421	101	342	225	2	Arcu cursus euismod quis viverra nibh cras pulvinar.
422	447	389	493	4	Egestas pretium aenean pharetra magna ac placerat vestibulum lectus mauris.
423	225	478	98	1	Posuere urna nec tincidunt praesent.
424	276	255	116	2	Lectus sit amet est placerat in egestas erat.
425	29	428	259	4	Scelerisque fermentum dui faucibus in ornare quam viverra orci.
426	238	365	63	2	Massa ultricies mi quis hendrerit dolor.
427	91	401	453	1	Cras adipiscing enim eu turpis egestas pretium aenean pharetra.
428	99	96	407	4	Id aliquet lectus proin nibh nisl condimentum id venenatis.
429	234	302	298	2	Egestas fringilla phasellus faucibus scelerisque eleifend donec pretium.
430	114	274	205	1	Fermentum odio eu feugiat pretium nibh ipsum consequat.
431	82	327	408	3	Semper risus in hendrerit gravida.
432	297	127	494	4	Quisque egestas diam in arcu cursus euismod quis viverra.
433	333	163	201	3	Magna fermentum iaculis eu non diam.
434	307	159	476	2	Mollis aliquam ut porttitor leo.
435	60	137	178	2	Egestas erat imperdiet sed euismod nisi porta lorem mollis aliquam.
436	430	437	439	1	Duis ut diam quam nulla porttitor massa id.
437	363	434	192	1	Sollicitudin nibh sit amet commodo nulla facilisi nullam.
438	14	149	363	1	Varius morbi enim nunc faucibus.
439	183	136	466	2	Vulputate enim nulla aliquet porttitor lacus luctus accumsan tortor.
440	291	177	487	4	Erat nam at lectus urna duis convallis.
441	199	102	152	1	Varius morbi enim nunc faucibus.
442	118	470	272	2	Nibh venenatis cras sed felis eget.
443	435	71	432	3	Egestas purus viverra accumsan in nisl nisi scelerisque eu ultrices.
444	179	110	63	2	Ultricies mi quis hendrerit dolor magna eget est lorem ipsum.
445	271	500	228	1	A condimentum vitae sapien pellentesque habitant morbi tristique senectus.
446	394	105	364	3	Eros in cursus turpis massa tincidunt dui ut.
447	74	470	197	2	Id consectetur purus ut faucibus pulvinar.
448	271	324	167	3	Nibh tellus molestie nunc non.
449	66	453	367	1	In ante metus dictum at tempor.
450	51	370	159	1	Nibh tellus molestie nunc non blandit massa enim.
451	35	73	272	3	Pellentesque eu tincidunt tortor aliquam nulla.
452	3	349	311	2	Iaculis nunc sed augue lacus viverra vitae congue eu.
453	244	278	404	1	Ultricies leo integer malesuada nunc vel risus commodo viverra.
454	450	6	305	2	Bibendum neque egestas congue quisque.
455	453	116	156	1	Vel turpis nunc eget lorem dolor sed viverra ipsum nunc.
456	88	89	385	2	At risus viverra adipiscing at in tellus integer feugiat scelerisque.
457	296	129	417	1	Neque ornare aenean euismod elementum nisi quis eleifend quam.
458	458	207	46	4	Dignissim sodales ut eu sem integer.
459	274	239	134	3	Tristique et egestas quis ipsum suspendisse.
460	310	171	108	1	Quis risus sed vulputate odio ut enim.
461	425	252	144	1	Feugiat scelerisque varius morbi enim nunc faucibus.
462	417	343	391	1	Eu consequat ac felis donec et odio pellentesque diam.
463	107	328	433	4	Amet cursus sit amet dictum sit amet justo donec.
464	141	358	246	3	Consectetur adipiscing elit ut aliquam purus sit amet luctus venenatis.
465	274	327	449	1	Et sollicitudin ac orci phasellus egestas tellus rutrum tellus.
466	81	323	161	2	Euismod quis viverra nibh cras pulvinar mattis nunc sed blandit.
467	133	119	225	2	Ullamcorper eget nulla facilisi etiam dignissim diam.
468	78	70	225	3	Cras fermentum odio eu feugiat pretium.
469	66	100	393	3	Erat nam at lectus urna duis convallis convallis.
470	294	12	496	1	Blandit turpis cursus in hac habitasse.
471	71	408	187	1	Ullamcorper eget nulla facilisi etiam dignissim diam.
472	145	272	364	3	At urna condimentum mattis pellentesque id nibh tortor.
473	375	392	296	4	Nulla pharetra diam sit amet nisl suscipit adipiscing.
474	31	343	320	2	Porttitor massa id neque aliquam vestibulum morbi blandit cursus.
475	309	331	432	2	Odio tempor orci dapibus ultrices.
476	468	97	341	1	Lectus nulla at volutpat diam ut venenatis tellus in metus.
477	481	234	450	1	Ac orci phasellus egestas tellus rutrum tellus pellentesque eu tincidunt.
478	459	243	424	1	Curabitur vitae nunc sed velit dignissim.
479	362	96	206	4	Posuere sollicitudin aliquam ultrices sagittis orci a.
480	317	27	410	2	Libero nunc consequat interdum varius sit amet mattis vulputate.
481	185	417	117	3	Aliquam eleifend mi in nulla posuere sollicitudin.
482	299	76	285	4	Pharetra convallis posuere morbi leo urna molestie at elementum eu.
483	120	40	273	2	Elementum nibh tellus molestie nunc non blandit massa enim nec.
484	5	183	366	1	Velit sed ullamcorper morbi tincidunt ornare massa eget.
485	308	154	69	1	Amet nisl purus in mollis nunc sed.
486	58	131	174	2	Non blandit massa enim nec.
487	494	175	425	4	Sed vulputate odio ut enim blandit volutpat maecenas volutpat.
488	483	146	114	4	Magnis dis parturient montes nascetur ridiculus mus mauris.
489	335	172	1	2	Quisque sagittis purus sit amet volutpat consequat mauris nunc.
490	32	351	92	4	Massa placerat duis ultricies lacus sed turpis tincidunt id.
491	18	367	198	2	Metus aliquam eleifend mi in nulla posuere.
492	102	478	30	1	Facilisis magna etiam tempor orci.
493	188	28	84	3	Dolor sit amet consectetur adipiscing elit pellentesque.
494	370	32	291	3	Tristique sollicitudin nibh sit amet commodo nulla facilisi.
495	153	214	175	3	Ullamcorper eget nulla facilisi etiam dignissim diam.
496	483	41	136	1	In vitae turpis massa sed elementum.
497	205	439	160	4	Tristique et egestas quis ipsum suspendisse ultrices gravida dictum fusce.
498	303	361	234	3	Imperdiet sed euismod nisi porta lorem mollis aliquam ut.
499	360	212	149	1	Pellentesque adipiscing commodo elit at imperdiet dui accumsan.
500	492	405	437	2	Et netus et malesuada fames ac turpis.
501	194	461	596	3	Vel eros donec ac odio tempor orci dapibus.
502	248	561	459	2	Ultrices sagittis orci a scelerisque purus semper.
503	302	479	266	4	Sit amet porttitor eget dolor morbi non arcu risus quis.
504	579	214	559	1	Donec adipiscing tristique risus nec.
505	331	234	457	3	Neque convallis a cras semper auctor neque.
506	477	346	277	1	Vitae semper quis lectus nulla at.
507	1	123	520	3	Nulla porttitor massa id neque.
508	227	52	164	2	Sapien nec sagittis aliquam malesuada.
509	382	445	219	3	Vel risus commodo viverra maecenas accumsan lacus.
510	468	201	288	1	Amet venenatis urna cursus eget.
511	189	278	312	1	Interdum velit euismod in pellentesque massa placerat duis ultricies lacus.
512	488	599	5	4	Pulvinar pellentesque habitant morbi tristique.
513	569	449	320	2	Bibendum arcu vitae elementum curabitur vitae nunc sed velit dignissim.
514	104	78	445	1	Vel facilisis volutpat est velit egestas.
515	300	449	355	1	Mi sit amet mauris commodo quis imperdiet.
516	581	476	141	2	Pellentesque elit ullamcorper dignissim cras tincidunt.
517	151	363	317	3	Feugiat pretium nibh ipsum consequat nisl vel pretium.
518	110	338	46	2	Enim sit amet venenatis urna cursus.
519	224	452	72	3	Diam vel quam elementum pulvinar etiam non.
520	559	414	538	1	Venenatis a condimentum vitae sapien pellentesque habitant.
521	221	522	97	2	Id consectetur purus ut faucibus pulvinar.
522	51	237	197	2	Facilisis volutpat est velit egestas dui id ornare arcu.
523	60	501	12	2	Ipsum suspendisse ultrices gravida dictum fusce ut.
524	145	258	527	3	Mauris nunc congue nisi vitae suscipit tellus.
525	554	301	282	3	Nisi scelerisque eu ultrices vitae auctor eu.
526	27	173	169	4	Sed lectus vestibulum mattis ullamcorper velit sed ullamcorper morbi.
527	25	136	61	2	A diam sollicitudin tempor id eu nisl nunc.
528	134	70	311	2	Tristique et egestas quis ipsum suspendisse ultrices.
529	180	128	234	2	Tristique et egestas quis ipsum suspendisse ultrices.
530	384	334	236	3	Sagittis nisl rhoncus mattis rhoncus urna neque viverra justo.
531	200	521	81	2	Lacinia at quis risus sed vulputate.
532	597	124	218	3	Cras pulvinar mattis nunc sed blandit libero volutpat sed.
533	372	136	237	3	Egestas dui id ornare arcu.
534	364	63	284	1	Volutpat odio facilisis mauris sit.
535	205	124	387	2	Placerat orci nulla pellentesque dignissim enim sit.
536	525	594	334	3	Pellentesque elit eget gravida cum sociis natoque penatibus et magnis.
537	256	200	497	2	Erat nam at lectus urna duis convallis.
538	10	333	592	1	Pellentesque diam volutpat commodo sed egestas egestas fringilla.
539	401	516	177	2	Aliquam etiam erat velit scelerisque in dictum.
540	278	274	55	4	Nulla pellentesque dignissim enim sit amet.
541	162	121	259	2	Nibh nisl condimentum id venenatis a condimentum vitae sapien pellentesque.
542	76	218	306	4	Erat velit scelerisque in dictum non.
543	78	453	411	1	Id velit ut tortor pretium viverra suspendisse.
544	590	238	468	3	Enim nec dui nunc mattis enim ut.
545	409	21	576	1	Pellentesque elit eget gravida cum sociis natoque penatibus et magnis.
546	388	106	367	3	Neque ornare aenean euismod elementum nisi quis eleifend quam.
547	6	149	413	2	Magna fermentum iaculis eu non diam.
548	203	269	9	1	Ac felis donec et odio pellentesque.
549	97	485	259	4	Eget mi proin sed libero enim sed.
550	387	268	399	2	Pharetra convallis posuere morbi leo urna molestie at elementum eu.
551	395	281	178	4	Ut ornare lectus sit amet est.
552	224	36	151	2	Ac feugiat sed lectus vestibulum mattis.
553	114	506	329	3	Quisque sagittis purus sit amet volutpat consequat mauris nunc.
554	152	171	44	4	Tempor id eu nisl nunc mi ipsum.
555	291	578	144	2	Semper risus in hendrerit gravida.
556	45	583	77	2	Rhoncus est pellentesque elit ullamcorper dignissim cras tincidunt.
557	136	301	71	2	Gravida cum sociis natoque penatibus et magnis dis parturient.
558	141	369	182	4	Lacus vel facilisis volutpat est velit.
559	371	146	333	3	Arcu bibendum at varius vel pharetra vel.
560	541	201	34	4	Vitae tempus quam pellentesque nec nam aliquam sem et tortor.
561	179	305	106	3	Ultrices dui sapien eget mi proin sed libero.
562	581	264	371	2	Lectus sit amet est placerat in egestas erat.
563	420	331	144	1	Semper eget duis at tellus at urna condimentum.
564	27	577	509	3	Rhoncus aenean vel elit scelerisque mauris pellentesque pulvinar pellentesque.
565	35	77	292	1	Ipsum nunc aliquet bibendum enim facilisis gravida.
566	399	66	376	2	Fringilla urna porttitor rhoncus dolor purus non enim praesent elementum.
567	16	279	152	3	Fusce ut placerat orci nulla pellentesque dignissim enim.
568	257	163	347	3	Cras pulvinar mattis nunc sed blandit libero volutpat sed cras.
569	1	404	12	4	Facilisi cras fermentum odio eu feugiat pretium nibh ipsum consequat.
570	124	599	81	4	Viverra adipiscing at in tellus integer feugiat scelerisque.
571	315	396	273	2	Lacus laoreet non curabitur gravida arcu.
572	385	542	472	2	Varius morbi enim nunc faucibus.
573	449	488	328	1	Massa ultricies mi quis hendrerit dolor.
574	366	280	457	2	Mauris ultrices eros in cursus turpis massa tincidunt.
575	378	405	572	4	Sagittis purus sit amet volutpat consequat mauris nunc.
576	465	370	345	4	Aenean et tortor at risus viverra adipiscing at in.
577	548	592	389	1	Elementum tempus egestas sed sed.
578	283	512	91	4	Vestibulum morbi blandit cursus risus.
579	597	329	121	2	Sagittis vitae et leo duis ut diam quam nulla porttitor.
580	567	73	295	1	Leo in vitae turpis massa sed elementum tempus egestas.
581	279	235	351	3	Pellentesque adipiscing commodo elit at imperdiet dui accumsan.
582	218	528	430	3	Tincidunt id aliquet risus feugiat in ante.
583	186	410	325	2	Viverra vitae congue eu consequat ac.
584	193	264	166	1	Ac tortor dignissim convallis aenean et tortor.
585	62	479	293	1	Enim facilisis gravida neque convallis.
586	506	420	20	4	Adipiscing diam donec adipiscing tristique risus nec feugiat in.
587	307	399	380	2	Tellus molestie nunc non blandit massa enim nec dui nunc.
588	442	41	341	4	Amet volutpat consequat mauris nunc congue.
589	139	286	238	1	Eu turpis egestas pretium aenean pharetra magna ac placerat vestibulum.
590	74	313	242	2	Sollicitudin nibh sit amet commodo nulla facilisi nullam.
591	383	439	31	2	Consequat id porta nibh venenatis cras sed felis eget velit.
592	340	283	534	3	Lorem ipsum dolor sit amet consectetur adipiscing elit.
593	104	530	29	1	Ac ut consequat semper viverra nam.
594	136	209	386	1	Sed id semper risus in hendrerit gravida rutrum quisque.
595	148	378	464	1	Quam lacus suspendisse faucibus interdum posuere lorem.
596	233	344	127	1	Nibh tellus molestie nunc non blandit massa enim.
597	96	596	313	2	At consectetur lorem donec massa sapien faucibus.
598	549	331	180	1	Porta non pulvinar neque laoreet suspendisse interdum consectetur libero id.
599	317	463	325	4	Arcu dui vivamus arcu felis.
600	526	514	29	4	Laoreet non curabitur gravida arcu ac tortor dignissim.
601	47	628	293	4	Scelerisque viverra mauris in aliquam sem fringilla ut.
602	587	539	347	4	Tincidunt dui ut ornare lectus sit amet est placerat in.
603	170	8	628	2	At urna condimentum mattis pellentesque id nibh tortor.
604	138	682	418	1	Hendrerit gravida rutrum quisque non tellus.
605	118	6	288	2	Volutpat ac tincidunt vitae semper quis lectus nulla at.
606	632	599	330	4	Turpis cursus in hac habitasse platea dictumst quisque.
607	552	369	601	4	Velit ut tortor pretium viverra suspendisse potenti nullam ac.
608	11	582	382	2	Id consectetur purus ut faucibus pulvinar.
609	667	446	169	2	Accumsan tortor posuere ac ut consequat.
610	575	303	223	4	Egestas dui id ornare arcu odio.
611	484	326	542	3	A lacus vestibulum sed arcu non.
612	681	279	651	1	Nulla aliquet enim tortor at auctor.
613	128	693	31	4	Tortor dignissim convallis aenean et tortor.
614	556	452	448	3	Quisque id diam vel quam elementum.
615	62	35	690	1	Pulvinar pellentesque habitant morbi tristique.
616	633	206	231	4	Cursus sit amet dictum sit amet justo donec.
617	563	578	568	2	Nunc sed blandit libero volutpat sed.
618	518	694	288	2	Fusce id velit ut tortor pretium viverra.
619	204	230	406	2	Varius morbi enim nunc faucibus.
620	666	518	219	3	Nisi lacus sed viverra tellus in hac.
621	261	385	263	2	Faucibus pulvinar elementum integer enim neque.
622	58	424	55	2	Turpis massa tincidunt dui ut ornare lectus sit amet est.
623	265	75	428	4	Eu lobortis elementum nibh tellus molestie nunc.
624	91	582	638	3	Nam aliquam sem et tortor consequat id porta nibh.
625	605	318	601	4	Ac orci phasellus egestas tellus rutrum tellus pellentesque eu tincidunt.
626	292	55	568	2	Dis parturient montes nascetur ridiculus mus.
627	417	583	460	1	Molestie ac feugiat sed lectus vestibulum mattis ullamcorper velit.
628	491	667	26	2	Ac feugiat sed lectus vestibulum mattis.
629	197	102	306	2	Magna fermentum iaculis eu non diam.
630	660	311	521	4	Senectus et netus et malesuada fames ac turpis egestas integer.
631	156	92	130	1	Adipiscing at in tellus integer feugiat scelerisque varius morbi enim.
632	91	194	623	1	Varius quam quisque id diam vel quam elementum pulvinar.
633	118	319	219	4	Pellentesque dignissim enim sit amet.
634	247	226	228	1	Eget gravida cum sociis natoque penatibus et magnis dis parturient.
635	379	678	215	2	Parturient montes nascetur ridiculus mus mauris vitae ultricies leo.
636	403	156	655	2	Turpis cursus in hac habitasse platea dictumst quisque.
637	103	480	86	4	Egestas dui id ornare arcu.
638	331	243	154	1	Diam maecenas ultricies mi eget mauris pharetra.
639	414	253	290	3	Ultricies mi eget mauris pharetra et ultrices neque ornare aenean.
640	399	372	614	1	Viverra vitae congue eu consequat ac.
641	85	332	303	2	Fringilla urna porttitor rhoncus dolor purus non enim praesent elementum.
642	164	259	176	1	Fermentum leo vel orci porta.
643	565	128	434	4	Integer enim neque volutpat ac tincidunt.
644	414	183	208	4	Posuere lorem ipsum dolor sit amet consectetur adipiscing elit.
645	451	478	85	3	Scelerisque viverra mauris in aliquam.
646	29	285	251	1	Eget mi proin sed libero enim sed faucibus.
647	522	102	373	3	At ultrices mi tempus imperdiet nulla malesuada pellentesque elit.
648	671	159	444	3	Quisque sagittis purus sit amet volutpat consequat mauris nunc.
649	643	398	562	3	Magnis dis parturient montes nascetur ridiculus mus mauris.
650	49	225	245	1	Adipiscing vitae proin sagittis nisl rhoncus mattis rhoncus urna.
651	452	391	179	3	Velit sed ullamcorper morbi tincidunt ornare massa eget.
652	169	270	616	2	Non blandit massa enim nec dui.
653	662	619	64	3	Volutpat blandit aliquam etiam erat velit scelerisque.
654	22	386	670	4	Aliquet nibh praesent tristique magna sit.
655	44	388	384	3	Ultricies tristique nulla aliquet enim tortor at auctor urna nunc.
656	335	574	107	1	Rhoncus aenean vel elit scelerisque mauris pellentesque pulvinar pellentesque.
657	216	6	458	2	In ornare quam viverra orci sagittis.
658	653	534	266	2	In vitae turpis massa sed elementum.
659	362	108	549	2	Diam ut venenatis tellus in metus vulputate eu.
660	339	619	406	1	Fames ac turpis egestas maecenas pharetra.
661	165	204	543	1	Ac turpis egestas sed tempus urna et pharetra pharetra massa.
662	442	328	625	4	Risus at ultrices mi tempus imperdiet nulla.
663	360	375	373	4	Elit eget gravida cum sociis natoque penatibus et magnis.
664	624	691	196	2	Feugiat pretium nibh ipsum consequat nisl vel pretium.
665	42	532	314	3	Diam maecenas sed enim ut sem viverra.
666	222	168	360	3	Pellentesque massa placerat duis ultricies lacus sed.
667	43	130	438	3	Amet dictum sit amet justo donec.
668	337	658	180	3	Aliquam id diam maecenas ultricies mi eget.
669	632	649	272	3	Diam vel quam elementum pulvinar etiam non quam lacus suspendisse.
670	335	75	429	1	Tincidunt nunc pulvinar sapien et ligula ullamcorper malesuada.
671	573	6	157	4	Pulvinar pellentesque habitant morbi tristique.
672	156	563	558	1	Id faucibus nisl tincidunt eget nullam non nisi.
673	332	305	176	1	Pellentesque dignissim enim sit amet.
674	49	300	431	3	Convallis convallis tellus id interdum.
675	429	567	304	3	Blandit turpis cursus in hac habitasse.
676	607	312	500	4	Porttitor eget dolor morbi non arcu risus quis varius quam.
677	132	216	75	3	Cras pulvinar mattis nunc sed blandit libero volutpat sed cras.
678	279	290	515	1	Amet volutpat consequat mauris nunc congue nisi vitae suscipit tellus.
679	543	592	669	3	Imperdiet proin fermentum leo vel orci porta.
680	139	371	602	2	Amet est placerat in egestas erat imperdiet.
681	649	513	250	3	Vitae semper quis lectus nulla at.
682	173	473	575	4	Dolor sed viverra ipsum nunc.
683	10	442	63	2	Cras pulvinar mattis nunc sed blandit libero volutpat sed cras.
684	138	269	257	1	Vel pharetra vel turpis nunc.
685	640	307	156	3	At ultrices mi tempus imperdiet nulla malesuada pellentesque elit.
686	85	569	427	1	Neque convallis a cras semper auctor neque.
687	514	525	554	2	Integer eget aliquet nibh praesent tristique magna sit amet.
688	510	189	587	4	Ipsum faucibus vitae aliquet nec ullamcorper sit amet risus nullam.
689	623	230	630	4	Donec adipiscing tristique risus nec.
690	518	642	42	2	Turpis in eu mi bibendum.
691	431	61	16	3	Mattis pellentesque id nibh tortor.
692	269	442	72	4	Quis blandit turpis cursus in hac habitasse platea dictumst quisque.
693	149	621	19	2	Sit amet venenatis urna cursus eget nunc scelerisque.
694	571	540	640	4	Sollicitudin nibh sit amet commodo nulla facilisi nullam.
695	546	175	565	3	Lacus vestibulum sed arcu non odio euismod lacinia.
696	612	410	653	4	Nec feugiat nisl pretium fusce.
697	603	28	164	4	Tortor aliquam nulla facilisi cras fermentum.
698	492	438	655	2	Ipsum dolor sit amet consectetur adipiscing elit ut aliquam purus.
699	484	312	646	2	At consectetur lorem donec massa sapien faucibus.
700	632	54	255	1	Nec dui nunc mattis enim.
701	462	80	68	1	Tortor id aliquet lectus proin nibh nisl condimentum id venenatis.
702	730	162	203	3	In cursus turpis massa tincidunt.
703	42	64	748	4	Ullamcorper eget nulla facilisi etiam dignissim diam.
704	407	65	190	2	Ipsum dolor sit amet consectetur adipiscing elit duis tristique sollicitudin.
705	660	266	334	2	Ipsum dolor sit amet consectetur adipiscing elit duis tristique.
706	188	252	776	4	Nascetur ridiculus mus mauris vitae ultricies leo integer.
707	648	320	772	3	Pellentesque elit eget gravida cum sociis natoque penatibus et magnis.
708	32	800	775	3	Viverra maecenas accumsan lacus vel facilisis volutpat est velit.
709	503	471	44	1	Id venenatis a condimentum vitae sapien pellentesque habitant.
710	338	748	495	3	Aliquet sagittis id consectetur purus ut faucibus pulvinar.
711	132	539	408	3	Ullamcorper eget nulla facilisi etiam dignissim diam.
712	81	126	689	2	Fermentum posuere urna nec tincidunt.
713	473	495	148	1	Scelerisque in dictum non consectetur a erat nam.
714	263	748	668	1	Adipiscing diam donec adipiscing tristique risus nec feugiat.
715	594	304	394	2	Massa enim nec dui nunc mattis enim.
716	587	192	580	4	Auctor neque vitae tempus quam pellentesque nec nam aliquam sem.
717	323	430	135	3	Cum sociis natoque penatibus et.
718	593	758	673	2	Consequat nisl vel pretium lectus quam id.
719	44	305	478	3	Odio eu feugiat pretium nibh ipsum.
720	531	616	664	4	Porttitor massa id neque aliquam vestibulum morbi blandit cursus.
721	309	342	280	3	Nisl rhoncus mattis rhoncus urna neque viverra justo nec.
722	81	76	44	3	Posuere sollicitudin aliquam ultrices sagittis orci a.
723	259	684	770	3	Egestas dui id ornare arcu.
724	454	271	155	4	A iaculis at erat pellentesque adipiscing commodo elit at imperdiet.
725	478	679	423	3	Mauris vitae ultricies leo integer malesuada nunc vel.
726	549	430	12	1	Mattis ullamcorper velit sed ullamcorper morbi tincidunt ornare massa eget.
727	305	319	82	3	Nisl rhoncus mattis rhoncus urna neque viverra justo nec.
728	355	733	71	2	Purus semper eget duis at tellus at.
729	563	660	621	3	Eu turpis egestas pretium aenean pharetra magna ac placerat vestibulum.
730	570	220	211	1	Aliquet risus feugiat in ante.
731	316	712	148	4	Semper auctor neque vitae tempus.
732	264	541	560	3	Tincidunt nunc pulvinar sapien et ligula ullamcorper malesuada.
733	571	58	253	2	Nunc id cursus metus aliquam eleifend mi.
734	417	451	362	1	Non tellus orci ac auctor.
735	377	248	419	3	Cras adipiscing enim eu turpis egestas pretium aenean pharetra.
736	347	561	758	4	Porttitor lacus luctus accumsan tortor posuere ac ut.
737	4	114	163	2	Lobortis mattis aliquam faucibus purus.
738	605	593	194	1	Posuere morbi leo urna molestie at elementum eu.
739	329	607	411	3	Quam lacus suspendisse faucibus interdum posuere lorem ipsum dolor.
740	257	108	522	4	Cras pulvinar mattis nunc sed blandit libero volutpat sed cras.
741	131	542	79	4	Nisi lacus sed viverra tellus in hac.
742	265	238	496	2	Neque volutpat ac tincidunt vitae semper quis.
743	509	554	279	3	Sodales ut eu sem integer vitae.
744	634	358	509	1	Feugiat vivamus at augue eget arcu dictum varius duis at.
745	231	141	467	4	Viverra nibh cras pulvinar mattis nunc.
746	190	705	680	3	Erat pellentesque adipiscing commodo elit at imperdiet dui accumsan sit.
747	182	399	624	4	In mollis nunc sed id semper risus.
748	799	546	767	1	Diam phasellus vestibulum lorem sed risus ultricies tristique.
749	502	38	154	2	Amet volutpat consequat mauris nunc congue nisi vitae suscipit.
750	435	185	183	3	Aliquam faucibus purus in massa tempor nec feugiat nisl pretium.
751	104	560	276	4	Sed vulputate odio ut enim.
752	631	377	228	1	Quis lectus nulla at volutpat diam ut venenatis.
753	621	659	189	4	Volutpat consequat mauris nunc congue nisi.
754	590	530	420	3	Interdum velit euismod in pellentesque massa placerat duis ultricies lacus.
755	756	282	459	3	Proin nibh nisl condimentum id.
756	73	351	12	3	Blandit aliquam etiam erat velit.
757	738	3	738	4	Hendrerit gravida rutrum quisque non tellus.
758	647	699	627	4	Ridiculus mus mauris vitae ultricies leo integer malesuada.
759	637	733	781	1	Interdum velit euismod in pellentesque massa placerat duis ultricies lacus.
760	50	29	134	2	Eleifend quam adipiscing vitae proin sagittis nisl rhoncus.
761	92	282	307	1	Dolor magna eget est lorem.
762	377	321	519	2	Tellus integer feugiat scelerisque varius morbi.
763	604	574	73	2	Nisi scelerisque eu ultrices vitae auctor eu.
764	757	634	345	2	Diam sit amet nisl suscipit adipiscing.
765	355	690	512	1	Sapien nec sagittis aliquam malesuada.
766	733	323	457	1	Mattis vulputate enim nulla aliquet porttitor lacus luctus.
767	765	223	636	3	Bibendum neque egestas congue quisque.
768	378	331	245	2	Mi in nulla posuere sollicitudin aliquam ultrices.
769	623	414	699	3	Sit amet porttitor eget dolor morbi non arcu risus quis.
770	223	734	736	2	Ultricies mi eget mauris pharetra et ultrices neque ornare aenean.
771	488	309	20	1	Orci ac auctor augue mauris augue neque gravida in fermentum.
772	253	450	50	4	Fusce ut placerat orci nulla.
773	721	744	512	3	Ac feugiat sed lectus vestibulum mattis.
774	277	458	4	1	Metus vulputate eu scelerisque felis imperdiet.
775	268	300	285	4	Fermentum et sollicitudin ac orci.
776	253	194	250	2	Imperdiet proin fermentum leo vel orci porta non pulvinar neque.
777	215	16	718	3	Aliquet nec ullamcorper sit amet risus nullam eget felis eget.
778	417	770	611	1	Porttitor eget dolor morbi non arcu.
779	311	101	607	2	Eu nisl nunc mi ipsum faucibus vitae aliquet nec ullamcorper.
780	351	537	700	3	Tincidunt arcu non sodales neque sodales ut etiam.
781	422	669	774	4	Tempus imperdiet nulla malesuada pellentesque elit eget.
782	105	164	462	2	Varius morbi enim nunc faucibus a pellentesque.
783	536	530	616	1	Eros in cursus turpis massa tincidunt dui ut.
784	131	333	447	4	Convallis aenean et tortor at risus.
785	50	253	200	2	Arcu cursus vitae congue mauris rhoncus aenean vel elit scelerisque.
786	104	667	230	3	Magna fermentum iaculis eu non diam.
787	105	5	270	2	Eleifend donec pretium vulputate sapien nec sagittis aliquam malesuada bibendum.
788	264	585	520	4	Massa tincidunt dui ut ornare lectus sit amet.
789	365	720	693	3	Nibh nisl condimentum id venenatis a condimentum vitae.
790	30	465	632	2	Ut faucibus pulvinar elementum integer enim neque volutpat ac.
791	51	547	484	3	Elementum curabitur vitae nunc sed velit dignissim.
792	488	382	651	2	Aliquam nulla facilisi cras fermentum odio eu feugiat.
793	177	754	67	2	Suspendisse in est ante in nibh mauris cursus mattis molestie.
794	628	160	773	4	Nunc sed id semper risus in.
795	499	93	163	4	Aliquet sagittis id consectetur purus ut faucibus.
796	160	21	540	4	Nulla posuere sollicitudin aliquam ultrices.
797	360	635	78	1	Ac tortor dignissim convallis aenean et tortor at.
798	537	14	232	4	Sem fringilla ut morbi tincidunt.
799	96	760	779	4	Enim nec dui nunc mattis enim ut.
800	673	432	557	3	Ac feugiat sed lectus vestibulum mattis.
\.


--
-- Data for Name: shipment; Type: TABLE DATA; Schema: public; Owner: postgres
--

COPY public.shipment (id, order_id, shipment_method_id, shipped_at, estimated_delivery) FROM stdin;
1	27	64	2025-06-03 09:19:43.122086	2025-06-06
2	75	36	2025-06-02 09:19:43.122086	2025-06-07
3	67	41	2025-06-01 09:19:43.122086	2025-06-08
4	38	67	2025-05-31 09:19:43.122086	2025-06-09
5	63	51	2025-05-30 09:19:43.122086	2025-06-10
6	96	74	2025-05-29 09:19:43.122086	2025-06-11
7	86	2	2025-05-28 09:19:43.122086	2025-06-12
8	90	40	2025-05-27 09:19:43.122086	2025-06-13
9	16	7	2025-05-26 09:19:43.122086	2025-06-14
10	40	55	2025-05-25 09:19:43.122086	2025-06-15
11	40	62	2025-05-24 09:19:43.122086	2025-06-16
12	78	99	2025-05-23 09:19:43.122086	2025-06-17
13	41	58	2025-05-22 09:19:43.122086	2025-06-18
14	40	16	2025-05-21 09:19:43.122086	2025-06-19
15	11	3	2025-05-20 09:19:43.122086	2025-06-20
16	15	28	2025-05-19 09:19:43.122086	2025-06-21
17	42	8	2025-05-18 09:19:43.122086	2025-06-22
18	45	85	2025-05-17 09:19:43.122086	2025-06-23
19	68	3	2025-05-16 09:19:43.122086	2025-06-24
20	54	63	2025-05-15 09:19:43.122086	2025-06-25
21	28	3	2025-05-14 09:19:43.122086	2025-06-26
22	4	80	2025-05-13 09:19:43.122086	2025-06-27
23	56	57	2025-05-12 09:19:43.122086	2025-06-28
24	17	94	2025-05-11 09:19:43.122086	2025-06-29
25	10	54	2025-05-10 09:19:43.122086	2025-06-30
26	22	69	2025-05-09 09:19:43.122086	2025-07-01
27	29	41	2025-05-08 09:19:43.122086	2025-07-02
28	80	69	2025-05-07 09:19:43.122086	2025-07-03
29	56	15	2025-05-06 09:19:43.122086	2025-07-04
30	46	3	2025-05-05 09:19:43.122086	2025-07-05
31	91	90	2025-05-04 09:19:43.122086	2025-07-06
32	74	89	2025-05-03 09:19:43.122086	2025-07-07
33	81	32	2025-05-02 09:19:43.122086	2025-07-08
34	87	9	2025-05-01 09:19:43.122086	2025-07-09
35	56	29	2025-04-30 09:19:43.122086	2025-07-10
36	70	8	2025-04-29 09:19:43.122086	2025-07-11
37	54	88	2025-04-28 09:19:43.122086	2025-07-12
38	93	65	2025-04-27 09:19:43.122086	2025-07-13
39	90	60	2025-04-26 09:19:43.122086	2025-07-14
40	60	53	2025-04-25 09:19:43.122086	2025-07-15
41	80	18	2025-04-24 09:19:43.122086	2025-07-16
42	46	84	2025-04-23 09:19:43.122086	2025-07-17
43	65	91	2025-04-22 09:19:43.122086	2025-07-18
44	80	54	2025-04-21 09:19:43.122086	2025-07-19
45	63	43	2025-04-20 09:19:43.122086	2025-07-20
46	89	15	2025-04-19 09:19:43.122086	2025-07-21
47	63	84	2025-04-18 09:19:43.122086	2025-07-22
48	67	16	2025-04-17 09:19:43.122086	2025-07-23
49	95	8	2025-04-16 09:19:43.122086	2025-07-24
50	29	61	2025-04-15 09:19:43.122086	2025-07-25
51	74	63	2025-04-14 09:19:43.122086	2025-07-26
52	72	17	2025-04-13 09:19:43.122086	2025-07-27
53	98	77	2025-04-12 09:19:43.122086	2025-07-28
54	41	6	2025-04-11 09:19:43.122086	2025-07-29
55	67	41	2025-04-10 09:19:43.122086	2025-07-30
56	85	41	2025-04-09 09:19:43.122086	2025-07-31
57	70	25	2025-04-08 09:19:43.122086	2025-08-01
58	68	75	2025-04-07 09:19:43.122086	2025-08-02
59	81	75	2025-04-06 09:19:43.122086	2025-08-03
60	84	70	2025-04-05 09:19:43.122086	2025-08-04
61	28	6	2025-04-04 09:19:43.122086	2025-08-05
62	18	28	2025-04-03 09:19:43.122086	2025-08-06
63	57	53	2025-04-02 09:19:43.122086	2025-08-07
64	72	70	2025-04-01 09:19:43.122086	2025-08-08
65	76	6	2025-03-31 09:19:43.122086	2025-08-09
66	70	32	2025-03-30 09:19:43.122086	2025-08-10
67	41	24	2025-03-29 09:19:43.122086	2025-08-11
68	27	31	2025-03-28 09:19:43.122086	2025-08-12
69	61	13	2025-03-27 09:19:43.122086	2025-08-13
70	70	56	2025-03-26 09:19:43.122086	2025-08-14
71	62	61	2025-03-25 09:19:43.122086	2025-08-15
72	36	29	2025-03-24 09:19:43.122086	2025-08-16
73	53	75	2025-03-23 09:19:43.122086	2025-08-17
74	57	100	2025-03-22 09:19:43.122086	2025-08-18
75	39	54	2025-03-21 09:19:43.122086	2025-08-19
76	63	20	2025-03-20 09:19:43.122086	2025-08-20
77	18	49	2025-03-19 09:19:43.122086	2025-08-21
78	70	89	2025-03-18 09:19:43.122086	2025-08-22
79	57	38	2025-03-17 09:19:43.122086	2025-08-23
80	51	33	2025-03-16 09:19:43.122086	2025-08-24
81	72	78	2025-03-15 09:19:43.122086	2025-08-25
82	36	4	2025-03-14 09:19:43.122086	2025-08-26
83	19	93	2025-03-13 09:19:43.122086	2025-08-27
84	64	6	2025-03-12 09:19:43.122086	2025-08-28
85	87	88	2025-03-11 09:19:43.122086	2025-08-29
86	12	86	2025-03-10 09:19:43.122086	2025-08-30
87	3	99	2025-03-09 09:19:43.122086	2025-08-31
88	37	18	2025-03-08 09:19:43.122086	2025-09-01
89	50	72	2025-03-07 09:19:43.122086	2025-09-02
90	63	43	2025-03-06 09:19:43.122086	2025-09-03
91	60	81	2025-03-05 09:19:43.122086	2025-09-04
92	18	62	2025-03-04 09:19:43.122086	2025-09-05
93	85	72	2025-03-03 09:19:43.122086	2025-09-06
94	65	6	2025-03-02 09:19:43.122086	2025-09-07
95	95	36	2025-03-01 09:19:43.122086	2025-09-08
96	28	56	2025-02-28 09:19:43.122086	2025-09-09
97	26	7	2025-02-27 09:19:43.122086	2025-09-10
98	99	50	2025-02-26 09:19:43.122086	2025-09-11
99	30	49	2025-02-25 09:19:43.122086	2025-09-12
100	9	28	2025-02-24 09:19:43.122086	2025-09-13
101	62	12	2025-06-03 09:21:44.800018	2025-06-06
102	39	48	2025-06-02 09:21:44.800018	2025-06-07
103	105	13	2025-06-01 09:21:44.800018	2025-06-08
104	160	164	2025-05-31 09:21:44.800018	2025-06-09
105	72	65	2025-05-30 09:21:44.800018	2025-06-10
106	124	192	2025-05-29 09:21:44.800018	2025-06-11
107	63	41	2025-05-28 09:21:44.800018	2025-06-12
108	196	127	2025-05-27 09:21:44.800018	2025-06-13
109	32	42	2025-05-26 09:21:44.800018	2025-06-14
110	158	153	2025-05-25 09:21:44.800018	2025-06-15
111	136	100	2025-05-24 09:21:44.800018	2025-06-16
112	194	94	2025-05-23 09:21:44.800018	2025-06-17
113	12	64	2025-05-22 09:21:44.800018	2025-06-18
114	9	159	2025-05-21 09:21:44.800018	2025-06-19
115	107	104	2025-05-20 09:21:44.800018	2025-06-20
116	145	106	2025-05-19 09:21:44.800018	2025-06-21
117	157	24	2025-05-18 09:21:44.800018	2025-06-22
118	2	192	2025-05-17 09:21:44.800018	2025-06-23
119	153	159	2025-05-16 09:21:44.800018	2025-06-24
120	22	189	2025-05-15 09:21:44.800018	2025-06-25
121	176	44	2025-05-14 09:21:44.800018	2025-06-26
122	190	59	2025-05-13 09:21:44.800018	2025-06-27
123	12	150	2025-05-12 09:21:44.800018	2025-06-28
124	162	191	2025-05-11 09:21:44.800018	2025-06-29
125	56	97	2025-05-10 09:21:44.800018	2025-06-30
126	70	87	2025-05-09 09:21:44.800018	2025-07-01
127	109	177	2025-05-08 09:21:44.800018	2025-07-02
128	134	177	2025-05-07 09:21:44.800018	2025-07-03
129	151	162	2025-05-06 09:21:44.800018	2025-07-04
130	17	154	2025-05-05 09:21:44.800018	2025-07-05
131	10	110	2025-05-04 09:21:44.800018	2025-07-06
132	55	93	2025-05-03 09:21:44.800018	2025-07-07
133	157	63	2025-05-02 09:21:44.800018	2025-07-08
134	150	195	2025-05-01 09:21:44.800018	2025-07-09
135	185	155	2025-04-30 09:21:44.800018	2025-07-10
136	59	173	2025-04-29 09:21:44.800018	2025-07-11
137	51	167	2025-04-28 09:21:44.800018	2025-07-12
138	145	112	2025-04-27 09:21:44.800018	2025-07-13
139	142	101	2025-04-26 09:21:44.800018	2025-07-14
140	77	21	2025-04-25 09:21:44.800018	2025-07-15
141	165	35	2025-04-24 09:21:44.800018	2025-07-16
142	150	50	2025-04-23 09:21:44.800018	2025-07-17
143	131	20	2025-04-22 09:21:44.800018	2025-07-18
144	174	132	2025-04-21 09:21:44.800018	2025-07-19
145	1	184	2025-04-20 09:21:44.800018	2025-07-20
146	97	22	2025-04-19 09:21:44.800018	2025-07-21
147	138	117	2025-04-18 09:21:44.800018	2025-07-22
148	162	136	2025-04-17 09:21:44.800018	2025-07-23
149	49	144	2025-04-16 09:21:44.800018	2025-07-24
150	115	108	2025-04-15 09:21:44.800018	2025-07-25
151	83	19	2025-04-14 09:21:44.800018	2025-07-26
152	72	107	2025-04-13 09:21:44.800018	2025-07-27
153	66	44	2025-04-12 09:21:44.800018	2025-07-28
154	121	176	2025-04-11 09:21:44.800018	2025-07-29
155	54	159	2025-04-10 09:21:44.800018	2025-07-30
156	113	92	2025-04-09 09:21:44.800018	2025-07-31
157	40	67	2025-04-08 09:21:44.800018	2025-08-01
158	61	7	2025-04-07 09:21:44.800018	2025-08-02
159	10	134	2025-04-06 09:21:44.800018	2025-08-03
160	154	135	2025-04-05 09:21:44.800018	2025-08-04
161	91	163	2025-04-04 09:21:44.800018	2025-08-05
162	199	16	2025-04-03 09:21:44.800018	2025-08-06
163	55	15	2025-04-02 09:21:44.800018	2025-08-07
164	113	155	2025-04-01 09:21:44.800018	2025-08-08
165	41	115	2025-03-31 09:21:44.800018	2025-08-09
166	178	88	2025-03-30 09:21:44.800018	2025-08-10
167	25	76	2025-03-29 09:21:44.800018	2025-08-11
168	152	42	2025-03-28 09:21:44.800018	2025-08-12
169	65	94	2025-03-27 09:21:44.800018	2025-08-13
170	172	172	2025-03-26 09:21:44.800018	2025-08-14
171	159	153	2025-03-25 09:21:44.800018	2025-08-15
172	130	96	2025-03-24 09:21:44.800018	2025-08-16
173	43	83	2025-03-23 09:21:44.800018	2025-08-17
174	101	51	2025-03-22 09:21:44.800018	2025-08-18
175	80	140	2025-03-21 09:21:44.800018	2025-08-19
176	108	144	2025-03-20 09:21:44.800018	2025-08-20
177	94	10	2025-03-19 09:21:44.800018	2025-08-21
178	58	171	2025-03-18 09:21:44.800018	2025-08-22
179	75	18	2025-03-17 09:21:44.800018	2025-08-23
180	82	37	2025-03-16 09:21:44.800018	2025-08-24
181	63	53	2025-03-15 09:21:44.800018	2025-08-25
182	16	107	2025-03-14 09:21:44.800018	2025-08-26
183	139	172	2025-03-13 09:21:44.800018	2025-08-27
184	134	88	2025-03-12 09:21:44.800018	2025-08-28
185	139	81	2025-03-11 09:21:44.800018	2025-08-29
186	130	74	2025-03-10 09:21:44.800018	2025-08-30
187	60	59	2025-03-09 09:21:44.800018	2025-08-31
188	9	123	2025-03-08 09:21:44.800018	2025-09-01
189	5	22	2025-03-07 09:21:44.800018	2025-09-02
190	89	81	2025-03-06 09:21:44.800018	2025-09-03
191	128	55	2025-03-05 09:21:44.800018	2025-09-04
192	61	130	2025-03-04 09:21:44.800018	2025-09-05
193	86	153	2025-03-03 09:21:44.800018	2025-09-06
194	188	147	2025-03-02 09:21:44.800018	2025-09-07
195	8	8	2025-03-01 09:21:44.800018	2025-09-08
196	196	87	2025-02-28 09:21:44.800018	2025-09-09
197	50	2	2025-02-27 09:21:44.800018	2025-09-10
198	129	151	2025-02-26 09:21:44.800018	2025-09-11
199	180	149	2025-02-25 09:21:44.800018	2025-09-12
200	184	125	2025-02-24 09:21:44.800018	2025-09-13
201	88	197	2025-06-03 09:27:46.902963	2025-06-06
202	78	50	2025-06-02 09:27:46.902963	2025-06-07
203	101	284	2025-06-01 09:27:46.902963	2025-06-08
204	253	202	2025-05-31 09:27:46.902963	2025-06-09
205	36	209	2025-05-30 09:27:46.902963	2025-06-10
206	106	78	2025-05-29 09:27:46.902963	2025-06-11
207	203	57	2025-05-28 09:27:46.902963	2025-06-12
208	34	18	2025-05-27 09:27:46.902963	2025-06-13
209	126	299	2025-05-26 09:27:46.902963	2025-06-14
210	11	154	2025-05-25 09:27:46.902963	2025-06-15
211	212	229	2025-05-24 09:27:46.902963	2025-06-16
212	172	75	2025-05-23 09:27:46.902963	2025-06-17
213	148	103	2025-05-22 09:27:46.902963	2025-06-18
214	252	167	2025-05-21 09:27:46.902963	2025-06-19
215	284	194	2025-05-20 09:27:46.902963	2025-06-20
216	52	5	2025-05-19 09:27:46.902963	2025-06-21
217	255	24	2025-05-18 09:27:46.902963	2025-06-22
218	65	6	2025-05-17 09:27:46.902963	2025-06-23
219	25	245	2025-05-16 09:27:46.902963	2025-06-24
220	125	73	2025-05-15 09:27:46.902963	2025-06-25
221	201	43	2025-05-14 09:27:46.902963	2025-06-26
222	28	14	2025-05-13 09:27:46.902963	2025-06-27
223	230	238	2025-05-12 09:27:46.902963	2025-06-28
224	245	117	2025-05-11 09:27:46.902963	2025-06-29
225	139	35	2025-05-10 09:27:46.902963	2025-06-30
226	176	169	2025-05-09 09:27:46.902963	2025-07-01
227	142	265	2025-05-08 09:27:46.902963	2025-07-02
228	133	30	2025-05-07 09:27:46.902963	2025-07-03
229	149	53	2025-05-06 09:27:46.902963	2025-07-04
230	300	287	2025-05-05 09:27:46.902963	2025-07-05
231	195	134	2025-05-04 09:27:46.902963	2025-07-06
232	211	236	2025-05-03 09:27:46.902963	2025-07-07
233	183	71	2025-05-02 09:27:46.902963	2025-07-08
234	183	200	2025-05-01 09:27:46.902963	2025-07-09
235	233	50	2025-04-30 09:27:46.902963	2025-07-10
236	121	221	2025-04-29 09:27:46.902963	2025-07-11
237	178	16	2025-04-28 09:27:46.902963	2025-07-12
238	160	208	2025-04-27 09:27:46.902963	2025-07-13
239	179	108	2025-04-26 09:27:46.902963	2025-07-14
240	135	77	2025-04-25 09:27:46.902963	2025-07-15
241	273	12	2025-04-24 09:27:46.902963	2025-07-16
242	292	11	2025-04-23 09:27:46.902963	2025-07-17
243	256	8	2025-04-22 09:27:46.902963	2025-07-18
244	268	159	2025-04-21 09:27:46.902963	2025-07-19
245	208	272	2025-04-20 09:27:46.902963	2025-07-20
246	181	185	2025-04-19 09:27:46.902963	2025-07-21
247	129	80	2025-04-18 09:27:46.902963	2025-07-22
248	34	179	2025-04-17 09:27:46.902963	2025-07-23
249	224	282	2025-04-16 09:27:46.902963	2025-07-24
250	145	77	2025-04-15 09:27:46.902963	2025-07-25
251	191	160	2025-04-14 09:27:46.902963	2025-07-26
252	259	202	2025-04-13 09:27:46.902963	2025-07-27
253	130	99	2025-04-12 09:27:46.902963	2025-07-28
254	58	284	2025-04-11 09:27:46.902963	2025-07-29
255	292	102	2025-04-10 09:27:46.902963	2025-07-30
256	165	194	2025-04-09 09:27:46.902963	2025-07-31
257	247	22	2025-04-08 09:27:46.902963	2025-08-01
258	155	67	2025-04-07 09:27:46.902963	2025-08-02
259	62	291	2025-04-06 09:27:46.902963	2025-08-03
260	281	140	2025-04-05 09:27:46.902963	2025-08-04
261	193	88	2025-04-04 09:27:46.902963	2025-08-05
262	256	152	2025-04-03 09:27:46.902963	2025-08-06
263	225	146	2025-04-02 09:27:46.902963	2025-08-07
264	34	177	2025-04-01 09:27:46.902963	2025-08-08
265	146	159	2025-03-31 09:27:46.902963	2025-08-09
266	68	241	2025-03-30 09:27:46.902963	2025-08-10
267	1	177	2025-03-29 09:27:46.902963	2025-08-11
268	30	30	2025-03-28 09:27:46.902963	2025-08-12
269	27	144	2025-03-27 09:27:46.902963	2025-08-13
270	80	220	2025-03-26 09:27:46.902963	2025-08-14
271	146	236	2025-03-25 09:27:46.902963	2025-08-15
272	247	163	2025-03-24 09:27:46.902963	2025-08-16
273	269	254	2025-03-23 09:27:46.902963	2025-08-17
274	41	296	2025-03-22 09:27:46.902963	2025-08-18
275	191	58	2025-03-21 09:27:46.902963	2025-08-19
276	48	111	2025-03-20 09:27:46.902963	2025-08-20
277	109	214	2025-03-19 09:27:46.902963	2025-08-21
278	189	56	2025-03-18 09:27:46.902963	2025-08-22
279	219	262	2025-03-17 09:27:46.902963	2025-08-23
280	263	76	2025-03-16 09:27:46.902963	2025-08-24
281	200	71	2025-03-15 09:27:46.902963	2025-08-25
282	233	128	2025-03-14 09:27:46.902963	2025-08-26
283	166	90	2025-03-13 09:27:46.902963	2025-08-27
284	133	211	2025-03-12 09:27:46.902963	2025-08-28
285	177	154	2025-03-11 09:27:46.902963	2025-08-29
286	169	157	2025-03-10 09:27:46.902963	2025-08-30
287	70	265	2025-03-09 09:27:46.902963	2025-08-31
288	247	44	2025-03-08 09:27:46.902963	2025-09-01
289	75	222	2025-03-07 09:27:46.902963	2025-09-02
290	191	41	2025-03-06 09:27:46.902963	2025-09-03
291	12	210	2025-03-05 09:27:46.902963	2025-09-04
292	97	16	2025-03-04 09:27:46.902963	2025-09-05
293	160	245	2025-03-03 09:27:46.902963	2025-09-06
294	234	55	2025-03-02 09:27:46.902963	2025-09-07
295	250	256	2025-03-01 09:27:46.902963	2025-09-08
296	46	247	2025-02-28 09:27:46.902963	2025-09-09
297	163	278	2025-02-27 09:27:46.902963	2025-09-10
298	174	209	2025-02-26 09:27:46.902963	2025-09-11
299	28	96	2025-02-25 09:27:46.902963	2025-09-12
300	46	202	2025-02-24 09:27:46.902963	2025-09-13
301	7	55	2025-06-03 09:32:37.397947	2025-06-06
302	116	127	2025-06-02 09:32:37.397947	2025-06-07
303	255	237	2025-06-01 09:32:37.397947	2025-06-08
304	238	356	2025-05-31 09:32:37.397947	2025-06-09
305	238	255	2025-05-30 09:32:37.397947	2025-06-10
306	260	86	2025-05-29 09:32:37.397947	2025-06-11
307	224	278	2025-05-28 09:32:37.397947	2025-06-12
308	386	286	2025-05-27 09:32:37.397947	2025-06-13
309	229	29	2025-05-26 09:32:37.397947	2025-06-14
310	112	15	2025-05-25 09:32:37.397947	2025-06-15
311	80	151	2025-05-24 09:32:37.397947	2025-06-16
312	279	280	2025-05-23 09:32:37.397947	2025-06-17
313	302	18	2025-05-22 09:32:37.397947	2025-06-18
314	380	276	2025-05-21 09:32:37.397947	2025-06-19
315	59	270	2025-05-20 09:32:37.397947	2025-06-20
316	34	149	2025-05-19 09:32:37.397947	2025-06-21
317	81	111	2025-05-18 09:32:37.397947	2025-06-22
318	170	141	2025-05-17 09:32:37.397947	2025-06-23
319	154	33	2025-05-16 09:32:37.397947	2025-06-24
320	182	139	2025-05-15 09:32:37.397947	2025-06-25
321	277	244	2025-05-14 09:32:37.397947	2025-06-26
322	28	226	2025-05-13 09:32:37.397947	2025-06-27
323	64	187	2025-05-12 09:32:37.397947	2025-06-28
324	207	252	2025-05-11 09:32:37.397947	2025-06-29
325	398	386	2025-05-10 09:32:37.397947	2025-06-30
326	218	102	2025-05-09 09:32:37.397947	2025-07-01
327	358	118	2025-05-08 09:32:37.397947	2025-07-02
328	360	311	2025-05-07 09:32:37.397947	2025-07-03
329	292	132	2025-05-06 09:32:37.397947	2025-07-04
330	137	234	2025-05-05 09:32:37.397947	2025-07-05
331	387	215	2025-05-04 09:32:37.397947	2025-07-06
332	18	64	2025-05-03 09:32:37.397947	2025-07-07
333	129	326	2025-05-02 09:32:37.397947	2025-07-08
334	310	190	2025-05-01 09:32:37.397947	2025-07-09
335	245	30	2025-04-30 09:32:37.397947	2025-07-10
336	15	56	2025-04-29 09:32:37.397947	2025-07-11
337	132	354	2025-04-28 09:32:37.397947	2025-07-12
338	328	71	2025-04-27 09:32:37.397947	2025-07-13
339	237	233	2025-04-26 09:32:37.397947	2025-07-14
340	7	327	2025-04-25 09:32:37.397947	2025-07-15
341	234	219	2025-04-24 09:32:37.397947	2025-07-16
342	97	214	2025-04-23 09:32:37.397947	2025-07-17
343	330	295	2025-04-22 09:32:37.397947	2025-07-18
344	273	371	2025-04-21 09:32:37.397947	2025-07-19
345	50	126	2025-04-20 09:32:37.397947	2025-07-20
346	320	154	2025-04-19 09:32:37.397947	2025-07-21
347	246	247	2025-04-18 09:32:37.397947	2025-07-22
348	76	245	2025-04-17 09:32:37.397947	2025-07-23
349	351	7	2025-04-16 09:32:37.397947	2025-07-24
350	282	322	2025-04-15 09:32:37.397947	2025-07-25
351	351	175	2025-04-14 09:32:37.397947	2025-07-26
352	42	45	2025-04-13 09:32:37.397947	2025-07-27
353	388	68	2025-04-12 09:32:37.397947	2025-07-28
354	280	176	2025-04-11 09:32:37.397947	2025-07-29
355	181	365	2025-04-10 09:32:37.397947	2025-07-30
356	218	142	2025-04-09 09:32:37.397947	2025-07-31
357	297	15	2025-04-08 09:32:37.397947	2025-08-01
358	210	324	2025-04-07 09:32:37.397947	2025-08-02
359	305	296	2025-04-06 09:32:37.397947	2025-08-03
360	226	248	2025-04-05 09:32:37.397947	2025-08-04
361	289	271	2025-04-04 09:32:37.397947	2025-08-05
362	373	64	2025-04-03 09:32:37.397947	2025-08-06
363	146	289	2025-04-02 09:32:37.397947	2025-08-07
364	282	82	2025-04-01 09:32:37.397947	2025-08-08
365	269	398	2025-03-31 09:32:37.397947	2025-08-09
366	149	397	2025-03-30 09:32:37.397947	2025-08-10
367	118	211	2025-03-29 09:32:37.397947	2025-08-11
368	232	46	2025-03-28 09:32:37.397947	2025-08-12
369	19	89	2025-03-27 09:32:37.397947	2025-08-13
370	210	70	2025-03-26 09:32:37.397947	2025-08-14
371	206	98	2025-03-25 09:32:37.397947	2025-08-15
372	270	100	2025-03-24 09:32:37.397947	2025-08-16
373	48	198	2025-03-23 09:32:37.397947	2025-08-17
374	122	293	2025-03-22 09:32:37.397947	2025-08-18
375	346	332	2025-03-21 09:32:37.397947	2025-08-19
376	231	170	2025-03-20 09:32:37.397947	2025-08-20
377	305	188	2025-03-19 09:32:37.397947	2025-08-21
378	337	121	2025-03-18 09:32:37.397947	2025-08-22
379	133	245	2025-03-17 09:32:37.397947	2025-08-23
380	237	387	2025-03-16 09:32:37.397947	2025-08-24
381	100	237	2025-03-15 09:32:37.397947	2025-08-25
382	209	17	2025-03-14 09:32:37.397947	2025-08-26
383	104	57	2025-03-13 09:32:37.397947	2025-08-27
384	389	361	2025-03-12 09:32:37.397947	2025-08-28
385	196	50	2025-03-11 09:32:37.397947	2025-08-29
386	153	146	2025-03-10 09:32:37.397947	2025-08-30
387	132	152	2025-03-09 09:32:37.397947	2025-08-31
388	21	96	2025-03-08 09:32:37.397947	2025-09-01
389	393	189	2025-03-07 09:32:37.397947	2025-09-02
390	20	220	2025-03-06 09:32:37.397947	2025-09-03
391	209	333	2025-03-05 09:32:37.397947	2025-09-04
392	41	70	2025-03-04 09:32:37.397947	2025-09-05
393	312	151	2025-03-03 09:32:37.397947	2025-09-06
394	304	207	2025-03-02 09:32:37.397947	2025-09-07
395	172	24	2025-03-01 09:32:37.397947	2025-09-08
396	371	354	2025-02-28 09:32:37.397947	2025-09-09
397	126	173	2025-02-27 09:32:37.397947	2025-09-10
398	101	155	2025-02-26 09:32:37.397947	2025-09-11
399	238	86	2025-02-25 09:32:37.397947	2025-09-12
400	233	84	2025-02-24 09:32:37.397947	2025-09-13
401	448	477	2025-06-03 09:39:51.103067	2025-06-06
402	229	186	2025-06-02 09:39:51.103067	2025-06-07
403	84	384	2025-06-01 09:39:51.103067	2025-06-08
404	233	495	2025-05-31 09:39:51.103067	2025-06-09
405	464	264	2025-05-30 09:39:51.103067	2025-06-10
406	213	423	2025-05-29 09:39:51.103067	2025-06-11
407	58	439	2025-05-28 09:39:51.103067	2025-06-12
408	155	498	2025-05-27 09:39:51.103067	2025-06-13
409	442	63	2025-05-26 09:39:51.103067	2025-06-14
410	29	42	2025-05-25 09:39:51.103067	2025-06-15
411	338	279	2025-05-24 09:39:51.103067	2025-06-16
412	390	108	2025-05-23 09:39:51.103067	2025-06-17
413	169	156	2025-05-22 09:39:51.103067	2025-06-18
414	329	47	2025-05-21 09:39:51.103067	2025-06-19
415	235	351	2025-05-20 09:39:51.103067	2025-06-20
416	313	174	2025-05-19 09:39:51.103067	2025-06-21
417	40	478	2025-05-18 09:39:51.103067	2025-06-22
418	490	347	2025-05-17 09:39:51.103067	2025-06-23
419	445	187	2025-05-16 09:39:51.103067	2025-06-24
420	388	315	2025-05-15 09:39:51.103067	2025-06-25
421	492	365	2025-05-14 09:39:51.103067	2025-06-26
422	379	22	2025-05-13 09:39:51.103067	2025-06-27
423	331	289	2025-05-12 09:39:51.103067	2025-06-28
424	401	412	2025-05-11 09:39:51.103067	2025-06-29
425	42	120	2025-05-10 09:39:51.103067	2025-06-30
426	127	42	2025-05-09 09:39:51.103067	2025-07-01
427	56	483	2025-05-08 09:39:51.103067	2025-07-02
428	89	459	2025-05-07 09:39:51.103067	2025-07-03
429	297	419	2025-05-06 09:39:51.103067	2025-07-04
430	477	186	2025-05-05 09:39:51.103067	2025-07-05
431	473	336	2025-05-04 09:39:51.103067	2025-07-06
432	339	106	2025-05-03 09:39:51.103067	2025-07-07
433	483	424	2025-05-02 09:39:51.103067	2025-07-08
434	185	185	2025-05-01 09:39:51.103067	2025-07-09
435	210	64	2025-04-30 09:39:51.103067	2025-07-10
436	490	421	2025-04-29 09:39:51.103067	2025-07-11
437	275	130	2025-04-28 09:39:51.103067	2025-07-12
438	49	463	2025-04-27 09:39:51.103067	2025-07-13
439	167	346	2025-04-26 09:39:51.103067	2025-07-14
440	29	371	2025-04-25 09:39:51.103067	2025-07-15
441	207	211	2025-04-24 09:39:51.103067	2025-07-16
442	94	177	2025-04-23 09:39:51.103067	2025-07-17
443	337	304	2025-04-22 09:39:51.103067	2025-07-18
444	251	259	2025-04-21 09:39:51.103067	2025-07-19
445	385	161	2025-04-20 09:39:51.103067	2025-07-20
446	355	202	2025-04-19 09:39:51.103067	2025-07-21
447	245	388	2025-04-18 09:39:51.103067	2025-07-22
448	469	133	2025-04-17 09:39:51.103067	2025-07-23
449	33	298	2025-04-16 09:39:51.103067	2025-07-24
450	260	312	2025-04-15 09:39:51.103067	2025-07-25
451	205	12	2025-04-14 09:39:51.103067	2025-07-26
452	404	426	2025-04-13 09:39:51.103067	2025-07-27
453	262	199	2025-04-12 09:39:51.103067	2025-07-28
454	377	367	2025-04-11 09:39:51.103067	2025-07-29
455	452	86	2025-04-10 09:39:51.103067	2025-07-30
456	115	440	2025-04-09 09:39:51.103067	2025-07-31
457	402	252	2025-04-08 09:39:51.103067	2025-08-01
458	198	56	2025-04-07 09:39:51.103067	2025-08-02
459	488	445	2025-04-06 09:39:51.103067	2025-08-03
460	155	448	2025-04-05 09:39:51.103067	2025-08-04
461	147	195	2025-04-04 09:39:51.103067	2025-08-05
462	495	43	2025-04-03 09:39:51.103067	2025-08-06
463	231	99	2025-04-02 09:39:51.103067	2025-08-07
464	19	70	2025-04-01 09:39:51.103067	2025-08-08
465	172	94	2025-03-31 09:39:51.103067	2025-08-09
466	222	408	2025-03-30 09:39:51.103067	2025-08-10
467	383	263	2025-03-29 09:39:51.103067	2025-08-11
468	307	271	2025-03-28 09:39:51.103067	2025-08-12
469	408	86	2025-03-27 09:39:51.103067	2025-08-13
470	482	202	2025-03-26 09:39:51.103067	2025-08-14
471	214	488	2025-03-25 09:39:51.103067	2025-08-15
472	14	415	2025-03-24 09:39:51.103067	2025-08-16
473	101	326	2025-03-23 09:39:51.103067	2025-08-17
474	64	392	2025-03-22 09:39:51.103067	2025-08-18
475	110	301	2025-03-21 09:39:51.103067	2025-08-19
476	235	235	2025-03-20 09:39:51.103067	2025-08-20
477	465	192	2025-03-19 09:39:51.103067	2025-08-21
478	392	365	2025-03-18 09:39:51.103067	2025-08-22
479	204	351	2025-03-17 09:39:51.103067	2025-08-23
480	126	72	2025-03-16 09:39:51.103067	2025-08-24
481	126	427	2025-03-15 09:39:51.103067	2025-08-25
482	321	37	2025-03-14 09:39:51.103067	2025-08-26
483	441	81	2025-03-13 09:39:51.103067	2025-08-27
484	374	435	2025-03-12 09:39:51.103067	2025-08-28
485	488	292	2025-03-11 09:39:51.103067	2025-08-29
486	347	149	2025-03-10 09:39:51.103067	2025-08-30
487	417	132	2025-03-09 09:39:51.103067	2025-08-31
488	158	210	2025-03-08 09:39:51.103067	2025-09-01
489	12	387	2025-03-07 09:39:51.103067	2025-09-02
490	381	349	2025-03-06 09:39:51.103067	2025-09-03
491	406	390	2025-03-05 09:39:51.103067	2025-09-04
492	126	254	2025-03-04 09:39:51.103067	2025-09-05
493	387	120	2025-03-03 09:39:51.103067	2025-09-06
494	246	169	2025-03-02 09:39:51.103067	2025-09-07
495	159	49	2025-03-01 09:39:51.103067	2025-09-08
496	222	94	2025-02-28 09:39:51.103067	2025-09-09
497	400	408	2025-02-27 09:39:51.103067	2025-09-10
498	442	244	2025-02-26 09:39:51.103067	2025-09-11
499	22	77	2025-02-25 09:39:51.103067	2025-09-12
500	77	317	2025-02-24 09:39:51.103067	2025-09-13
501	196	211	2025-06-03 09:51:45.518431	2025-06-06
502	527	500	2025-06-02 09:51:45.518431	2025-06-07
503	243	596	2025-06-01 09:51:45.518431	2025-06-08
504	570	505	2025-05-31 09:51:45.518431	2025-06-09
505	389	40	2025-05-30 09:51:45.518431	2025-06-10
506	594	152	2025-05-29 09:51:45.518431	2025-06-11
507	287	283	2025-05-28 09:51:45.518431	2025-06-12
508	439	122	2025-05-27 09:51:45.518431	2025-06-13
509	427	269	2025-05-26 09:51:45.518431	2025-06-14
510	573	134	2025-05-25 09:51:45.518431	2025-06-15
511	251	281	2025-05-24 09:51:45.518431	2025-06-16
512	383	439	2025-05-23 09:51:45.518431	2025-06-17
513	271	118	2025-05-22 09:51:45.518431	2025-06-18
514	362	170	2025-05-21 09:51:45.518431	2025-06-19
515	354	150	2025-05-20 09:51:45.518431	2025-06-20
516	192	430	2025-05-19 09:51:45.518431	2025-06-21
517	591	14	2025-05-18 09:51:45.518431	2025-06-22
518	396	88	2025-05-17 09:51:45.518431	2025-06-23
519	323	401	2025-05-16 09:51:45.518431	2025-06-24
520	511	463	2025-05-15 09:51:45.518431	2025-06-25
521	552	550	2025-05-14 09:51:45.518431	2025-06-26
522	367	590	2025-05-13 09:51:45.518431	2025-06-27
523	422	223	2025-05-12 09:51:45.518431	2025-06-28
524	319	458	2025-05-11 09:51:45.518431	2025-06-29
525	586	523	2025-05-10 09:51:45.518431	2025-06-30
526	434	447	2025-05-09 09:51:45.518431	2025-07-01
527	84	497	2025-05-08 09:51:45.518431	2025-07-02
528	498	429	2025-05-07 09:51:45.518431	2025-07-03
529	539	499	2025-05-06 09:51:45.518431	2025-07-04
530	600	441	2025-05-05 09:51:45.518431	2025-07-05
531	367	474	2025-05-04 09:51:45.518431	2025-07-06
532	411	207	2025-05-03 09:51:45.518431	2025-07-07
533	237	310	2025-05-02 09:51:45.518431	2025-07-08
534	483	376	2025-05-01 09:51:45.518431	2025-07-09
535	46	278	2025-04-30 09:51:45.518431	2025-07-10
536	490	169	2025-04-29 09:51:45.518431	2025-07-11
537	96	285	2025-04-28 09:51:45.518431	2025-07-12
538	398	562	2025-04-27 09:51:45.518431	2025-07-13
539	451	207	2025-04-26 09:51:45.518431	2025-07-14
540	244	509	2025-04-25 09:51:45.518431	2025-07-15
541	61	134	2025-04-24 09:51:45.518431	2025-07-16
542	498	230	2025-04-23 09:51:45.518431	2025-07-17
543	121	36	2025-04-22 09:51:45.518431	2025-07-18
544	60	367	2025-04-21 09:51:45.518431	2025-07-19
545	114	271	2025-04-20 09:51:45.518431	2025-07-20
546	310	132	2025-04-19 09:51:45.518431	2025-07-21
547	357	181	2025-04-18 09:51:45.518431	2025-07-22
548	559	583	2025-04-17 09:51:45.518431	2025-07-23
549	583	150	2025-04-16 09:51:45.518431	2025-07-24
550	447	273	2025-04-15 09:51:45.518431	2025-07-25
551	434	164	2025-04-14 09:51:45.518431	2025-07-26
552	438	260	2025-04-13 09:51:45.518431	2025-07-27
553	314	125	2025-04-12 09:51:45.518431	2025-07-28
554	330	90	2025-04-11 09:51:45.518431	2025-07-29
555	82	488	2025-04-10 09:51:45.518431	2025-07-30
556	261	571	2025-04-09 09:51:45.518431	2025-07-31
557	503	490	2025-04-08 09:51:45.518431	2025-08-01
558	150	256	2025-04-07 09:51:45.518431	2025-08-02
559	237	222	2025-04-06 09:51:45.518431	2025-08-03
560	80	168	2025-04-05 09:51:45.518431	2025-08-04
561	167	498	2025-04-04 09:51:45.518431	2025-08-05
562	232	57	2025-04-03 09:51:45.518431	2025-08-06
563	532	441	2025-04-02 09:51:45.518431	2025-08-07
564	382	199	2025-04-01 09:51:45.518431	2025-08-08
565	190	89	2025-03-31 09:51:45.518431	2025-08-09
566	246	497	2025-03-30 09:51:45.518431	2025-08-10
567	492	354	2025-03-29 09:51:45.518431	2025-08-11
568	194	197	2025-03-28 09:51:45.518431	2025-08-12
569	273	453	2025-03-27 09:51:45.518431	2025-08-13
570	545	321	2025-03-26 09:51:45.518431	2025-08-14
571	589	312	2025-03-25 09:51:45.518431	2025-08-15
572	223	417	2025-03-24 09:51:45.518431	2025-08-16
573	525	377	2025-03-23 09:51:45.518431	2025-08-17
574	127	522	2025-03-22 09:51:45.518431	2025-08-18
575	127	292	2025-03-21 09:51:45.518431	2025-08-19
576	320	345	2025-03-20 09:51:45.518431	2025-08-20
577	441	452	2025-03-19 09:51:45.518431	2025-08-21
578	61	430	2025-03-18 09:51:45.518431	2025-08-22
579	481	19	2025-03-17 09:51:45.518431	2025-08-23
580	297	468	2025-03-16 09:51:45.518431	2025-08-24
581	96	19	2025-03-15 09:51:45.518431	2025-08-25
582	179	185	2025-03-14 09:51:45.518431	2025-08-26
583	327	354	2025-03-13 09:51:45.518431	2025-08-27
584	58	192	2025-03-12 09:51:45.518431	2025-08-28
585	32	141	2025-03-11 09:51:45.518431	2025-08-29
586	87	312	2025-03-10 09:51:45.518431	2025-08-30
587	220	215	2025-03-09 09:51:45.518431	2025-08-31
588	569	436	2025-03-08 09:51:45.518431	2025-09-01
589	542	316	2025-03-07 09:51:45.518431	2025-09-02
590	172	135	2025-03-06 09:51:45.518431	2025-09-03
591	566	219	2025-03-05 09:51:45.518431	2025-09-04
592	505	556	2025-03-04 09:51:45.518431	2025-09-05
593	141	128	2025-03-03 09:51:45.518431	2025-09-06
594	532	480	2025-03-02 09:51:45.518431	2025-09-07
595	212	457	2025-03-01 09:51:45.518431	2025-09-08
596	97	469	2025-02-28 09:51:45.518431	2025-09-09
597	505	503	2025-02-27 09:51:45.518431	2025-09-10
598	433	296	2025-02-26 09:51:45.518431	2025-09-11
599	473	390	2025-02-25 09:51:45.518431	2025-09-12
600	556	240	2025-02-24 09:51:45.518431	2025-09-13
601	416	12	2025-06-03 10:19:04.395326	2025-06-06
602	401	140	2025-06-02 10:19:04.395326	2025-06-07
603	17	458	2025-06-01 10:19:04.395326	2025-06-08
604	112	381	2025-05-31 10:19:04.395326	2025-06-09
605	315	230	2025-05-30 10:19:04.395326	2025-06-10
606	154	698	2025-05-29 10:19:04.395326	2025-06-11
607	688	201	2025-05-28 10:19:04.395326	2025-06-12
608	297	150	2025-05-27 10:19:04.395326	2025-06-13
609	496	399	2025-05-26 10:19:04.395326	2025-06-14
610	327	47	2025-05-25 10:19:04.395326	2025-06-15
611	657	158	2025-05-24 10:19:04.395326	2025-06-16
612	250	259	2025-05-23 10:19:04.395326	2025-06-17
613	473	625	2025-05-22 10:19:04.395326	2025-06-18
614	601	243	2025-05-21 10:19:04.395326	2025-06-19
615	632	332	2025-05-20 10:19:04.395326	2025-06-20
616	254	185	2025-05-19 10:19:04.395326	2025-06-21
617	201	614	2025-05-18 10:19:04.395326	2025-06-22
618	259	652	2025-05-17 10:19:04.395326	2025-06-23
619	217	243	2025-05-16 10:19:04.395326	2025-06-24
620	589	613	2025-05-15 10:19:04.395326	2025-06-25
621	83	244	2025-05-14 10:19:04.395326	2025-06-26
622	291	397	2025-05-13 10:19:04.395326	2025-06-27
623	387	172	2025-05-12 10:19:04.395326	2025-06-28
624	411	149	2025-05-11 10:19:04.395326	2025-06-29
625	171	131	2025-05-10 10:19:04.395326	2025-06-30
626	411	384	2025-05-09 10:19:04.395326	2025-07-01
627	133	50	2025-05-08 10:19:04.395326	2025-07-02
628	364	487	2025-05-07 10:19:04.395326	2025-07-03
629	161	365	2025-05-06 10:19:04.395326	2025-07-04
630	676	78	2025-05-05 10:19:04.395326	2025-07-05
631	477	110	2025-05-04 10:19:04.395326	2025-07-06
632	274	453	2025-05-03 10:19:04.395326	2025-07-07
633	560	483	2025-05-02 10:19:04.395326	2025-07-08
634	273	114	2025-05-01 10:19:04.395326	2025-07-09
635	571	486	2025-04-30 10:19:04.395326	2025-07-10
636	597	340	2025-04-29 10:19:04.395326	2025-07-11
637	101	365	2025-04-28 10:19:04.395326	2025-07-12
638	254	596	2025-04-27 10:19:04.395326	2025-07-13
639	618	255	2025-04-26 10:19:04.395326	2025-07-14
640	58	33	2025-04-25 10:19:04.395326	2025-07-15
641	555	64	2025-04-24 10:19:04.395326	2025-07-16
642	137	273	2025-04-23 10:19:04.395326	2025-07-17
643	645	211	2025-04-22 10:19:04.395326	2025-07-18
644	313	86	2025-04-21 10:19:04.395326	2025-07-19
645	65	222	2025-04-20 10:19:04.395326	2025-07-20
646	369	327	2025-04-19 10:19:04.395326	2025-07-21
647	567	12	2025-04-18 10:19:04.395326	2025-07-22
648	534	237	2025-04-17 10:19:04.395326	2025-07-23
649	416	351	2025-04-16 10:19:04.395326	2025-07-24
650	526	552	2025-04-15 10:19:04.395326	2025-07-25
651	580	216	2025-04-14 10:19:04.395326	2025-07-26
652	280	10	2025-04-13 10:19:04.395326	2025-07-27
653	537	497	2025-04-12 10:19:04.395326	2025-07-28
654	47	174	2025-04-11 10:19:04.395326	2025-07-29
655	102	115	2025-04-10 10:19:04.395326	2025-07-30
656	550	306	2025-04-09 10:19:04.395326	2025-07-31
657	584	266	2025-04-08 10:19:04.395326	2025-08-01
658	674	7	2025-04-07 10:19:04.395326	2025-08-02
659	521	213	2025-04-06 10:19:04.395326	2025-08-03
660	193	535	2025-04-05 10:19:04.395326	2025-08-04
661	378	629	2025-04-04 10:19:04.395326	2025-08-05
662	639	418	2025-04-03 10:19:04.395326	2025-08-06
663	242	337	2025-04-02 10:19:04.395326	2025-08-07
664	586	41	2025-04-01 10:19:04.395326	2025-08-08
665	436	227	2025-03-31 10:19:04.395326	2025-08-09
666	191	63	2025-03-30 10:19:04.395326	2025-08-10
667	426	75	2025-03-29 10:19:04.395326	2025-08-11
668	35	231	2025-03-28 10:19:04.395326	2025-08-12
669	250	185	2025-03-27 10:19:04.395326	2025-08-13
670	659	606	2025-03-26 10:19:04.395326	2025-08-14
671	239	372	2025-03-25 10:19:04.395326	2025-08-15
672	76	50	2025-03-24 10:19:04.395326	2025-08-16
673	6	297	2025-03-23 10:19:04.395326	2025-08-17
674	521	226	2025-03-22 10:19:04.395326	2025-08-18
675	200	1	2025-03-21 10:19:04.395326	2025-08-19
676	211	201	2025-03-20 10:19:04.395326	2025-08-20
677	183	278	2025-03-19 10:19:04.395326	2025-08-21
678	234	523	2025-03-18 10:19:04.395326	2025-08-22
679	425	356	2025-03-17 10:19:04.395326	2025-08-23
680	417	699	2025-03-16 10:19:04.395326	2025-08-24
681	6	328	2025-03-15 10:19:04.395326	2025-08-25
682	556	64	2025-03-14 10:19:04.395326	2025-08-26
683	147	472	2025-03-13 10:19:04.395326	2025-08-27
684	119	630	2025-03-12 10:19:04.395326	2025-08-28
685	90	184	2025-03-11 10:19:04.395326	2025-08-29
686	362	400	2025-03-10 10:19:04.395326	2025-08-30
687	126	228	2025-03-09 10:19:04.395326	2025-08-31
688	323	67	2025-03-08 10:19:04.395326	2025-09-01
689	477	603	2025-03-07 10:19:04.395326	2025-09-02
690	163	661	2025-03-06 10:19:04.395326	2025-09-03
691	32	275	2025-03-05 10:19:04.395326	2025-09-04
692	48	582	2025-03-04 10:19:04.395326	2025-09-05
693	621	181	2025-03-03 10:19:04.395326	2025-09-06
694	450	81	2025-03-02 10:19:04.395326	2025-09-07
695	279	514	2025-03-01 10:19:04.395326	2025-09-08
696	265	666	2025-02-28 10:19:04.395326	2025-09-09
697	529	665	2025-02-27 10:19:04.395326	2025-09-10
698	556	123	2025-02-26 10:19:04.395326	2025-09-11
699	629	559	2025-02-25 10:19:04.395326	2025-09-12
700	281	15	2025-02-24 10:19:04.395326	2025-09-13
701	495	279	2025-06-03 17:39:22.384164	2025-06-06
702	178	245	2025-06-02 17:39:22.384164	2025-06-07
703	51	691	2025-06-01 17:39:22.384164	2025-06-08
704	56	258	2025-05-31 17:39:22.384164	2025-06-09
705	398	692	2025-05-30 17:39:22.384164	2025-06-10
706	537	226	2025-05-29 17:39:22.384164	2025-06-11
707	169	361	2025-05-28 17:39:22.384164	2025-06-12
708	311	543	2025-05-27 17:39:22.384164	2025-06-13
709	219	125	2025-05-26 17:39:22.384164	2025-06-14
710	615	166	2025-05-25 17:39:22.384164	2025-06-15
711	259	222	2025-05-24 17:39:22.384164	2025-06-16
712	651	136	2025-05-23 17:39:22.384164	2025-06-17
713	702	682	2025-05-22 17:39:22.384164	2025-06-18
714	357	759	2025-05-21 17:39:22.384164	2025-06-19
715	611	84	2025-05-20 17:39:22.384164	2025-06-20
716	778	167	2025-05-19 17:39:22.384164	2025-06-21
717	408	128	2025-05-18 17:39:22.384164	2025-06-22
718	674	706	2025-05-17 17:39:22.384164	2025-06-23
719	551	233	2025-05-16 17:39:22.384164	2025-06-24
720	573	12	2025-05-15 17:39:22.384164	2025-06-25
721	732	440	2025-05-14 17:39:22.384164	2025-06-26
722	409	271	2025-05-13 17:39:22.384164	2025-06-27
723	49	416	2025-05-12 17:39:22.384164	2025-06-28
724	292	54	2025-05-11 17:39:22.384164	2025-06-29
725	792	745	2025-05-10 17:39:22.384164	2025-06-30
726	29	482	2025-05-09 17:39:22.384164	2025-07-01
727	420	159	2025-05-08 17:39:22.384164	2025-07-02
728	153	785	2025-05-07 17:39:22.384164	2025-07-03
729	731	690	2025-05-06 17:39:22.384164	2025-07-04
730	762	585	2025-05-05 17:39:22.384164	2025-07-05
731	697	593	2025-05-04 17:39:22.384164	2025-07-06
732	463	360	2025-05-03 17:39:22.384164	2025-07-07
733	229	535	2025-05-02 17:39:22.384164	2025-07-08
734	760	473	2025-05-01 17:39:22.384164	2025-07-09
735	562	763	2025-04-30 17:39:22.384164	2025-07-10
736	598	786	2025-04-29 17:39:22.384164	2025-07-11
737	27	6	2025-04-28 17:39:22.384164	2025-07-12
738	440	471	2025-04-27 17:39:22.384164	2025-07-13
739	465	260	2025-04-26 17:39:22.384164	2025-07-14
740	655	195	2025-04-25 17:39:22.384164	2025-07-15
741	73	438	2025-04-24 17:39:22.384164	2025-07-16
742	694	25	2025-04-23 17:39:22.384164	2025-07-17
743	513	142	2025-04-22 17:39:22.384164	2025-07-18
744	186	195	2025-04-21 17:39:22.384164	2025-07-19
745	205	262	2025-04-20 17:39:22.384164	2025-07-20
746	367	214	2025-04-19 17:39:22.384164	2025-07-21
747	570	750	2025-04-18 17:39:22.384164	2025-07-22
748	35	235	2025-04-17 17:39:22.384164	2025-07-23
749	495	436	2025-04-16 17:39:22.384164	2025-07-24
750	376	617	2025-04-15 17:39:22.384164	2025-07-25
751	601	322	2025-04-14 17:39:22.384164	2025-07-26
752	352	352	2025-04-13 17:39:22.384164	2025-07-27
753	676	377	2025-04-12 17:39:22.384164	2025-07-28
754	514	381	2025-04-11 17:39:22.384164	2025-07-29
755	274	750	2025-04-10 17:39:22.384164	2025-07-30
756	413	418	2025-04-09 17:39:22.384164	2025-07-31
757	293	131	2025-04-08 17:39:22.384164	2025-08-01
758	756	532	2025-04-07 17:39:22.384164	2025-08-02
759	376	461	2025-04-06 17:39:22.384164	2025-08-03
760	375	177	2025-04-05 17:39:22.384164	2025-08-04
761	589	425	2025-04-04 17:39:22.384164	2025-08-05
762	463	203	2025-04-03 17:39:22.384164	2025-08-06
763	71	640	2025-04-02 17:39:22.384164	2025-08-07
764	402	565	2025-04-01 17:39:22.384164	2025-08-08
765	265	200	2025-03-31 17:39:22.384164	2025-08-09
766	325	718	2025-03-30 17:39:22.384164	2025-08-10
767	56	18	2025-03-29 17:39:22.384164	2025-08-11
768	640	176	2025-03-28 17:39:22.384164	2025-08-12
769	144	37	2025-03-27 17:39:22.384164	2025-08-13
770	788	710	2025-03-26 17:39:22.384164	2025-08-14
771	104	95	2025-03-25 17:39:22.384164	2025-08-15
772	199	645	2025-03-24 17:39:22.384164	2025-08-16
773	692	379	2025-03-23 17:39:22.384164	2025-08-17
774	526	66	2025-03-22 17:39:22.384164	2025-08-18
775	292	22	2025-03-21 17:39:22.384164	2025-08-19
776	569	736	2025-03-20 17:39:22.384164	2025-08-20
777	759	349	2025-03-19 17:39:22.384164	2025-08-21
778	182	243	2025-03-18 17:39:22.384164	2025-08-22
779	69	408	2025-03-17 17:39:22.384164	2025-08-23
780	749	8	2025-03-16 17:39:22.384164	2025-08-24
781	630	793	2025-03-15 17:39:22.384164	2025-08-25
782	577	83	2025-03-14 17:39:22.384164	2025-08-26
783	750	394	2025-03-13 17:39:22.384164	2025-08-27
784	30	728	2025-03-12 17:39:22.384164	2025-08-28
785	247	551	2025-03-11 17:39:22.384164	2025-08-29
786	667	698	2025-03-10 17:39:22.384164	2025-08-30
787	33	45	2025-03-09 17:39:22.384164	2025-08-31
788	18	126	2025-03-08 17:39:22.384164	2025-09-01
789	595	719	2025-03-07 17:39:22.384164	2025-09-02
790	547	238	2025-03-06 17:39:22.384164	2025-09-03
791	583	257	2025-03-05 17:39:22.384164	2025-09-04
792	523	733	2025-03-04 17:39:22.384164	2025-09-05
793	209	772	2025-03-03 17:39:22.384164	2025-09-06
794	752	586	2025-03-02 17:39:22.384164	2025-09-07
795	642	513	2025-03-01 17:39:22.384164	2025-09-08
796	554	160	2025-02-28 17:39:22.384164	2025-09-09
797	73	384	2025-02-27 17:39:22.384164	2025-09-10
798	276	771	2025-02-26 17:39:22.384164	2025-09-11
799	683	87	2025-02-25 17:39:22.384164	2025-09-12
800	254	800	2025-02-24 17:39:22.384164	2025-09-13
\.


--
-- Data for Name: shipment_method; Type: TABLE DATA; Schema: public; Owner: postgres
--

COPY public.shipment_method (id, name, carrier_id, estimated_days) FROM stdin;
1	turpis Shipping	79	2
2	integer Shipping	42	4
3	imperdiet Shipping	57	1
4	laoreet Shipping	39	6
5	condimentum Shipping	56	4
6	parturient Shipping	80	1
7	platea Shipping	55	6
8	ullamcorper Shipping	6	3
9	mollis Shipping	39	2
10	nam Shipping	28	3
11	pretium Shipping	90	5
12	proin Shipping	17	1
13	vitae Shipping	51	2
14	sapien Shipping	18	6
15	fermentum Shipping	78	4
16	luctus Shipping	1	3
17	lacinia Shipping	9	3
18	auctor Shipping	13	3
19	commodo Shipping	16	6
20	nunc Shipping	40	5
21	dis Shipping	27	4
22	rhoncus Shipping	62	5
23	auctor Shipping	1	3
24	eget Shipping	23	4
25	luctus Shipping	25	6
26	pulvinar Shipping	100	5
27	eu Shipping	94	5
28	congue Shipping	1	5
29	vivamus Shipping	41	3
30	odio Shipping	78	5
31	tempor Shipping	56	2
32	integer Shipping	60	1
33	curabitur Shipping	50	5
34	cum Shipping	73	5
35	mauris Shipping	45	6
36	eu Shipping	58	2
37	lectus Shipping	33	4
38	non Shipping	17	3
39	sit Shipping	35	4
40	metus Shipping	99	1
41	sodales Shipping	80	3
42	luctus Shipping	90	2
43	hendrerit Shipping	83	5
44	mauris Shipping	77	6
45	sed Shipping	8	2
46	adipiscing Shipping	47	4
47	placerat Shipping	89	5
48	facilisis Shipping	16	3
49	quisque Shipping	36	6
50	sollicitudin Shipping	14	5
51	interdum Shipping	59	3
52	tortor Shipping	18	2
53	vitae Shipping	95	4
54	facilisi Shipping	66	4
55	eget Shipping	15	3
56	neque Shipping	15	2
57	tristique Shipping	38	2
58	hendrerit Shipping	98	5
59	bibendum Shipping	50	4
60	phasellus Shipping	71	1
61	nibh Shipping	33	4
62	vitae Shipping	11	2
63	id Shipping	30	4
64	cum Shipping	72	2
65	netus Shipping	98	1
66	maecenas Shipping	27	1
67	amet Shipping	75	2
68	orci Shipping	53	3
69	integer Shipping	66	2
70	turpis Shipping	22	3
71	ultrices Shipping	56	1
72	nullam Shipping	57	1
73	penatibus Shipping	74	2
74	massa Shipping	88	4
75	leo Shipping	12	1
76	tempor Shipping	8	3
77	hac Shipping	60	5
78	ullamcorper Shipping	75	3
79	pulvinar Shipping	6	1
80	cursus Shipping	70	1
81	duis Shipping	8	3
82	consequat Shipping	60	3
83	mi Shipping	64	1
84	arcu Shipping	90	1
85	cras Shipping	40	1
86	turpis Shipping	60	2
87	ut Shipping	5	2
88	malesuada Shipping	86	4
89	dictum Shipping	59	6
90	fusce Shipping	79	1
91	tempor Shipping	94	2
92	etiam Shipping	32	6
93	nunc Shipping	10	3
94	penatibus Shipping	25	5
95	at Shipping	64	4
96	enim Shipping	78	4
97	ante Shipping	37	4
98	odio Shipping	39	5
99	sit Shipping	92	5
100	eget Shipping	48	6
101	ornare Shipping	121	4
102	facilisi Shipping	118	4
103	proin Shipping	68	2
104	sociis Shipping	168	6
105	cras Shipping	8	1
106	montes Shipping	189	6
107	velit Shipping	33	1
108	elementum Shipping	199	2
109	egestas Shipping	8	5
110	mattis Shipping	154	2
111	leo Shipping	179	4
112	senectus Shipping	102	2
113	magnis Shipping	118	1
114	felis Shipping	154	3
115	auctor Shipping	96	2
116	at Shipping	89	1
117	pretium Shipping	134	1
118	nullam Shipping	56	2
119	in Shipping	55	4
120	phasellus Shipping	27	5
121	viverra Shipping	135	5
122	habitant Shipping	85	4
123	pellentesque Shipping	81	1
124	sollicitudin Shipping	97	4
125	elit Shipping	181	5
126	pulvinar Shipping	11	5
127	dictumst Shipping	73	4
128	consectetur Shipping	124	2
129	felis Shipping	97	4
130	urna Shipping	138	3
131	in Shipping	15	3
132	sodales Shipping	35	4
133	orci Shipping	51	1
134	posuere Shipping	153	3
135	sem Shipping	14	1
136	aliquet Shipping	121	1
137	accumsan Shipping	2	2
138	commodo Shipping	124	2
139	vestibulum Shipping	24	3
140	lacus Shipping	113	3
141	sed Shipping	189	4
142	dolor Shipping	118	6
143	vitae Shipping	172	4
144	ac Shipping	119	5
145	scelerisque Shipping	38	6
146	laoreet Shipping	137	6
147	aliquet Shipping	38	1
148	ornare Shipping	111	6
149	nibh Shipping	50	1
150	commodo Shipping	139	6
151	parturient Shipping	23	1
152	lectus Shipping	62	6
153	tortor Shipping	52	6
154	velit Shipping	81	6
155	dis Shipping	127	4
156	dui Shipping	16	2
157	proin Shipping	85	2
158	feugiat Shipping	54	5
159	montes Shipping	172	1
160	pulvinar Shipping	121	1
161	varius Shipping	133	3
162	erat Shipping	131	4
163	morbi Shipping	87	4
164	placerat Shipping	165	4
165	ultrices Shipping	138	1
166	consectetur Shipping	91	4
167	tortor Shipping	112	4
168	tristique Shipping	153	6
169	vitae Shipping	71	6
170	pretium Shipping	94	2
171	at Shipping	188	4
172	tortor Shipping	197	5
173	semper Shipping	153	6
174	turpis Shipping	93	3
175	bibendum Shipping	10	3
176	libero Shipping	115	1
177	suscipit Shipping	29	2
178	habitant Shipping	99	4
179	morbi Shipping	191	1
180	nec Shipping	16	4
181	odio Shipping	111	3
182	feugiat Shipping	69	4
183	lacus Shipping	148	1
184	curabitur Shipping	44	1
185	dapibus Shipping	180	2
186	tincidunt Shipping	43	3
187	cum Shipping	112	4
188	penatibus Shipping	62	6
189	elit Shipping	185	2
190	integer Shipping	58	6
191	aliquam Shipping	162	2
192	suscipit Shipping	30	1
193	dapibus Shipping	32	1
194	pharetra Shipping	89	5
195	dictum Shipping	187	6
196	sapien Shipping	31	6
197	elementum Shipping	178	3
198	placerat Shipping	192	5
199	blandit Shipping	160	4
200	phasellus Shipping	154	2
201	luctus Shipping	262	1
202	mauris Shipping	254	4
203	neque Shipping	20	5
204	quis Shipping	109	6
205	sed Shipping	277	1
206	lectus Shipping	54	2
207	auctor Shipping	33	1
208	faucibus Shipping	222	6
209	vulputate Shipping	251	6
210	sapien Shipping	39	5
211	cum Shipping	117	2
212	est Shipping	217	1
213	venenatis Shipping	14	3
214	elit Shipping	88	4
215	elementum Shipping	261	1
216	vel Shipping	108	4
217	at Shipping	293	1
218	dictumst Shipping	107	3
219	quis Shipping	189	3
220	fringilla Shipping	142	1
221	duis Shipping	143	6
222	fringilla Shipping	140	2
223	cras Shipping	97	3
224	egestas Shipping	183	4
225	lacinia Shipping	50	5
226	ullamcorper Shipping	213	5
227	morbi Shipping	190	4
228	mattis Shipping	197	6
229	vestibulum Shipping	14	6
230	tristique Shipping	111	3
231	mus Shipping	15	4
232	penatibus Shipping	44	1
233	vivamus Shipping	287	4
234	mus Shipping	177	5
235	posuere Shipping	123	3
236	tincidunt Shipping	41	1
237	hendrerit Shipping	144	4
238	ultricies Shipping	224	6
239	faucibus Shipping	297	3
240	nunc Shipping	135	1
241	interdum Shipping	120	4
242	tempor Shipping	96	5
243	magna Shipping	265	4
244	id Shipping	136	2
245	fermentum Shipping	41	4
246	pharetra Shipping	161	6
247	euismod Shipping	109	1
248	sem Shipping	245	2
249	nascetur Shipping	187	4
250	tortor Shipping	275	5
251	velit Shipping	221	2
252	maecenas Shipping	163	1
253	scelerisque Shipping	164	1
254	feugiat Shipping	149	5
255	risus Shipping	268	6
256	lorem Shipping	257	6
257	imperdiet Shipping	282	2
258	dui Shipping	48	2
259	iaculis Shipping	249	5
260	dui Shipping	245	4
261	cras Shipping	96	3
262	nam Shipping	29	5
263	volutpat Shipping	253	4
264	laoreet Shipping	173	1
265	tristique Shipping	81	6
266	vestibulum Shipping	49	1
267	phasellus Shipping	203	5
268	vitae Shipping	223	3
269	pharetra Shipping	143	3
270	sit Shipping	236	6
271	penatibus Shipping	161	1
272	varius Shipping	225	4
273	at Shipping	183	2
274	sed Shipping	27	4
275	fames Shipping	219	4
276	malesuada Shipping	195	2
277	dignissim Shipping	65	2
278	euismod Shipping	282	5
279	phasellus Shipping	277	4
280	sapien Shipping	237	1
281	ut Shipping	242	4
282	habitasse Shipping	60	2
283	integer Shipping	131	6
284	tristique Shipping	73	4
285	dis Shipping	84	5
286	duis Shipping	114	3
287	scelerisque Shipping	251	1
288	elit Shipping	25	5
289	sit Shipping	50	3
290	leo Shipping	125	4
291	nibh Shipping	173	2
292	elementum Shipping	114	6
293	blandit Shipping	262	5
294	pellentesque Shipping	76	6
295	ridiculus Shipping	67	3
296	adipiscing Shipping	64	2
297	elit Shipping	148	1
298	massa Shipping	8	2
299	facilisis Shipping	248	6
300	consequat Shipping	219	6
301	risus Shipping	112	6
302	praesent Shipping	53	2
303	porta Shipping	216	3
304	lorem Shipping	223	2
305	nullam Shipping	396	5
306	posuere Shipping	301	6
307	at Shipping	113	2
308	urna Shipping	373	4
309	arcu Shipping	184	6
310	mi Shipping	195	6
311	lacus Shipping	118	1
312	dapibus Shipping	71	1
313	dapibus Shipping	383	3
314	elit Shipping	168	1
315	duis Shipping	208	3
316	dictum Shipping	287	1
317	egestas Shipping	92	1
318	proin Shipping	30	3
319	elementum Shipping	332	2
320	eget Shipping	175	4
321	quam Shipping	246	2
322	ut Shipping	354	4
323	scelerisque Shipping	82	4
324	feugiat Shipping	184	4
325	suspendisse Shipping	337	1
326	risus Shipping	278	3
327	sem Shipping	132	3
328	quam Shipping	181	1
329	accumsan Shipping	360	3
330	bibendum Shipping	345	2
331	urna Shipping	268	5
332	pulvinar Shipping	28	6
333	penatibus Shipping	23	6
334	nunc Shipping	344	2
335	cum Shipping	96	3
336	id Shipping	326	3
337	potenti Shipping	307	4
338	cras Shipping	209	4
339	facilisi Shipping	16	6
340	ante Shipping	100	3
341	nam Shipping	129	4
342	turpis Shipping	184	5
343	ligula Shipping	134	4
344	magna Shipping	308	3
345	senectus Shipping	247	2
346	erat Shipping	46	2
347	sollicitudin Shipping	99	5
348	imperdiet Shipping	244	2
349	integer Shipping	113	5
350	viverra Shipping	108	2
351	elementum Shipping	366	2
352	morbi Shipping	292	1
353	quisque Shipping	49	4
354	condimentum Shipping	386	5
355	elit Shipping	100	3
356	tortor Shipping	55	4
357	venenatis Shipping	141	3
358	vel Shipping	168	1
359	odio Shipping	389	5
360	massa Shipping	300	4
361	tristique Shipping	302	2
362	natoque Shipping	147	1
363	facilisi Shipping	134	2
364	tortor Shipping	244	1
365	risus Shipping	356	2
366	adipiscing Shipping	162	3
367	integer Shipping	111	6
368	in Shipping	394	1
369	duis Shipping	379	1
370	nisl Shipping	342	5
371	sed Shipping	261	5
372	feugiat Shipping	134	6
373	sollicitudin Shipping	273	3
374	semper Shipping	8	5
375	nullam Shipping	352	3
376	eleifend Shipping	91	4
377	elementum Shipping	237	4
378	vivamus Shipping	165	3
379	in Shipping	54	6
380	sapien Shipping	9	1
381	enim Shipping	242	4
382	purus Shipping	106	1
383	ornare Shipping	66	3
384	hendrerit Shipping	178	6
385	libero Shipping	233	5
386	sollicitudin Shipping	374	4
387	vulputate Shipping	107	4
388	vivamus Shipping	55	1
389	convallis Shipping	251	2
390	in Shipping	4	5
391	et Shipping	331	4
392	eu Shipping	136	3
393	fusce Shipping	347	5
394	luctus Shipping	117	1
395	lobortis Shipping	189	4
396	nascetur Shipping	36	5
397	turpis Shipping	51	5
398	amet Shipping	329	2
399	fusce Shipping	147	2
400	phasellus Shipping	265	2
401	nec Shipping	111	3
402	lorem Shipping	157	3
403	tempor Shipping	61	2
404	penatibus Shipping	211	2
405	quis Shipping	354	6
406	consectetur Shipping	365	6
407	elementum Shipping	315	5
408	iaculis Shipping	384	5
409	sed Shipping	237	3
410	eu Shipping	352	5
411	adipiscing Shipping	65	2
412	massa Shipping	297	5
413	pulvinar Shipping	422	1
414	lacus Shipping	123	6
415	laoreet Shipping	176	5
416	orci Shipping	24	6
417	erat Shipping	411	1
418	suscipit Shipping	94	5
419	congue Shipping	430	2
420	posuere Shipping	195	3
421	egestas Shipping	490	3
422	id Shipping	146	3
423	eros Shipping	485	2
424	vitae Shipping	47	4
425	duis Shipping	315	5
426	arcu Shipping	472	5
427	nec Shipping	268	6
428	platea Shipping	427	3
429	eleifend Shipping	497	2
430	congue Shipping	334	5
431	tortor Shipping	194	3
432	senectus Shipping	41	3
433	placerat Shipping	223	5
434	morbi Shipping	35	4
435	maecenas Shipping	94	4
436	facilisi Shipping	67	3
437	risus Shipping	60	5
438	sodales Shipping	187	4
439	ut Shipping	477	6
440	porta Shipping	28	6
441	rhoncus Shipping	284	4
442	cum Shipping	38	5
443	sagittis Shipping	177	3
444	fusce Shipping	35	4
445	egestas Shipping	140	4
446	laoreet Shipping	393	1
447	ultricies Shipping	416	1
448	turpis Shipping	444	5
449	ultrices Shipping	381	4
450	parturient Shipping	397	4
451	imperdiet Shipping	250	6
452	habitant Shipping	169	5
453	dignissim Shipping	37	1
454	cum Shipping	76	1
455	magnis Shipping	302	4
456	nisi Shipping	452	4
457	ac Shipping	435	3
458	pellentesque Shipping	422	5
459	sed Shipping	426	3
460	mus Shipping	480	3
461	euismod Shipping	160	3
462	tellus Shipping	216	5
463	diam Shipping	169	6
464	varius Shipping	65	6
465	amet Shipping	24	4
466	neque Shipping	465	2
467	odio Shipping	448	4
468	velit Shipping	21	2
469	fringilla Shipping	170	6
470	pulvinar Shipping	256	5
471	habitasse Shipping	279	3
472	scelerisque Shipping	298	2
473	augue Shipping	77	3
474	interdum Shipping	38	3
475	venenatis Shipping	210	5
476	consectetur Shipping	56	4
477	quisque Shipping	281	6
478	nunc Shipping	322	2
479	condimentum Shipping	431	4
480	ligula Shipping	342	4
481	sollicitudin Shipping	281	2
482	mi Shipping	76	2
483	proin Shipping	126	5
484	nec Shipping	482	5
485	facilisi Shipping	179	6
486	fames Shipping	133	6
487	ornare Shipping	468	3
488	imperdiet Shipping	384	5
489	tempus Shipping	341	6
490	fringilla Shipping	484	5
491	turpis Shipping	361	6
492	odio Shipping	42	3
493	imperdiet Shipping	492	1
494	tempus Shipping	422	2
495	facilisi Shipping	318	4
496	tellus Shipping	140	5
497	in Shipping	491	2
498	sed Shipping	331	1
499	hendrerit Shipping	30	6
500	eget Shipping	463	5
501	orci Shipping	457	1
502	mus Shipping	5	5
503	porttitor Shipping	149	1
504	viverra Shipping	19	3
505	ultrices Shipping	112	2
506	fermentum Shipping	503	1
507	imperdiet Shipping	389	6
508	molestie Shipping	166	2
509	placerat Shipping	45	2
510	ipsum Shipping	175	5
511	accumsan Shipping	566	6
512	egestas Shipping	191	2
513	vestibulum Shipping	324	3
514	eu Shipping	320	1
515	varius Shipping	424	2
516	feugiat Shipping	239	3
517	facilisis Shipping	513	5
518	leo Shipping	31	1
519	condimentum Shipping	581	6
520	tincidunt Shipping	248	4
521	commodo Shipping	481	1
522	augue Shipping	498	2
523	mauris Shipping	406	1
524	arcu Shipping	398	3
525	non Shipping	486	2
526	sem Shipping	355	1
527	praesent Shipping	405	1
528	quam Shipping	306	2
529	eu Shipping	188	1
530	arcu Shipping	13	6
531	ligula Shipping	384	5
532	phasellus Shipping	560	5
533	amet Shipping	403	1
534	aliquet Shipping	448	3
535	libero Shipping	382	1
536	fermentum Shipping	289	6
537	dictumst Shipping	532	1
538	semper Shipping	260	4
539	magna Shipping	169	1
540	tempus Shipping	600	6
541	lectus Shipping	287	6
542	consequat Shipping	11	6
543	consectetur Shipping	372	2
544	sodales Shipping	526	5
545	senectus Shipping	424	4
546	sem Shipping	321	5
547	augue Shipping	266	1
548	sociis Shipping	254	4
549	tellus Shipping	323	2
550	integer Shipping	269	6
551	est Shipping	403	1
552	elementum Shipping	25	5
553	suspendisse Shipping	122	5
554	auctor Shipping	148	2
555	ullamcorper Shipping	168	2
556	neque Shipping	357	1
557	viverra Shipping	569	3
558	convallis Shipping	398	4
559	purus Shipping	206	6
560	donec Shipping	440	4
561	consectetur Shipping	254	4
562	semper Shipping	261	4
563	curabitur Shipping	137	4
564	magna Shipping	431	4
565	varius Shipping	301	2
566	et Shipping	435	5
567	malesuada Shipping	136	3
568	lorem Shipping	132	3
569	eget Shipping	41	6
570	sagittis Shipping	68	4
571	mi Shipping	404	6
572	penatibus Shipping	348	5
573	malesuada Shipping	457	3
574	urna Shipping	444	5
575	montes Shipping	277	4
576	morbi Shipping	154	5
577	ornare Shipping	583	3
578	praesent Shipping	85	5
579	augue Shipping	590	4
580	condimentum Shipping	175	6
581	nisl Shipping	499	3
582	ligula Shipping	359	5
583	posuere Shipping	225	6
584	dis Shipping	502	4
585	velit Shipping	357	4
586	at Shipping	144	3
587	lectus Shipping	476	2
588	viverra Shipping	491	1
589	erat Shipping	331	3
590	maecenas Shipping	252	1
591	fusce Shipping	489	4
592	tortor Shipping	586	1
593	bibendum Shipping	438	2
594	pharetra Shipping	65	2
595	rhoncus Shipping	22	6
596	scelerisque Shipping	258	4
597	congue Shipping	216	4
598	sem Shipping	104	1
599	consectetur Shipping	470	2
600	enim Shipping	408	6
601	nam Shipping	216	3
602	eu Shipping	309	1
603	parturient Shipping	182	5
604	cursus Shipping	460	2
605	nibh Shipping	518	3
606	neque Shipping	617	6
607	aenean Shipping	334	4
608	id Shipping	341	5
609	potenti Shipping	161	3
610	eleifend Shipping	491	5
611	aliquet Shipping	188	3
612	amet Shipping	308	6
613	arcu Shipping	519	4
614	proin Shipping	238	1
615	velit Shipping	340	4
616	pellentesque Shipping	557	4
617	risus Shipping	92	4
618	senectus Shipping	246	5
619	tortor Shipping	287	4
620	mollis Shipping	621	5
621	blandit Shipping	371	1
622	neque Shipping	640	4
623	mollis Shipping	639	2
624	risus Shipping	601	3
625	donec Shipping	132	5
626	fermentum Shipping	347	3
627	habitant Shipping	106	5
628	eu Shipping	420	4
629	velit Shipping	7	3
630	bibendum Shipping	684	1
631	pellentesque Shipping	296	2
632	montes Shipping	108	6
633	parturient Shipping	589	3
634	metus Shipping	212	6
635	aliquet Shipping	128	4
636	at Shipping	281	3
637	ante Shipping	273	6
638	rhoncus Shipping	478	5
639	hac Shipping	203	4
640	est Shipping	43	4
641	donec Shipping	551	1
642	consectetur Shipping	539	2
643	quis Shipping	393	3
644	elementum Shipping	539	6
645	vel Shipping	284	5
646	laoreet Shipping	115	3
647	magna Shipping	139	2
648	sollicitudin Shipping	80	1
649	dis Shipping	270	2
650	integer Shipping	204	3
651	consectetur Shipping	257	3
652	nisi Shipping	82	5
653	adipiscing Shipping	486	6
654	sollicitudin Shipping	340	4
655	vel Shipping	352	2
656	ultrices Shipping	134	2
657	imperdiet Shipping	34	3
658	enim Shipping	141	4
659	pellentesque Shipping	574	6
660	posuere Shipping	623	1
661	placerat Shipping	522	5
662	lacus Shipping	337	5
663	viverra Shipping	419	5
664	convallis Shipping	632	3
665	fusce Shipping	469	1
666	nibh Shipping	337	6
667	viverra Shipping	186	3
668	justo Shipping	109	3
669	imperdiet Shipping	41	6
670	pretium Shipping	227	5
671	cursus Shipping	56	3
672	elementum Shipping	38	4
673	montes Shipping	409	6
674	vel Shipping	550	3
675	posuere Shipping	250	4
676	at Shipping	356	2
677	id Shipping	685	4
678	dictumst Shipping	427	5
679	iaculis Shipping	393	6
680	tincidunt Shipping	425	2
681	sem Shipping	21	6
682	egestas Shipping	333	3
683	habitasse Shipping	131	1
684	eleifend Shipping	87	4
685	nunc Shipping	696	4
686	non Shipping	438	3
687	natoque Shipping	596	1
688	imperdiet Shipping	288	1
689	elit Shipping	260	5
690	vestibulum Shipping	444	1
691	accumsan Shipping	205	6
692	posuere Shipping	512	3
693	laoreet Shipping	156	1
694	consectetur Shipping	45	2
695	sollicitudin Shipping	537	3
696	mattis Shipping	700	2
697	id Shipping	477	2
698	ipsum Shipping	300	1
699	scelerisque Shipping	248	1
700	a Shipping	582	1
701	nam Shipping	661	6
702	luctus Shipping	226	5
703	nulla Shipping	314	3
704	in Shipping	695	2
705	nisl Shipping	38	5
706	penatibus Shipping	495	6
707	libero Shipping	222	3
708	massa Shipping	64	2
709	id Shipping	684	2
710	porta Shipping	582	2
711	porttitor Shipping	673	3
712	venenatis Shipping	231	1
713	eleifend Shipping	177	3
714	mus Shipping	456	5
715	congue Shipping	74	2
716	sagittis Shipping	80	6
717	gravida Shipping	522	6
718	leo Shipping	262	5
719	tempor Shipping	428	2
720	ac Shipping	767	4
721	purus Shipping	188	6
722	eget Shipping	280	5
723	hac Shipping	305	5
724	gravida Shipping	497	2
725	nisi Shipping	359	4
726	elit Shipping	339	1
727	hac Shipping	496	3
728	fames Shipping	209	2
729	et Shipping	228	3
730	consectetur Shipping	402	2
731	massa Shipping	290	5
732	metus Shipping	321	1
733	hendrerit Shipping	167	2
734	risus Shipping	289	1
735	cum Shipping	315	1
736	elementum Shipping	214	6
737	ullamcorper Shipping	91	4
738	id Shipping	22	2
739	lectus Shipping	750	6
740	parturient Shipping	268	5
741	aenean Shipping	680	5
742	integer Shipping	33	1
743	ipsum Shipping	472	4
744	curabitur Shipping	61	1
745	natoque Shipping	511	4
746	amet Shipping	634	4
747	tempus Shipping	526	1
748	malesuada Shipping	345	6
749	suscipit Shipping	275	3
750	dui Shipping	404	4
751	accumsan Shipping	787	5
752	luctus Shipping	537	2
753	venenatis Shipping	26	2
754	morbi Shipping	345	3
755	velit Shipping	313	1
756	nisi Shipping	545	6
757	est Shipping	421	1
758	egestas Shipping	228	3
759	lobortis Shipping	475	6
760	platea Shipping	521	1
761	quam Shipping	271	2
762	risus Shipping	661	6
763	cursus Shipping	486	2
764	aliquet Shipping	695	3
765	proin Shipping	251	2
766	gravida Shipping	453	1
767	mauris Shipping	373	5
768	proin Shipping	258	6
769	in Shipping	451	2
770	varius Shipping	404	2
771	duis Shipping	425	2
772	cras Shipping	159	6
773	senectus Shipping	763	3
774	fermentum Shipping	777	6
775	ipsum Shipping	333	1
776	risus Shipping	594	2
777	dictumst Shipping	98	2
778	cras Shipping	274	2
779	etiam Shipping	41	2
780	facilisi Shipping	193	4
781	massa Shipping	480	6
782	fringilla Shipping	562	2
783	dui Shipping	285	5
784	adipiscing Shipping	413	4
785	fames Shipping	258	6
786	natoque Shipping	255	1
787	senectus Shipping	800	5
788	faucibus Shipping	533	1
789	gravida Shipping	135	3
790	risus Shipping	128	4
791	integer Shipping	14	2
792	nullam Shipping	343	4
793	eget Shipping	90	6
794	massa Shipping	374	1
795	pretium Shipping	771	1
796	morbi Shipping	407	1
797	donec Shipping	23	1
798	aenean Shipping	696	6
799	cum Shipping	8	3
800	egestas Shipping	561	2
\.


--
-- Data for Name: support_ticket; Type: TABLE DATA; Schema: public; Owner: postgres
--

COPY public.support_ticket (id, customer_id, order_id, subject, status) FROM stdin;
1	30	20	Odio pellentesque diam volutpat commodo sed egestas.	open
2	87	74	Aliquet nibh praesent tristique magna sit amet purus gravida.	in_progress
3	79	37	Tellus in hac habitasse platea dictumst vestibulum rhoncus est pellentesque.	closed
4	7	25	Cursus turpis massa tincidunt dui ut ornare lectus.	open
5	52	75	Blandit massa enim nec dui.	in_progress
6	52	26	Curabitur vitae nunc sed velit.	closed
7	1	10	Integer enim neque volutpat ac tincidunt.	open
8	2	78	In hac habitasse platea dictumst.	in_progress
9	72	13	Feugiat vivamus at augue eget arcu dictum varius duis at.	closed
10	46	85	Eget mi proin sed libero enim sed faucibus.	open
11	82	92	Quis commodo odio aenean sed adipiscing diam donec adipiscing.	in_progress
12	27	23	Mauris nunc congue nisi vitae suscipit tellus mauris.	closed
13	24	12	Vestibulum lectus mauris ultrices eros in cursus.	open
14	57	18	Ornare arcu dui vivamus arcu felis.	in_progress
15	31	58	Id diam vel quam elementum.	closed
16	18	91	Consectetur purus ut faucibus pulvinar elementum integer enim.	open
17	97	8	Interdum consectetur libero id faucibus nisl tincidunt eget nullam.	in_progress
18	63	100	Scelerisque fermentum dui faucibus in ornare quam viverra orci.	closed
19	26	99	A lacus vestibulum sed arcu non.	open
20	100	91	Aliquam nulla facilisi cras fermentum.	in_progress
21	87	10	Nunc non blandit massa enim nec dui nunc mattis enim.	closed
22	76	34	Mattis nunc sed blandit libero volutpat sed.	open
23	2	22	In vitae turpis massa sed elementum tempus egestas.	in_progress
24	76	91	Dolor magna eget est lorem.	closed
25	55	90	Vitae proin sagittis nisl rhoncus mattis.	open
26	86	17	Feugiat nisl pretium fusce id velit ut.	in_progress
27	91	33	Diam ut venenatis tellus in metus vulputate eu.	closed
28	50	84	Massa placerat duis ultricies lacus sed turpis tincidunt id.	open
29	33	52	Diam vulputate ut pharetra sit amet aliquam.	in_progress
30	48	37	Posuere urna nec tincidunt praesent semper feugiat nibh sed pulvinar.	closed
31	63	35	Massa placerat duis ultricies lacus sed turpis tincidunt id.	open
32	96	10	A arcu cursus vitae congue mauris rhoncus aenean vel elit.	in_progress
33	77	51	Eu tincidunt tortor aliquam nulla facilisi cras fermentum.	closed
34	79	48	Praesent semper feugiat nibh sed pulvinar proin gravida.	open
35	17	33	Sit amet aliquam id diam maecenas ultricies mi eget mauris.	in_progress
36	80	71	Nullam eget felis eget nunc lobortis mattis aliquam faucibus.	closed
37	3	21	Vivamus at augue eget arcu.	open
38	52	33	Feugiat vivamus at augue eget arcu.	in_progress
39	12	82	Ornare massa eget egestas purus.	closed
40	92	32	Facilisis leo vel fringilla est ullamcorper eget.	open
41	67	35	In vitae turpis massa sed elementum tempus egestas sed sed.	in_progress
42	58	57	Tincidunt tortor aliquam nulla facilisi.	closed
43	65	97	Et sollicitudin ac orci phasellus egestas tellus rutrum tellus.	open
44	81	35	Orci porta non pulvinar neque laoreet suspendisse interdum consectetur.	in_progress
45	41	85	Quam lacus suspendisse faucibus interdum posuere.	closed
46	85	29	Justo laoreet sit amet cursus sit amet dictum.	open
47	39	38	Quam lacus suspendisse faucibus interdum posuere lorem ipsum dolor.	in_progress
48	97	95	Dolor sit amet consectetur adipiscing elit pellentesque.	closed
49	47	16	Amet cursus sit amet dictum sit amet justo donec.	open
50	7	91	Purus gravida quis blandit turpis cursus in hac habitasse.	in_progress
51	68	37	Non curabitur gravida arcu ac tortor dignissim.	closed
52	40	34	Eu lobortis elementum nibh tellus.	open
53	100	95	Augue ut lectus arcu bibendum at varius vel pharetra vel.	in_progress
54	39	44	Ut porttitor leo a diam sollicitudin tempor id eu nisl.	closed
55	56	69	Lacinia at quis risus sed vulputate.	open
56	49	31	Quisque id diam vel quam elementum.	in_progress
57	97	80	Pretium aenean pharetra magna ac placerat vestibulum.	closed
58	80	21	Nibh venenatis cras sed felis eget velit aliquet sagittis id.	open
59	38	62	Id nibh tortor id aliquet.	in_progress
60	94	32	Quis viverra nibh cras pulvinar mattis nunc sed.	closed
61	92	49	Nulla pellentesque dignissim enim sit amet.	open
62	4	49	Mattis nunc sed blandit libero volutpat sed.	in_progress
63	50	19	Lectus quam id leo in vitae.	closed
64	70	13	Magna eget est lorem ipsum dolor sit amet consectetur adipiscing.	open
65	31	95	Eu tincidunt tortor aliquam nulla facilisi cras fermentum.	in_progress
66	39	31	Enim lobortis scelerisque fermentum dui faucibus in ornare quam.	closed
67	54	18	Est ultricies integer quis auctor elit sed.	open
68	72	100	Sem viverra aliquet eget sit amet tellus.	in_progress
69	94	53	Ut faucibus pulvinar elementum integer enim neque volutpat ac.	closed
70	27	74	Mauris sit amet massa vitae tortor condimentum lacinia.	open
71	61	45	Dictum non consectetur a erat nam at lectus urna duis.	in_progress
72	50	38	Sollicitudin nibh sit amet commodo nulla facilisi nullam.	closed
73	11	86	Molestie ac feugiat sed lectus.	open
74	28	69	Amet volutpat consequat mauris nunc congue nisi vitae suscipit.	in_progress
75	78	99	Elementum eu facilisis sed odio.	closed
76	42	61	Dui accumsan sit amet nulla facilisi morbi tempus iaculis.	open
77	6	3	Massa id neque aliquam vestibulum morbi blandit.	in_progress
78	15	49	Tortor id aliquet lectus proin nibh nisl condimentum id venenatis.	closed
79	18	78	Tellus molestie nunc non blandit massa enim nec dui.	open
80	71	91	Senectus et netus et malesuada.	in_progress
81	39	62	Sed id semper risus in hendrerit gravida.	closed
82	46	44	Tincidunt augue interdum velit euismod.	open
83	44	61	Orci a scelerisque purus semper eget duis at tellus.	in_progress
84	75	97	Arcu bibendum at varius vel pharetra vel.	closed
85	83	13	Ut ornare lectus sit amet.	open
86	46	70	In vitae turpis massa sed elementum tempus egestas sed sed.	in_progress
87	7	29	Vulputate enim nulla aliquet porttitor lacus luctus accumsan tortor.	closed
88	66	32	Suspendisse interdum consectetur libero id faucibus nisl tincidunt eget nullam.	open
89	55	36	Magnis dis parturient montes nascetur ridiculus mus mauris.	in_progress
90	82	43	Turpis egestas maecenas pharetra convallis posuere morbi leo urna molestie.	closed
91	55	43	Enim facilisis gravida neque convallis a cras semper auctor neque.	open
92	30	59	Porttitor lacus luctus accumsan tortor posuere ac ut.	in_progress
93	30	20	Ultrices in iaculis nunc sed augue lacus.	closed
94	97	90	Sagittis vitae et leo duis ut diam quam nulla porttitor.	open
95	20	46	Facilisis magna etiam tempor orci.	in_progress
96	62	3	Semper feugiat nibh sed pulvinar proin gravida.	closed
97	66	6	Euismod nisi porta lorem mollis aliquam ut porttitor leo.	open
98	72	93	Quis hendrerit dolor magna eget est.	in_progress
99	85	98	Sed arcu non odio euismod lacinia.	closed
100	3	55	Id venenatis a condimentum vitae.	open
101	44	196	Tortor vitae purus faucibus ornare suspendisse sed nisi lacus.	open
102	103	172	At urna condimentum mattis pellentesque id nibh tortor.	in_progress
103	154	115	Lacus vel facilisis volutpat est velit.	closed
104	4	178	Sed cras ornare arcu dui vivamus arcu felis bibendum.	open
105	174	63	Amet consectetur adipiscing elit ut aliquam purus sit.	in_progress
106	13	157	Eu consequat ac felis donec.	closed
107	55	132	Molestie ac feugiat sed lectus vestibulum mattis ullamcorper velit.	open
108	124	136	Quam quisque id diam vel quam elementum pulvinar etiam.	in_progress
109	63	3	Tincidunt augue interdum velit euismod.	closed
110	84	170	Congue mauris rhoncus aenean vel elit.	open
111	150	117	Enim facilisis gravida neque convallis a cras semper auctor neque.	in_progress
112	145	18	Interdum varius sit amet mattis vulputate.	closed
113	34	125	Cursus turpis massa tincidunt dui ut ornare lectus.	open
114	187	108	Dolor magna eget est lorem.	in_progress
115	161	125	Amet volutpat consequat mauris nunc congue.	closed
116	28	173	Tellus in hac habitasse platea dictumst vestibulum.	open
117	160	1	Amet consectetur adipiscing elit pellentesque habitant morbi tristique senectus.	in_progress
118	162	65	In vitae turpis massa sed elementum tempus egestas.	closed
119	168	88	Ultricies leo integer malesuada nunc vel risus commodo viverra.	open
120	147	10	Vestibulum lorem sed risus ultricies tristique nulla aliquet enim tortor.	in_progress
121	96	194	Facilisis volutpat est velit egestas dui id ornare arcu.	closed
122	95	122	Aliquet nibh praesent tristique magna sit.	open
123	131	152	Semper eget duis at tellus at urna condimentum.	in_progress
124	180	97	Aliquet sagittis id consectetur purus ut faucibus pulvinar.	closed
125	109	12	Sagittis aliquam malesuada bibendum arcu vitae elementum.	open
126	87	155	Pharetra sit amet aliquam id diam maecenas ultricies mi eget.	in_progress
127	34	68	Natoque penatibus et magnis dis.	closed
128	22	1	Amet nisl purus in mollis nunc sed.	open
129	165	24	Tellus molestie nunc non blandit massa enim nec dui nunc.	in_progress
130	86	126	Laoreet id donec ultrices tincidunt arcu non sodales neque.	closed
131	77	62	Ac tortor dignissim convallis aenean et tortor at.	open
132	64	94	At in tellus integer feugiat scelerisque varius morbi.	in_progress
133	49	163	Velit egestas dui id ornare arcu odio ut.	closed
134	38	20	Blandit turpis cursus in hac habitasse platea dictumst quisque.	open
135	135	64	Nisl rhoncus mattis rhoncus urna neque viverra justo nec.	in_progress
136	29	59	Molestie a iaculis at erat pellentesque.	closed
137	134	126	Turpis egestas maecenas pharetra convallis posuere morbi leo urna molestie.	open
138	139	134	Massa massa ultricies mi quis hendrerit.	in_progress
139	148	160	Laoreet non curabitur gravida arcu ac.	closed
140	159	152	Aliquam etiam erat velit scelerisque in dictum.	open
141	9	90	Facilisi cras fermentum odio eu feugiat pretium nibh ipsum consequat.	in_progress
142	130	65	Porttitor lacus luctus accumsan tortor posuere ac ut.	closed
143	146	95	Integer eget aliquet nibh praesent tristique magna sit amet.	open
144	68	14	Lectus quam id leo in.	in_progress
145	43	149	Fermentum et sollicitudin ac orci.	closed
146	175	73	Et magnis dis parturient montes.	open
147	118	122	Lobortis feugiat vivamus at augue eget.	in_progress
148	72	58	Dignissim diam quis enim lobortis scelerisque.	closed
149	193	23	Tellus integer feugiat scelerisque varius morbi enim nunc faucibus a.	open
150	31	162	Nullam eget felis eget nunc.	in_progress
151	121	167	Egestas fringilla phasellus faucibus scelerisque eleifend donec.	closed
152	89	132	Aliquet risus feugiat in ante.	open
153	64	150	Laoreet non curabitur gravida arcu ac tortor dignissim.	in_progress
154	70	130	Morbi tristique senectus et netus et malesuada.	closed
155	31	70	Ac felis donec et odio pellentesque.	open
156	93	166	Mi sit amet mauris commodo quis imperdiet.	in_progress
157	53	50	Urna cursus eget nunc scelerisque viverra mauris in aliquam sem.	closed
158	110	107	A arcu cursus vitae congue mauris rhoncus aenean vel elit.	open
159	20	95	In mollis nunc sed id semper risus.	in_progress
160	26	173	Eu consequat ac felis donec et odio pellentesque diam.	closed
161	18	44	Netus et malesuada fames ac turpis egestas sed tempus urna.	open
162	89	15	Adipiscing at in tellus integer feugiat scelerisque varius morbi enim.	in_progress
163	160	114	Cras semper auctor neque vitae.	closed
164	181	192	Nunc sed velit dignissim sodales ut eu sem integer.	open
165	168	147	Adipiscing at in tellus integer feugiat scelerisque varius morbi enim.	in_progress
166	189	55	In cursus turpis massa tincidunt dui ut.	closed
167	24	36	In hac habitasse platea dictumst quisque sagittis.	open
168	67	90	Facilisi cras fermentum odio eu feugiat pretium nibh ipsum consequat.	in_progress
169	129	77	At augue eget arcu dictum varius duis at consectetur.	closed
170	3	194	Aliquet eget sit amet tellus cras.	open
171	73	167	Vel facilisis volutpat est velit egestas dui id ornare.	in_progress
172	174	188	Laoreet sit amet cursus sit amet dictum sit.	closed
173	115	80	Varius morbi enim nunc faucibus.	open
174	199	77	Diam donec adipiscing tristique risus nec feugiat in.	in_progress
175	112	146	Orci porta non pulvinar neque laoreet suspendisse interdum consectetur.	closed
176	12	152	Eget sit amet tellus cras adipiscing enim eu.	open
177	113	20	Molestie ac feugiat sed lectus vestibulum mattis ullamcorper velit.	in_progress
178	93	195	In ornare quam viverra orci.	closed
179	90	62	Diam vel quam elementum pulvinar etiam non.	open
180	95	197	Cursus eget nunc scelerisque viverra mauris in.	in_progress
181	10	66	A scelerisque purus semper eget duis at.	closed
182	92	115	Vitae proin sagittis nisl rhoncus mattis.	open
183	170	120	Vitae et leo duis ut diam quam nulla porttitor massa.	in_progress
184	66	98	Consectetur purus ut faucibus pulvinar elementum integer enim neque.	closed
185	192	104	Sit amet purus gravida quis blandit turpis cursus in.	open
186	31	139	Laoreet non curabitur gravida arcu ac tortor dignissim.	in_progress
187	178	31	Dapibus ultrices in iaculis nunc sed augue.	closed
188	12	141	Tortor aliquam nulla facilisi cras fermentum.	open
189	125	151	Nisi scelerisque eu ultrices vitae auctor eu.	in_progress
190	108	145	Lobortis mattis aliquam faucibus purus.	closed
191	162	4	In mollis nunc sed id semper.	open
192	121	136	Lectus sit amet est placerat in egestas erat.	in_progress
193	197	191	Ornare massa eget egestas purus.	closed
194	24	164	Eget velit aliquet sagittis id consectetur purus ut.	open
195	33	192	Eu consequat ac felis donec et odio pellentesque diam.	in_progress
196	127	1	Vestibulum lectus mauris ultrices eros in cursus.	closed
197	85	68	Sagittis id consectetur purus ut faucibus pulvinar elementum integer.	open
198	68	5	Lacus laoreet non curabitur gravida arcu.	in_progress
199	67	81	Quam viverra orci sagittis eu volutpat odio facilisis.	closed
200	142	130	Dictum non consectetur a erat nam at lectus urna duis.	open
201	293	90	Enim neque volutpat ac tincidunt vitae semper quis lectus.	open
202	171	289	Blandit massa enim nec dui.	in_progress
203	50	126	Porttitor massa id neque aliquam vestibulum morbi blandit cursus.	closed
204	231	260	Porttitor eget dolor morbi non arcu risus quis varius quam.	open
205	105	260	Cras adipiscing enim eu turpis egestas pretium aenean pharetra.	in_progress
206	200	233	Ac orci phasellus egestas tellus rutrum tellus pellentesque eu tincidunt.	closed
207	143	63	Dapibus ultrices in iaculis nunc sed augue.	open
208	8	38	Accumsan sit amet nulla facilisi morbi.	in_progress
209	94	114	Fames ac turpis egestas maecenas pharetra.	closed
210	180	144	Maecenas sed enim ut sem viverra aliquet eget.	open
211	84	237	Volutpat commodo sed egestas egestas fringilla phasellus faucibus scelerisque eleifend.	in_progress
212	83	34	Ullamcorper velit sed ullamcorper morbi tincidunt.	closed
213	297	21	Sed sed risus pretium quam vulputate dignissim suspendisse in.	open
214	193	295	Massa tincidunt dui ut ornare lectus sit amet est.	in_progress
215	29	216	Dolor sed viverra ipsum nunc aliquet bibendum enim facilisis.	closed
216	149	127	Odio eu feugiat pretium nibh ipsum.	open
217	93	200	Nibh tellus molestie nunc non blandit massa enim.	in_progress
218	122	284	In nibh mauris cursus mattis molestie.	closed
219	206	152	In mollis nunc sed id semper risus.	open
220	200	21	Leo in vitae turpis massa sed elementum tempus egestas.	in_progress
221	18	284	Mi proin sed libero enim.	closed
222	226	285	Neque volutpat ac tincidunt vitae semper quis.	open
223	140	199	Enim ut tellus elementum sagittis vitae.	in_progress
224	265	187	Amet est placerat in egestas erat imperdiet.	closed
225	253	61	Felis donec et odio pellentesque diam volutpat.	open
226	149	209	Eget gravida cum sociis natoque penatibus et magnis.	in_progress
227	159	41	Nec tincidunt praesent semper feugiat nibh sed pulvinar proin.	closed
228	83	260	Felis donec et odio pellentesque diam volutpat.	open
229	55	258	Sit amet facilisis magna etiam tempor orci.	in_progress
230	116	278	Diam quam nulla porttitor massa id neque aliquam vestibulum.	closed
231	109	194	Est pellentesque elit ullamcorper dignissim cras tincidunt lobortis feugiat.	open
232	36	54	Massa massa ultricies mi quis hendrerit.	in_progress
233	231	107	Malesuada fames ac turpis egestas maecenas.	closed
234	254	91	Egestas dui id ornare arcu.	open
235	7	143	Sed tempus urna et pharetra pharetra massa massa.	in_progress
236	93	68	Risus ultricies tristique nulla aliquet enim tortor at auctor urna.	closed
237	20	268	A lacus vestibulum sed arcu non odio euismod lacinia at.	open
238	218	223	Praesent semper feugiat nibh sed pulvinar proin gravida hendrerit lectus.	in_progress
239	46	171	Dui accumsan sit amet nulla facilisi morbi tempus iaculis.	closed
240	102	192	Maecenas sed enim ut sem viverra aliquet eget.	open
241	122	242	Viverra vitae congue eu consequat ac.	in_progress
242	30	284	Sed vulputate mi sit amet mauris.	closed
243	111	205	Dictumst quisque sagittis purus sit amet volutpat consequat mauris nunc.	open
244	91	235	Semper eget duis at tellus at urna condimentum.	in_progress
245	280	213	Sollicitudin nibh sit amet commodo nulla facilisi nullam.	closed
246	252	283	Id aliquet lectus proin nibh nisl condimentum id venenatis.	open
247	220	73	Varius morbi enim nunc faucibus a pellentesque.	in_progress
248	74	206	Gravida neque convallis a cras semper.	closed
249	58	181	Elementum eu facilisis sed odio.	open
250	275	212	Diam vel quam elementum pulvinar etiam non quam lacus suspendisse.	in_progress
251	11	115	Quis blandit turpis cursus in hac habitasse platea dictumst quisque.	closed
252	220	1	Dui faucibus in ornare quam viverra orci sagittis eu.	open
253	39	58	At varius vel pharetra vel turpis nunc eget lorem dolor.	in_progress
254	195	124	Non enim praesent elementum facilisis leo vel fringilla est.	closed
255	265	226	Nibh cras pulvinar mattis nunc sed blandit libero volutpat.	open
256	185	17	Nunc mattis enim ut tellus.	in_progress
257	234	23	Semper feugiat nibh sed pulvinar proin gravida.	closed
258	180	12	Nunc sed id semper risus in hendrerit gravida.	open
259	165	213	Sit amet nisl suscipit adipiscing.	in_progress
260	151	136	Facilisis volutpat est velit egestas dui id ornare arcu.	closed
261	143	280	Purus in massa tempor nec feugiat nisl pretium fusce.	open
262	142	108	Morbi tempus iaculis urna id volutpat lacus.	in_progress
263	278	53	Accumsan tortor posuere ac ut consequat.	closed
264	284	2	Augue neque gravida in fermentum et sollicitudin ac orci phasellus.	open
265	44	222	Purus viverra accumsan in nisl nisi scelerisque.	in_progress
266	241	23	Arcu cursus euismod quis viverra nibh cras pulvinar.	closed
267	86	266	Amet volutpat consequat mauris nunc congue.	open
268	269	46	Cursus turpis massa tincidunt dui ut.	in_progress
269	235	1	Orci sagittis eu volutpat odio facilisis mauris sit.	closed
270	65	222	Elit at imperdiet dui accumsan sit amet nulla.	open
271	99	298	Tortor id aliquet lectus proin nibh nisl condimentum id venenatis.	in_progress
272	215	241	Est pellentesque elit ullamcorper dignissim cras.	closed
273	60	50	Varius sit amet mattis vulputate enim nulla aliquet porttitor.	open
274	20	162	A lacus vestibulum sed arcu non odio euismod lacinia at.	in_progress
275	176	182	Sed lectus vestibulum mattis ullamcorper velit sed ullamcorper morbi.	closed
276	159	69	Magnis dis parturient montes nascetur ridiculus mus mauris.	open
277	130	287	Vel risus commodo viverra maecenas accumsan lacus.	in_progress
278	120	201	Turpis egestas maecenas pharetra convallis posuere morbi leo urna molestie.	closed
279	13	255	Nibh nisl condimentum id venenatis a condimentum vitae sapien pellentesque.	open
280	167	167	Orci sagittis eu volutpat odio facilisis mauris sit.	in_progress
281	163	194	Libero nunc consequat interdum varius sit amet mattis vulputate.	closed
282	232	171	Volutpat ac tincidunt vitae semper quis lectus.	open
283	158	149	Sed vulputate odio ut enim blandit volutpat maecenas volutpat.	in_progress
284	270	55	Vel facilisis volutpat est velit egestas.	closed
285	244	284	Eget nunc lobortis mattis aliquam faucibus purus in massa.	open
286	265	136	Ut ornare lectus sit amet.	in_progress
287	49	232	Sodales ut eu sem integer vitae.	closed
288	62	121	Quam vulputate dignissim suspendisse in est ante in nibh.	open
289	139	267	Fringilla urna porttitor rhoncus dolor purus non.	in_progress
290	25	95	Tincidunt nunc pulvinar sapien et ligula ullamcorper malesuada.	closed
291	44	72	Tellus pellentesque eu tincidunt tortor.	open
292	54	113	Elit ut aliquam purus sit amet luctus venenatis lectus.	in_progress
293	170	229	Aliquam eleifend mi in nulla posuere sollicitudin.	closed
294	192	256	Nulla aliquet enim tortor at auctor.	open
295	113	197	Amet tellus cras adipiscing enim eu.	in_progress
296	18	111	Volutpat commodo sed egestas egestas fringilla phasellus faucibus scelerisque eleifend.	closed
297	53	134	In ornare quam viverra orci sagittis eu volutpat odio facilisis.	open
298	182	88	Sed id semper risus in hendrerit gravida rutrum quisque.	in_progress
299	259	2	Morbi non arcu risus quis varius quam quisque id diam.	closed
300	73	59	Posuere lorem ipsum dolor sit amet consectetur adipiscing elit.	open
301	177	388	A diam sollicitudin tempor id eu nisl nunc.	open
302	197	192	Morbi non arcu risus quis varius quam quisque id diam.	in_progress
303	202	94	Purus in mollis nunc sed id semper risus.	closed
304	59	33	Enim sed faucibus turpis in eu mi bibendum.	open
305	353	83	Posuere lorem ipsum dolor sit amet consectetur adipiscing elit.	in_progress
306	85	325	Cras fermentum odio eu feugiat pretium.	closed
307	2	34	Velit sed ullamcorper morbi tincidunt ornare massa eget.	open
308	182	329	Tortor id aliquet lectus proin nibh nisl condimentum id venenatis.	in_progress
309	334	391	Neque ornare aenean euismod elementum nisi quis.	closed
310	183	190	Semper eget duis at tellus at urna condimentum.	open
311	162	262	Tortor vitae purus faucibus ornare suspendisse sed nisi lacus.	in_progress
312	68	125	Odio tempor orci dapibus ultrices.	closed
313	128	31	Accumsan sit amet nulla facilisi morbi.	open
314	367	356	Arcu non sodales neque sodales ut etiam sit.	in_progress
315	342	348	Nibh ipsum consequat nisl vel pretium lectus.	closed
316	371	125	Libero nunc consequat interdum varius sit amet.	open
317	33	72	Nunc congue nisi vitae suscipit tellus mauris.	in_progress
318	214	56	Tellus molestie nunc non blandit massa enim nec dui nunc.	closed
319	14	250	Interdum velit euismod in pellentesque massa placerat duis ultricies lacus.	open
320	39	274	A lacus vestibulum sed arcu non.	in_progress
321	312	142	Nec dui nunc mattis enim ut.	closed
322	40	34	Enim lobortis scelerisque fermentum dui faucibus in ornare quam.	open
323	272	56	Eu tincidunt tortor aliquam nulla facilisi cras.	in_progress
324	230	276	Nisi lacus sed viverra tellus in hac habitasse platea.	closed
325	330	353	Placerat in egestas erat imperdiet sed euismod.	open
326	82	224	Rutrum quisque non tellus orci ac auctor augue mauris.	in_progress
327	227	109	Magna sit amet purus gravida quis.	closed
328	248	210	Non blandit massa enim nec dui.	open
329	85	309	Sit amet porttitor eget dolor morbi non arcu risus quis.	in_progress
330	22	298	In vitae turpis massa sed elementum tempus egestas sed sed.	closed
331	138	168	Porttitor lacus luctus accumsan tortor posuere ac ut.	open
332	355	15	Sagittis id consectetur purus ut faucibus pulvinar elementum integer.	in_progress
333	400	312	Hendrerit gravida rutrum quisque non tellus orci ac.	closed
334	259	81	Rutrum quisque non tellus orci ac auctor augue mauris.	open
335	352	62	Tristique senectus et netus et malesuada fames ac.	in_progress
336	333	158	Tortor dignissim convallis aenean et tortor.	closed
337	102	111	Aliquet eget sit amet tellus cras.	open
338	287	361	Adipiscing diam donec adipiscing tristique.	in_progress
339	278	357	Erat nam at lectus urna duis convallis convallis.	closed
340	257	207	Adipiscing diam donec adipiscing tristique risus nec feugiat in.	open
341	312	308	Maecenas sed enim ut sem viverra aliquet eget.	in_progress
342	107	302	Vulputate mi sit amet mauris commodo quis.	closed
343	135	236	Dignissim sodales ut eu sem integer.	open
344	365	292	Vestibulum lorem sed risus ultricies tristique nulla aliquet enim tortor.	in_progress
345	211	80	Ultrices dui sapien eget mi proin sed libero.	closed
346	136	122	Pellentesque dignissim enim sit amet.	open
347	340	261	Id diam vel quam elementum.	in_progress
348	77	306	Nec feugiat in fermentum posuere urna nec.	closed
349	392	170	Viverra vitae congue eu consequat ac.	open
350	205	6	Odio ut sem nulla pharetra diam sit amet nisl suscipit.	in_progress
351	288	332	Amet risus nullam eget felis.	closed
352	144	28	Vel facilisis volutpat est velit egestas.	open
353	386	361	Lectus quam id leo in vitae.	in_progress
354	316	319	Sit amet venenatis urna cursus eget nunc scelerisque.	closed
355	221	65	Lorem ipsum dolor sit amet, consectetur adipiscing elit, sed do eiusmod tempor incididunt ut labore et dolore magna aliqua.	open
356	211	329	Condimentum lacinia quis vel eros.	in_progress
357	142	190	Elementum curabitur vitae nunc sed velit dignissim.	closed
358	200	387	Ipsum dolor sit amet consectetur adipiscing elit ut aliquam purus.	open
359	375	354	Nibh nisl condimentum id venenatis a condimentum vitae.	in_progress
360	223	390	Faucibus nisl tincidunt eget nullam.	closed
361	374	294	Senectus et netus et malesuada fames ac turpis egestas integer.	open
362	110	134	Integer malesuada nunc vel risus commodo viverra maecenas.	in_progress
363	308	239	Sem et tortor consequat id.	closed
364	72	327	Morbi tristique senectus et netus et malesuada fames.	open
365	320	40	Ipsum faucibus vitae aliquet nec ullamcorper sit amet risus nullam.	in_progress
366	95	390	Quis auctor elit sed vulputate mi sit amet mauris commodo.	closed
367	131	163	Viverra maecenas accumsan lacus vel facilisis volutpat est velit.	open
368	308	148	In nisl nisi scelerisque eu ultrices vitae auctor eu augue.	in_progress
369	136	66	Enim sit amet venenatis urna cursus.	closed
370	191	272	Turpis cursus in hac habitasse platea dictumst quisque.	open
371	208	4	Nunc vel risus commodo viverra maecenas accumsan.	in_progress
372	41	191	Tristique et egestas quis ipsum suspendisse ultrices gravida dictum fusce.	closed
373	13	207	Id diam vel quam elementum.	open
374	350	130	Tincidunt vitae semper quis lectus nulla at.	in_progress
375	376	358	Sed vulputate odio ut enim blandit volutpat maecenas volutpat.	closed
376	351	272	Auctor neque vitae tempus quam pellentesque nec nam aliquam sem.	open
377	230	13	Facilisi nullam vehicula ipsum a arcu cursus.	in_progress
378	179	150	Dolor sit amet consectetur adipiscing elit pellentesque habitant.	closed
379	347	203	Orci sagittis eu volutpat odio facilisis mauris sit.	open
380	278	329	Congue mauris rhoncus aenean vel elit.	in_progress
381	381	212	Semper feugiat nibh sed pulvinar proin gravida.	closed
382	156	146	Proin nibh nisl condimentum id venenatis a condimentum vitae.	open
383	71	149	Quis viverra nibh cras pulvinar mattis nunc sed.	in_progress
384	134	54	Sed viverra tellus in hac habitasse platea.	closed
385	241	177	Neque viverra justo nec ultrices dui sapien eget.	open
386	222	130	Tincidunt eget nullam non nisi est sit amet.	in_progress
387	201	136	Interdum velit euismod in pellentesque massa placerat duis ultricies lacus.	closed
388	48	141	Cras fermentum odio eu feugiat pretium.	open
389	324	114	Non curabitur gravida arcu ac tortor dignissim.	in_progress
390	91	20	Nulla aliquet porttitor lacus luctus accumsan tortor posuere.	closed
391	346	237	Pharetra convallis posuere morbi leo urna molestie at.	open
392	235	363	Mauris sit amet massa vitae tortor condimentum lacinia.	in_progress
393	246	321	In hac habitasse platea dictumst quisque sagittis.	closed
394	179	24	Vitae proin sagittis nisl rhoncus mattis rhoncus.	open
395	61	43	Viverra accumsan in nisl nisi scelerisque eu ultrices vitae auctor.	in_progress
396	243	369	Vitae proin sagittis nisl rhoncus.	closed
397	107	22	Nisl rhoncus mattis rhoncus urna neque viverra justo nec.	open
398	206	66	Congue mauris rhoncus aenean vel elit.	in_progress
399	168	29	Nulla pellentesque dignissim enim sit amet.	closed
400	5	37	Convallis posuere morbi leo urna.	open
401	256	438	Aliquam vestibulum morbi blandit cursus risus at ultrices mi tempus.	open
402	364	237	Non curabitur gravida arcu ac tortor dignissim.	in_progress
403	284	302	Adipiscing diam donec adipiscing tristique.	closed
404	61	113	Metus vulputate eu scelerisque felis imperdiet.	open
405	154	353	In iaculis nunc sed augue lacus viverra.	in_progress
406	79	161	Sed pulvinar proin gravida hendrerit.	closed
407	260	338	Condimentum lacinia quis vel eros.	open
408	320	96	Arcu cursus euismod quis viverra nibh cras pulvinar.	in_progress
409	426	54	Fermentum et sollicitudin ac orci.	closed
410	339	259	Elit eget gravida cum sociis natoque penatibus et magnis.	open
411	4	334	At risus viverra adipiscing at in tellus integer feugiat scelerisque.	in_progress
412	278	455	Faucibus turpis in eu mi bibendum neque egestas.	closed
413	125	190	Nec feugiat nisl pretium fusce.	open
414	72	145	Odio pellentesque diam volutpat commodo sed egestas.	in_progress
415	415	394	Fusce id velit ut tortor pretium viverra suspendisse.	closed
416	227	43	Ipsum nunc aliquet bibendum enim facilisis.	open
417	214	406	Faucibus nisl tincidunt eget nullam.	in_progress
418	292	188	Consectetur adipiscing elit ut aliquam.	closed
419	14	499	Odio ut enim blandit volutpat maecenas volutpat blandit.	open
420	321	274	Elementum tempus egestas sed sed risus pretium quam vulputate.	in_progress
421	241	33	Sem nulla pharetra diam sit amet nisl suscipit adipiscing bibendum.	closed
422	497	95	Quis lectus nulla at volutpat diam ut venenatis.	open
423	493	173	Posuere morbi leo urna molestie at elementum eu.	in_progress
424	265	337	Sit amet facilisis magna etiam tempor orci eu lobortis.	closed
425	458	273	Sapien nec sagittis aliquam malesuada.	open
426	273	429	Congue nisi vitae suscipit tellus.	in_progress
427	254	278	Eu tincidunt tortor aliquam nulla facilisi cras.	closed
428	278	444	Purus in massa tempor nec feugiat nisl pretium fusce.	open
429	11	488	Placerat in egestas erat imperdiet sed euismod nisi porta lorem.	in_progress
430	446	296	Aliquet risus feugiat in ante.	closed
431	311	197	Sit amet porttitor eget dolor morbi non arcu risus quis.	open
432	46	336	Ullamcorper velit sed ullamcorper morbi tincidunt.	in_progress
433	73	218	Nunc congue nisi vitae suscipit tellus mauris.	closed
434	481	71	Erat pellentesque adipiscing commodo elit at imperdiet dui accumsan sit.	open
435	400	258	Lorem ipsum dolor sit amet consectetur adipiscing elit duis tristique.	in_progress
436	390	193	Id semper risus in hendrerit gravida.	closed
437	74	313	Sed ullamcorper morbi tincidunt ornare massa.	open
438	55	68	Eleifend quam adipiscing vitae proin sagittis nisl rhoncus.	in_progress
439	27	10	Ultricies tristique nulla aliquet enim tortor at auctor urna nunc.	closed
440	388	415	Sagittis nisl rhoncus mattis rhoncus urna neque viverra justo.	open
441	381	199	Pellentesque elit eget gravida cum sociis natoque penatibus et magnis.	in_progress
442	441	335	Id donec ultrices tincidunt arcu non sodales neque sodales.	closed
443	221	357	Molestie at elementum eu facilisis sed odio morbi quis commodo.	open
444	161	10	Eu consequat ac felis donec.	in_progress
445	397	61	Accumsan sit amet nulla facilisi morbi.	closed
446	311	174	Pulvinar pellentesque habitant morbi tristique.	open
447	238	398	Mauris in aliquam sem fringilla ut.	in_progress
448	66	296	Molestie ac feugiat sed lectus vestibulum mattis ullamcorper velit.	closed
449	25	450	Feugiat vivamus at augue eget arcu.	open
450	413	16	Curabitur vitae nunc sed velit dignissim.	in_progress
451	21	378	Nibh nisl condimentum id venenatis a condimentum vitae sapien pellentesque.	closed
452	231	33	Blandit aliquam etiam erat velit.	open
453	239	4	Morbi tempus iaculis urna id volutpat lacus.	in_progress
454	263	454	Sapien nec sagittis aliquam malesuada bibendum arcu.	closed
455	379	491	Ridiculus mus mauris vitae ultricies.	open
456	23	209	Semper feugiat nibh sed pulvinar proin gravida.	in_progress
457	183	194	In pellentesque massa placerat duis ultricies lacus sed turpis.	closed
458	130	427	Nibh venenatis cras sed felis eget.	open
459	112	214	Malesuada fames ac turpis egestas maecenas.	in_progress
460	305	408	Aliquet nec ullamcorper sit amet.	closed
461	44	138	Semper auctor neque vitae tempus.	open
462	282	249	Id volutpat lacus laoreet non curabitur gravida arcu ac.	in_progress
463	75	487	Massa tincidunt dui ut ornare lectus sit amet est.	closed
464	160	161	In metus vulputate eu scelerisque felis.	open
465	241	90	Dictumst quisque sagittis purus sit amet volutpat consequat mauris nunc.	in_progress
466	499	434	Bibendum arcu vitae elementum curabitur vitae nunc sed velit dignissim.	closed
467	94	207	Consectetur a erat nam at lectus urna duis convallis convallis.	open
468	426	234	Vulputate mi sit amet mauris commodo quis.	in_progress
469	78	356	Eget velit aliquet sagittis id consectetur purus.	closed
470	52	347	Tempor id eu nisl nunc mi ipsum.	open
471	98	386	Est ultricies integer quis auctor elit sed.	in_progress
472	305	472	Purus ut faucibus pulvinar elementum.	closed
473	366	28	Facilisis magna etiam tempor orci.	open
474	3	123	Ullamcorper morbi tincidunt ornare massa eget egestas purus viverra accumsan.	in_progress
475	276	238	Nulla pharetra diam sit amet nisl.	closed
476	76	120	Integer malesuada nunc vel risus commodo.	open
477	78	191	Ullamcorper eget nulla facilisi etiam dignissim diam.	in_progress
478	429	119	In nibh mauris cursus mattis molestie.	closed
479	29	92	Mattis enim ut tellus elementum sagittis vitae et leo.	open
480	125	194	Orci ac auctor augue mauris augue neque gravida in fermentum.	in_progress
481	178	175	Aenean et tortor at risus viverra adipiscing at in.	closed
482	113	470	Placerat in egestas erat imperdiet sed euismod.	open
483	281	438	Sed ullamcorper morbi tincidunt ornare massa eget.	in_progress
484	347	309	Fermentum odio eu feugiat pretium nibh ipsum consequat.	closed
485	119	412	Facilisi nullam vehicula ipsum a arcu cursus.	open
486	135	103	Tincidunt eget nullam non nisi est sit amet.	in_progress
487	347	356	Ipsum faucibus vitae aliquet nec ullamcorper.	closed
488	181	206	Quis risus sed vulputate odio ut enim.	open
489	179	451	Arcu ac tortor dignissim convallis aenean et tortor.	in_progress
490	64	458	Magnis dis parturient montes nascetur.	closed
491	67	20	Erat imperdiet sed euismod nisi porta.	open
492	444	409	Donec massa sapien faucibus et molestie.	in_progress
493	91	132	Tellus integer feugiat scelerisque varius morbi.	closed
494	41	307	Ut porttitor leo a diam sollicitudin tempor.	open
495	487	432	Sed libero enim sed faucibus turpis in eu mi.	in_progress
496	324	438	Sed lectus vestibulum mattis ullamcorper velit sed ullamcorper morbi.	closed
497	400	473	Convallis convallis tellus id interdum.	open
498	290	277	Id consectetur purus ut faucibus pulvinar elementum integer enim.	in_progress
499	482	294	Molestie at elementum eu facilisis sed odio morbi quis.	closed
500	79	492	Sit amet consectetur adipiscing elit duis tristique sollicitudin nibh.	open
501	255	166	Aliquam vestibulum morbi blandit cursus risus at ultrices mi tempus.	open
502	177	496	Consectetur a erat nam at lectus urna duis convallis convallis.	in_progress
503	308	467	Ipsum dolor sit amet consectetur adipiscing elit duis tristique sollicitudin.	closed
504	233	245	Id nibh tortor id aliquet lectus proin.	open
505	196	96	Lectus quam id leo in.	in_progress
506	78	367	Vel risus commodo viverra maecenas accumsan.	closed
507	318	417	Ultricies mi quis hendrerit dolor magna eget est lorem ipsum.	open
508	247	371	Aliquam purus sit amet luctus venenatis lectus magna fringilla urna.	in_progress
509	275	426	Purus viverra accumsan in nisl nisi scelerisque.	closed
510	598	435	Ullamcorper eget nulla facilisi etiam dignissim diam.	open
511	445	510	Nunc non blandit massa enim nec dui nunc mattis enim.	in_progress
512	294	27	Nec dui nunc mattis enim.	closed
513	365	571	Magna fermentum iaculis eu non diam.	open
514	62	551	Nulla porttitor massa id neque.	in_progress
515	437	357	Id faucibus nisl tincidunt eget nullam non nisi.	closed
516	340	93	Pulvinar pellentesque habitant morbi tristique.	open
517	592	184	Volutpat consequat mauris nunc congue nisi.	in_progress
518	561	37	Purus viverra accumsan in nisl nisi scelerisque.	closed
519	305	388	Amet volutpat consequat mauris nunc congue nisi.	open
520	46	414	Elementum eu facilisis sed odio.	in_progress
521	260	102	Ac tortor vitae purus faucibus ornare.	closed
522	350	346	Posuere morbi leo urna molestie at elementum eu facilisis sed.	open
523	141	125	Ut ornare lectus sit amet est placerat.	in_progress
524	11	11	Ornare arcu odio ut sem.	closed
525	433	405	Mi in nulla posuere sollicitudin aliquam ultrices.	open
526	79	372	In nibh mauris cursus mattis molestie.	in_progress
527	185	514	Sollicitudin nibh sit amet commodo nulla facilisi nullam.	closed
528	41	160	Et malesuada fames ac turpis egestas maecenas.	open
529	556	151	Quis hendrerit dolor magna eget est lorem.	in_progress
530	436	93	Non sodales neque sodales ut etiam sit amet nisl purus.	closed
531	60	580	Eu sem integer vitae justo.	open
532	388	67	Ac felis donec et odio pellentesque diam volutpat commodo.	in_progress
533	594	290	Neque convallis a cras semper auctor neque.	closed
534	3	20	Tortor aliquam nulla facilisi cras fermentum.	open
535	19	99	Molestie at elementum eu facilisis sed odio morbi quis commodo.	in_progress
536	495	51	Porttitor lacus luctus accumsan tortor posuere ac ut.	closed
537	561	445	Erat pellentesque adipiscing commodo elit at imperdiet dui accumsan sit.	open
538	53	65	Molestie a iaculis at erat pellentesque.	in_progress
539	145	12	Enim lobortis scelerisque fermentum dui faucibus in ornare quam.	closed
540	139	569	Urna neque viverra justo nec ultrices dui sapien eget.	open
541	331	209	Egestas sed sed risus pretium quam vulputate.	in_progress
542	48	184	Amet venenatis urna cursus eget.	closed
543	352	102	Aliquam id diam maecenas ultricies.	open
544	441	571	Sagittis nisl rhoncus mattis rhoncus urna neque viverra justo.	in_progress
545	326	346	Dapibus ultrices in iaculis nunc sed augue lacus viverra.	closed
546	122	591	Elementum eu facilisis sed odio.	open
547	204	377	Convallis convallis tellus id interdum.	in_progress
548	512	252	In metus vulputate eu scelerisque felis.	closed
549	258	183	Varius vel pharetra vel turpis nunc eget lorem dolor sed.	open
550	204	259	Eget gravida cum sociis natoque penatibus et magnis.	in_progress
551	301	310	Ac tortor vitae purus faucibus ornare.	closed
552	248	587	Sagittis purus sit amet volutpat consequat mauris nunc.	open
553	430	73	Fringilla ut morbi tincidunt augue interdum velit euismod in pellentesque.	in_progress
554	557	266	Molestie ac feugiat sed lectus.	closed
555	347	223	Gravida rutrum quisque non tellus orci ac.	open
556	142	462	Facilisi cras fermentum odio eu feugiat pretium nibh ipsum consequat.	in_progress
557	27	426	Sem nulla pharetra diam sit amet nisl suscipit adipiscing bibendum.	closed
558	186	178	Viverra aliquet eget sit amet.	open
559	118	306	Nisl nunc mi ipsum faucibus vitae aliquet nec.	in_progress
560	479	434	Lacus vestibulum sed arcu non odio euismod lacinia.	closed
561	184	51	Fusce id velit ut tortor pretium viverra suspendisse.	open
562	190	267	Sed id semper risus in hendrerit gravida.	in_progress
563	184	534	Tellus integer feugiat scelerisque varius morbi.	closed
564	254	493	Fermentum posuere urna nec tincidunt.	open
565	240	564	Nibh venenatis cras sed felis eget.	in_progress
566	15	375	Sit amet tellus cras adipiscing enim eu turpis.	closed
567	569	450	Nulla pharetra diam sit amet nisl suscipit adipiscing.	open
568	474	472	Aliquet porttitor lacus luctus accumsan tortor posuere ac.	in_progress
569	81	226	Dolor sed viverra ipsum nunc.	closed
570	500	434	Eget aliquet nibh praesent tristique magna.	open
571	43	78	Morbi non arcu risus quis varius quam quisque id diam.	in_progress
572	372	497	Sollicitudin nibh sit amet commodo nulla facilisi nullam.	closed
573	261	597	Vel risus commodo viverra maecenas accumsan lacus.	open
574	502	100	Sagittis purus sit amet volutpat consequat mauris nunc.	in_progress
575	157	278	A scelerisque purus semper eget duis at.	closed
576	123	451	Molestie nunc non blandit massa enim nec.	open
577	138	336	Aliquam purus sit amet luctus venenatis lectus magna fringilla urna.	in_progress
578	348	396	Id semper risus in hendrerit gravida.	closed
579	10	165	At consectetur lorem donec massa sapien faucibus.	open
580	42	513	Imperdiet proin fermentum leo vel orci porta non pulvinar neque.	in_progress
581	556	277	Nec dui nunc mattis enim.	closed
582	486	424	Nisi est sit amet facilisis magna.	open
583	68	278	In ornare quam viverra orci.	in_progress
584	17	16	Elementum tempus egestas sed sed.	closed
585	10	223	Porttitor lacus luctus accumsan tortor posuere ac ut consequat semper.	open
586	93	82	Est pellentesque elit ullamcorper dignissim cras tincidunt lobortis feugiat.	in_progress
587	340	127	Morbi non arcu risus quis varius quam quisque id.	closed
588	478	396	Quisque id diam vel quam elementum.	open
589	556	15	Non tellus orci ac auctor.	in_progress
590	410	593	Urna condimentum mattis pellentesque id nibh tortor.	closed
591	395	203	Ultrices sagittis orci a scelerisque purus semper.	open
592	557	281	Varius vel pharetra vel turpis nunc eget lorem dolor sed.	in_progress
593	119	499	Turpis tincidunt id aliquet risus feugiat.	closed
594	173	404	Ac tortor dignissim convallis aenean et tortor.	open
595	111	13	Nisl rhoncus mattis rhoncus urna neque viverra justo nec.	in_progress
596	92	119	Mattis pellentesque id nibh tortor.	closed
597	118	375	Turpis egestas maecenas pharetra convallis posuere morbi leo urna molestie.	open
598	324	566	Venenatis cras sed felis eget velit aliquet sagittis id.	in_progress
599	359	580	Eget sit amet tellus cras adipiscing enim eu.	closed
600	396	396	Elementum tempus egestas sed sed risus pretium quam vulputate.	open
601	41	643	Enim nec dui nunc mattis enim ut.	open
602	330	315	Nunc mattis enim ut tellus.	in_progress
603	334	410	Enim ut tellus elementum sagittis vitae.	closed
604	232	647	Risus ultricies tristique nulla aliquet enim tortor at auctor urna.	open
605	58	548	Magna sit amet purus gravida quis.	in_progress
606	387	629	Turpis in eu mi bibendum.	closed
607	179	107	Volutpat blandit aliquam etiam erat velit scelerisque.	open
608	77	508	Tortor aliquam nulla facilisi cras fermentum.	in_progress
609	150	47	Quis viverra nibh cras pulvinar mattis nunc sed.	closed
610	61	445	Eget duis at tellus at urna condimentum mattis.	open
611	503	60	Urna neque viverra justo nec ultrices.	in_progress
612	562	325	Nec feugiat in fermentum posuere urna nec.	closed
613	590	397	Etiam erat velit scelerisque in.	open
614	349	369	Interdum consectetur libero id faucibus nisl tincidunt eget nullam.	in_progress
615	411	315	Sit amet nisl suscipit adipiscing.	closed
616	609	119	Magna fermentum iaculis eu non diam.	open
617	699	561	Nunc congue nisi vitae suscipit tellus mauris.	in_progress
618	141	608	Feugiat vivamus at augue eget arcu.	closed
619	15	206	Id consectetur purus ut faucibus pulvinar elementum integer enim.	open
620	379	362	Enim nec dui nunc mattis enim.	in_progress
621	124	151	Adipiscing diam donec adipiscing tristique risus nec feugiat.	closed
622	630	24	Mattis rhoncus urna neque viverra justo nec ultrices.	open
623	141	555	Neque viverra justo nec ultrices dui sapien eget mi.	in_progress
624	506	557	Ut porttitor leo a diam sollicitudin tempor id eu nisl.	closed
625	347	155	Non sodales neque sodales ut etiam sit amet nisl purus.	open
626	439	235	Amet cursus sit amet dictum sit amet justo donec.	in_progress
627	399	313	Vitae auctor eu augue ut lectus.	closed
628	492	575	Posuere ac ut consequat semper viverra nam libero.	open
629	265	43	Turpis egestas maecenas pharetra convallis posuere morbi leo urna molestie.	in_progress
630	119	550	Nulla aliquet porttitor lacus luctus accumsan tortor posuere.	closed
631	470	341	Volutpat consequat mauris nunc congue nisi.	open
632	74	682	Elementum eu facilisis sed odio.	in_progress
633	491	104	Aliquam nulla facilisi cras fermentum.	closed
634	579	10	Sit amet venenatis urna cursus eget.	open
635	409	364	Condimentum lacinia quis vel eros.	in_progress
636	203	627	Sed id semper risus in hendrerit gravida.	closed
637	155	373	Hendrerit gravida rutrum quisque non tellus.	open
638	570	368	Mi in nulla posuere sollicitudin aliquam ultrices.	in_progress
639	55	442	Mattis rhoncus urna neque viverra justo nec ultrices.	closed
640	692	364	Ultrices sagittis orci a scelerisque.	open
641	18	518	Netus et malesuada fames ac turpis egestas sed tempus urna.	in_progress
642	394	98	Nibh ipsum consequat nisl vel pretium lectus quam id.	closed
643	505	547	Nisi lacus sed viverra tellus in hac habitasse platea.	open
644	207	188	In ornare quam viverra orci sagittis.	in_progress
645	385	17	Amet consectetur adipiscing elit pellentesque habitant morbi tristique senectus.	closed
646	189	318	Nisi lacus sed viverra tellus in hac.	open
647	525	42	Enim ut sem viverra aliquet eget sit amet tellus.	in_progress
648	543	627	Eu tincidunt tortor aliquam nulla facilisi cras fermentum.	closed
649	475	502	Pellentesque dignissim enim sit amet venenatis urna cursus eget nunc.	open
650	604	494	Molestie ac feugiat sed lectus vestibulum mattis ullamcorper velit.	in_progress
651	296	191	Etiam dignissim diam quis enim lobortis scelerisque fermentum dui.	closed
652	377	452	Erat nam at lectus urna duis convallis convallis.	open
653	414	542	Vivamus at augue eget arcu.	in_progress
654	550	113	Eget lorem dolor sed viverra ipsum nunc aliquet bibendum enim.	closed
655	70	51	Purus in massa tempor nec.	open
656	27	669	Nulla pellentesque dignissim enim sit amet.	in_progress
657	557	620	Volutpat est velit egestas dui id.	closed
658	382	49	Purus viverra accumsan in nisl nisi scelerisque.	open
659	549	207	Dolor sit amet consectetur adipiscing elit pellentesque habitant.	in_progress
660	562	631	Felis donec et odio pellentesque diam volutpat.	closed
661	304	382	Phasellus vestibulum lorem sed risus ultricies tristique nulla aliquet.	open
662	649	441	Senectus et netus et malesuada.	in_progress
663	518	135	Semper eget duis at tellus at urna condimentum.	closed
664	325	667	Tortor aliquam nulla facilisi cras fermentum.	open
665	271	349	Nulla aliquet enim tortor at auctor.	in_progress
666	70	611	Vulputate odio ut enim blandit.	closed
667	197	526	Sem et tortor consequat id.	open
668	130	342	Quis vel eros donec ac.	in_progress
669	53	653	Nunc sed id semper risus in hendrerit gravida.	closed
670	356	677	Viverra justo nec ultrices dui sapien eget mi.	open
671	578	550	Vitae semper quis lectus nulla at.	in_progress
672	113	46	Egestas purus viverra accumsan in nisl nisi scelerisque eu ultrices.	closed
673	54	392	Facilisis magna etiam tempor orci eu lobortis elementum nibh tellus.	open
674	428	155	Aliquet sagittis id consectetur purus ut faucibus.	in_progress
675	570	101	Ut ornare lectus sit amet.	closed
676	664	194	Gravida cum sociis natoque penatibus et magnis dis parturient.	open
677	469	569	Vestibulum lectus mauris ultrices eros in cursus turpis.	in_progress
678	32	88	Neque volutpat ac tincidunt vitae semper quis.	closed
679	569	136	Lobortis feugiat vivamus at augue eget.	open
680	477	98	Faucibus turpis in eu mi bibendum neque egestas.	in_progress
681	277	418	Diam maecenas ultricies mi eget mauris pharetra.	closed
682	454	591	Turpis cursus in hac habitasse platea dictumst quisque.	open
683	347	156	Tempus quam pellentesque nec nam aliquam.	in_progress
684	594	230	Porttitor lacus luctus accumsan tortor.	closed
685	575	520	Urna cursus eget nunc scelerisque viverra mauris in aliquam.	open
686	379	639	Volutpat blandit aliquam etiam erat velit scelerisque.	in_progress
687	205	124	Mattis enim ut tellus elementum sagittis vitae et leo.	closed
688	593	96	Ut etiam sit amet nisl purus in mollis nunc.	open
689	680	532	Elementum eu facilisis sed odio.	in_progress
690	131	147	Faucibus a pellentesque sit amet porttitor.	closed
691	122	17	Tempus imperdiet nulla malesuada pellentesque.	open
692	76	590	Diam ut venenatis tellus in metus vulputate eu.	in_progress
693	570	557	Ipsum a arcu cursus vitae congue.	closed
694	535	134	Varius vel pharetra vel turpis nunc.	open
695	291	11	Ipsum nunc aliquet bibendum enim facilisis.	in_progress
696	470	652	Dui accumsan sit amet nulla facilisi morbi tempus iaculis.	closed
697	604	370	Viverra aliquet eget sit amet.	open
698	231	270	Eget velit aliquet sagittis id consectetur purus.	in_progress
699	481	406	Porta non pulvinar neque laoreet suspendisse interdum consectetur libero id.	closed
700	289	111	Elit ut aliquam purus sit amet luctus venenatis lectus.	open
701	39	600	Id porta nibh venenatis cras sed felis eget.	open
702	81	249	Id faucibus nisl tincidunt eget nullam non nisi.	in_progress
703	203	225	Sit amet nisl suscipit adipiscing.	closed
704	556	578	Varius morbi enim nunc faucibus.	open
705	376	756	Duis at tellus at urna condimentum.	in_progress
706	620	650	Fusce id velit ut tortor pretium viverra.	closed
707	24	693	Duis at tellus at urna condimentum.	open
708	656	606	Dolor sit amet consectetur adipiscing elit duis tristique sollicitudin.	in_progress
709	141	230	Elementum curabitur vitae nunc sed velit dignissim.	closed
710	576	760	Eleifend quam adipiscing vitae proin sagittis nisl rhoncus mattis.	open
711	775	270	Tempus imperdiet nulla malesuada pellentesque.	in_progress
712	440	766	Erat nam at lectus urna duis convallis convallis.	closed
713	124	360	Sed viverra tellus in hac habitasse platea.	open
714	768	543	Elit ut aliquam purus sit amet luctus venenatis lectus.	in_progress
715	496	706	Vel facilisis volutpat est velit egestas dui id ornare arcu.	closed
716	464	643	Nibh venenatis cras sed felis eget.	open
717	610	758	Turpis egestas maecenas pharetra convallis posuere morbi leo urna molestie.	in_progress
718	389	579	Sit amet nisl purus in mollis nunc sed.	closed
719	32	227	Tellus in hac habitasse platea dictumst vestibulum.	open
720	220	65	Netus et malesuada fames ac turpis egestas sed tempus urna.	in_progress
721	776	275	Quam quisque id diam vel quam elementum pulvinar etiam.	closed
722	712	191	Fermentum et sollicitudin ac orci phasellus egestas tellus rutrum.	open
723	80	395	Facilisi etiam dignissim diam quis enim.	in_progress
724	230	74	Orci ac auctor augue mauris augue neque gravida in fermentum.	closed
725	654	555	Ipsum suspendisse ultrices gravida dictum fusce ut.	open
726	700	610	Aliquet eget sit amet tellus cras.	in_progress
727	672	150	Posuere ac ut consequat semper viverra nam libero.	closed
728	796	26	Nisi lacus sed viverra tellus in hac habitasse platea.	open
729	538	742	In cursus turpis massa tincidunt dui ut.	in_progress
730	490	659	Sit amet venenatis urna cursus eget.	closed
731	251	688	Nulla pharetra diam sit amet nisl.	open
732	374	514	Aliquam eleifend mi in nulla posuere sollicitudin.	in_progress
733	168	9	Id interdum velit laoreet id donec.	closed
734	711	126	Nunc sed velit dignissim sodales ut.	open
735	138	538	Elementum curabitur vitae nunc sed velit dignissim.	in_progress
736	559	151	Cum sociis natoque penatibus et.	closed
737	170	145	Odio eu feugiat pretium nibh ipsum.	open
738	375	261	Pellentesque elit eget gravida cum sociis natoque penatibus et magnis.	in_progress
739	368	659	Consequat id porta nibh venenatis cras sed felis eget velit.	closed
740	726	158	Consectetur a erat nam at lectus urna duis convallis convallis.	open
741	300	703	Sed lectus vestibulum mattis ullamcorper velit sed ullamcorper morbi.	in_progress
742	210	423	Sit amet mattis vulputate enim.	closed
743	57	335	Facilisi cras fermentum odio eu feugiat pretium nibh ipsum consequat.	open
744	755	316	Posuere lorem ipsum dolor sit amet consectetur adipiscing elit.	in_progress
745	279	527	Venenatis a condimentum vitae sapien pellentesque.	closed
746	787	635	Tempus imperdiet nulla malesuada pellentesque.	open
747	79	420	Semper eget duis at tellus at urna condimentum.	in_progress
748	749	354	A diam sollicitudin tempor id.	closed
749	618	524	Lacus laoreet non curabitur gravida arcu.	open
750	337	289	Lacus vel facilisis volutpat est velit.	in_progress
751	193	723	Lorem dolor sed viverra ipsum nunc aliquet.	closed
752	662	92	Congue nisi vitae suscipit tellus.	open
753	443	263	Eu tincidunt tortor aliquam nulla facilisi cras fermentum.	in_progress
754	398	452	Mauris nunc congue nisi vitae suscipit tellus mauris.	closed
755	220	441	Odio tempor orci dapibus ultrices.	open
756	324	564	Tincidunt dui ut ornare lectus.	in_progress
757	110	71	Porttitor lacus luctus accumsan tortor posuere ac ut.	closed
758	334	553	Sit amet venenatis urna cursus eget nunc scelerisque.	open
759	744	719	Ut ornare lectus sit amet.	in_progress
760	76	544	A lacus vestibulum sed arcu non odio euismod lacinia at.	closed
761	14	757	Nullam eget felis eget nunc.	open
762	798	515	Bibendum enim facilisis gravida neque.	in_progress
763	565	639	Elementum facilisis leo vel fringilla est.	closed
764	539	372	Vitae proin sagittis nisl rhoncus mattis rhoncus.	open
765	725	217	Condimentum vitae sapien pellentesque habitant morbi.	in_progress
766	415	135	Nunc lobortis mattis aliquam faucibus purus in.	closed
767	469	246	Varius morbi enim nunc faucibus a pellentesque sit amet.	open
768	659	11	Posuere morbi leo urna molestie at elementum eu facilisis sed.	in_progress
769	284	519	Pellentesque adipiscing commodo elit at imperdiet dui accumsan.	closed
770	6	652	Ac tortor dignissim convallis aenean et tortor.	open
771	260	764	Mi eget mauris pharetra et.	in_progress
772	763	310	Scelerisque purus semper eget duis.	closed
773	294	781	In cursus turpis massa tincidunt dui ut.	open
774	374	38	Proin nibh nisl condimentum id venenatis a condimentum vitae.	in_progress
775	715	737	Ipsum faucibus vitae aliquet nec ullamcorper.	closed
776	172	125	Proin nibh nisl condimentum id.	open
777	561	554	Sed tempus urna et pharetra pharetra massa massa.	in_progress
778	619	271	Sed vulputate mi sit amet mauris.	closed
779	460	552	Nisl nunc mi ipsum faucibus vitae aliquet nec.	open
780	518	470	Id donec ultrices tincidunt arcu non sodales neque sodales.	in_progress
781	485	751	Ipsum dolor sit amet consectetur adipiscing elit duis tristique sollicitudin.	closed
782	110	720	Aliquam nulla facilisi cras fermentum odio eu feugiat.	open
783	325	1	Aenean et tortor at risus viverra adipiscing at in.	in_progress
784	472	415	Eu lobortis elementum nibh tellus molestie nunc.	closed
785	601	5	A scelerisque purus semper eget duis at.	open
786	155	759	Urna condimentum mattis pellentesque id nibh tortor.	in_progress
787	581	34	Euismod quis viverra nibh cras pulvinar mattis nunc sed blandit.	closed
788	413	693	Quisque sagittis purus sit amet volutpat consequat mauris nunc.	open
789	12	583	Tempus imperdiet nulla malesuada pellentesque.	in_progress
790	212	188	Faucibus purus in massa tempor nec feugiat nisl pretium fusce.	closed
791	92	222	Ante in nibh mauris cursus.	open
792	258	520	Eu consequat ac felis donec et odio pellentesque diam.	in_progress
793	799	465	Semper eget duis at tellus at urna condimentum.	closed
794	121	238	Hendrerit gravida rutrum quisque non tellus orci ac.	open
795	472	47	Enim ut sem viverra aliquet eget sit amet tellus.	in_progress
796	244	640	Sed vulputate odio ut enim.	closed
797	244	404	Amet purus gravida quis blandit turpis cursus in hac habitasse.	open
798	182	370	Odio ut enim blandit volutpat maecenas volutpat blandit.	in_progress
799	487	463	Aliquet sagittis id consectetur purus ut faucibus.	closed
800	409	782	Sagittis aliquam malesuada bibendum arcu vitae elementum.	open
\.


--
-- Data for Name: ticket_message; Type: TABLE DATA; Schema: public; Owner: postgres
--

COPY public.ticket_message (id, ticket_id, author_type, author_id, message) FROM stdin;
1	50	customer	6	Ipsum faucibus vitae aliquet nec ullamcorper sit amet risus nullam.
2	5	customer	35	Molestie a iaculis at erat pellentesque.
3	24	admin	33	Laoreet id donec ultrices tincidunt.
4	88	customer	53	Non blandit massa enim nec.
5	64	customer	48	Et sollicitudin ac orci phasellus egestas tellus rutrum tellus.
6	2	customer	25	Sed cras ornare arcu dui vivamus arcu felis bibendum.
7	9	admin	17	Aenean et tortor at risus viverra adipiscing at in.
8	74	admin	4	Tellus integer feugiat scelerisque varius morbi enim nunc faucibus a.
9	75	admin	99	Ac felis donec et odio pellentesque.
10	11	customer	4	In hac habitasse platea dictumst.
11	56	admin	14	Aliquam faucibus purus in massa tempor nec feugiat nisl pretium.
12	89	admin	34	Nulla pellentesque dignissim enim sit amet.
13	37	customer	89	Convallis aenean et tortor at risus.
14	56	admin	76	Justo donec enim diam vulputate ut pharetra sit amet.
15	66	admin	98	Id porta nibh venenatis cras sed felis eget.
16	25	customer	62	Dui accumsan sit amet nulla facilisi morbi tempus iaculis.
17	83	customer	9	Cras pulvinar mattis nunc sed blandit libero volutpat sed.
18	13	admin	50	Quis hendrerit dolor magna eget est lorem.
19	95	admin	31	Mi eget mauris pharetra et.
20	2	customer	87	Molestie ac feugiat sed lectus.
21	74	customer	13	Amet purus gravida quis blandit.
22	17	admin	5	Id consectetur purus ut faucibus pulvinar elementum integer enim.
23	27	customer	3	In cursus turpis massa tincidunt dui ut.
24	1	admin	54	Fusce id velit ut tortor pretium viverra suspendisse.
25	65	customer	94	Suspendisse in est ante in nibh mauris cursus mattis molestie.
26	68	customer	61	Enim nec dui nunc mattis enim ut tellus.
27	32	admin	26	Aliquam purus sit amet luctus venenatis lectus magna fringilla urna.
28	19	admin	28	Vulputate ut pharetra sit amet aliquam id diam maecenas ultricies.
29	5	admin	76	Congue nisi vitae suscipit tellus mauris a diam maecenas sed.
30	32	customer	67	Lectus arcu bibendum at varius vel pharetra vel turpis.
31	54	admin	81	Fusce id velit ut tortor pretium viverra.
32	86	customer	51	Neque viverra justo nec ultrices dui sapien eget mi.
33	32	customer	51	Pellentesque elit eget gravida cum sociis natoque penatibus et magnis.
34	45	customer	9	Elementum curabitur vitae nunc sed velit dignissim.
35	93	admin	60	A condimentum vitae sapien pellentesque habitant morbi tristique senectus.
36	76	customer	16	Varius morbi enim nunc faucibus.
37	73	customer	32	Aliquet nec ullamcorper sit amet.
38	58	admin	49	Nibh ipsum consequat nisl vel pretium lectus.
39	57	customer	48	Ullamcorper eget nulla facilisi etiam dignissim diam.
40	42	customer	15	Iaculis nunc sed augue lacus viverra vitae congue eu.
41	87	admin	80	Vestibulum lectus mauris ultrices eros in cursus.
42	2	customer	78	Turpis egestas maecenas pharetra convallis posuere morbi leo urna molestie.
43	99	customer	51	Egestas diam in arcu cursus euismod.
44	48	customer	83	Lorem ipsum dolor sit amet consectetur adipiscing.
45	79	admin	42	Sit amet venenatis urna cursus eget.
46	46	customer	83	Dignissim convallis aenean et tortor.
47	67	admin	94	Habitasse platea dictumst vestibulum rhoncus est pellentesque elit.
48	58	admin	90	Sit amet aliquam id diam maecenas ultricies mi eget mauris.
49	93	customer	57	A lacus vestibulum sed arcu non odio euismod lacinia at.
50	100	admin	42	Amet volutpat consequat mauris nunc congue nisi.
51	62	customer	66	Erat pellentesque adipiscing commodo elit at imperdiet dui accumsan sit.
52	46	admin	84	Mi eget mauris pharetra et.
53	45	customer	99	Vitae et leo duis ut diam quam nulla porttitor massa.
54	22	admin	56	Fusce ut placerat orci nulla.
55	54	admin	66	Vitae semper quis lectus nulla at.
56	92	customer	92	Non sodales neque sodales ut etiam sit amet nisl purus.
57	61	admin	91	Elementum curabitur vitae nunc sed velit dignissim.
58	16	admin	62	Rhoncus aenean vel elit scelerisque mauris pellentesque pulvinar pellentesque.
59	72	customer	74	Mi ipsum faucibus vitae aliquet nec ullamcorper sit.
60	49	customer	25	Velit euismod in pellentesque massa.
61	87	customer	59	Duis ut diam quam nulla porttitor massa id.
62	13	customer	97	Vel elit scelerisque mauris pellentesque.
63	77	admin	62	Quam vulputate dignissim suspendisse in est ante in nibh.
64	76	admin	75	Metus vulputate eu scelerisque felis imperdiet.
65	89	customer	9	Erat nam at lectus urna duis convallis convallis.
66	68	customer	87	Non blandit massa enim nec dui.
67	27	customer	96	Ullamcorper velit sed ullamcorper morbi tincidunt.
68	78	admin	86	Et ultrices neque ornare aenean euismod.
69	59	admin	88	Varius vel pharetra vel turpis nunc.
70	22	admin	17	Id volutpat lacus laoreet non curabitur gravida arcu ac.
71	69	admin	31	Amet dictum sit amet justo donec.
72	30	admin	67	Adipiscing diam donec adipiscing tristique risus nec feugiat in.
73	83	customer	16	Arcu cursus vitae congue mauris rhoncus aenean vel elit scelerisque.
74	9	admin	49	Sed id semper risus in hendrerit gravida rutrum quisque.
75	5	admin	71	Risus at ultrices mi tempus imperdiet nulla.
76	25	customer	20	A diam sollicitudin tempor id.
77	67	customer	50	Neque ornare aenean euismod elementum nisi quis eleifend quam.
78	58	customer	65	Sit amet facilisis magna etiam tempor orci eu lobortis.
79	14	customer	8	Non arcu risus quis varius quam quisque id diam.
80	27	customer	78	Nibh tellus molestie nunc non.
81	43	admin	46	Molestie ac feugiat sed lectus vestibulum mattis ullamcorper velit.
82	57	admin	7	Sagittis aliquam malesuada bibendum arcu vitae elementum.
83	33	admin	15	Aliquam purus sit amet luctus venenatis lectus magna fringilla urna.
84	13	customer	1	Volutpat blandit aliquam etiam erat velit scelerisque.
85	98	admin	84	Diam sit amet nisl suscipit adipiscing.
86	14	customer	64	Laoreet non curabitur gravida arcu ac tortor dignissim.
87	82	customer	90	Amet luctus venenatis lectus magna fringilla urna porttitor rhoncus.
88	79	admin	89	Feugiat scelerisque varius morbi enim nunc faucibus.
89	2	customer	2	Lobortis feugiat vivamus at augue eget.
90	78	admin	20	Egestas dui id ornare arcu odio.
91	76	customer	90	Convallis posuere morbi leo urna.
92	85	admin	79	Eget mi proin sed libero enim sed faucibus.
93	30	admin	85	Orci a scelerisque purus semper eget duis at tellus.
94	55	admin	14	Mauris vitae ultricies leo integer malesuada nunc vel.
95	66	admin	38	Mus mauris vitae ultricies leo integer.
96	9	customer	81	Vulputate mi sit amet mauris commodo quis.
97	17	admin	73	Eu lobortis elementum nibh tellus.
98	32	admin	91	Senectus et netus et malesuada fames ac turpis egestas integer.
99	15	customer	99	Ultrices in iaculis nunc sed augue lacus.
100	80	customer	62	In ante metus dictum at tempor.
101	39	admin	159	Tincidunt eget nullam non nisi est sit amet.
102	154	admin	89	Ipsum faucibus vitae aliquet nec ullamcorper sit amet risus nullam.
103	5	admin	74	Ac tortor dignissim convallis aenean et tortor.
104	96	customer	141	Donec pretium vulputate sapien nec sagittis aliquam malesuada.
105	122	customer	110	Massa id neque aliquam vestibulum morbi blandit.
106	193	admin	120	Diam ut venenatis tellus in metus vulputate eu.
107	143	customer	88	Ullamcorper eget nulla facilisi etiam dignissim diam.
108	100	admin	200	Fames ac turpis egestas maecenas pharetra.
109	127	admin	128	Cras adipiscing enim eu turpis egestas pretium aenean pharetra.
110	78	customer	57	Vestibulum mattis ullamcorper velit sed ullamcorper morbi.
111	175	admin	61	Erat velit scelerisque in dictum non.
112	177	customer	174	Quisque id diam vel quam elementum.
113	77	customer	15	Erat nam at lectus urna duis convallis convallis.
114	96	admin	25	Viverra tellus in hac habitasse platea dictumst vestibulum.
115	117	admin	64	Nibh venenatis cras sed felis eget velit aliquet sagittis id.
116	166	customer	85	Adipiscing diam donec adipiscing tristique risus nec feugiat in.
117	12	admin	117	Sem fringilla ut morbi tincidunt.
118	174	customer	55	Quis lectus nulla at volutpat diam ut venenatis.
119	143	customer	178	Malesuada fames ac turpis egestas.
120	129	customer	61	Molestie nunc non blandit massa enim nec.
121	117	admin	25	Lorem ipsum dolor sit amet consectetur adipiscing elit duis tristique.
122	76	customer	38	Pharetra vel turpis nunc eget lorem dolor sed viverra.
123	121	admin	13	Vel turpis nunc eget lorem dolor sed viverra ipsum nunc.
124	7	admin	141	Sagittis vitae et leo duis ut diam quam nulla porttitor.
125	91	customer	157	Sed sed risus pretium quam vulputate dignissim suspendisse in.
126	32	customer	47	Venenatis a condimentum vitae sapien pellentesque.
127	182	customer	6	Massa enim nec dui nunc.
128	88	customer	157	Libero nunc consequat interdum varius sit amet mattis vulputate.
129	145	admin	168	Etiam erat velit scelerisque in.
130	112	customer	123	Ultricies mi eget mauris pharetra et ultrices neque ornare aenean.
131	97	customer	171	Et ultrices neque ornare aenean euismod.
132	164	admin	115	Eget gravida cum sociis natoque penatibus et magnis.
133	98	customer	185	In metus vulputate eu scelerisque felis.
134	148	customer	129	Morbi non arcu risus quis varius quam quisque id.
135	200	customer	22	Eget nunc lobortis mattis aliquam faucibus purus in massa.
136	192	admin	63	Etiam erat velit scelerisque in.
137	190	customer	24	Purus in massa tempor nec feugiat nisl pretium fusce.
138	86	customer	158	Amet volutpat consequat mauris nunc congue nisi.
139	108	admin	63	Nisi est sit amet facilisis magna.
140	141	admin	40	Cras pulvinar mattis nunc sed blandit libero volutpat sed.
141	103	customer	196	Rutrum quisque non tellus orci ac auctor augue mauris.
142	175	customer	31	Venenatis a condimentum vitae sapien pellentesque habitant.
143	32	admin	60	Tellus integer feugiat scelerisque varius morbi.
144	174	customer	105	Ut etiam sit amet nisl purus in mollis nunc.
145	106	customer	66	Pellentesque elit ullamcorper dignissim cras tincidunt.
146	50	customer	200	Lectus arcu bibendum at varius vel pharetra vel turpis.
147	153	customer	32	Magna sit amet purus gravida.
148	58	customer	196	Turpis cursus in hac habitasse platea dictumst quisque.
149	35	customer	19	Ac felis donec et odio pellentesque.
150	147	customer	72	Facilisis gravida neque convallis a cras semper auctor neque vitae.
151	68	customer	192	Porttitor lacus luctus accumsan tortor posuere ac ut.
152	188	admin	24	Proin nibh nisl condimentum id.
153	127	customer	121	Erat nam at lectus urna duis convallis convallis.
154	4	customer	59	Mi sit amet mauris commodo quis imperdiet.
155	195	customer	188	Semper risus in hendrerit gravida.
156	79	customer	31	Eget lorem dolor sed viverra ipsum nunc aliquet bibendum enim.
157	124	customer	17	Scelerisque varius morbi enim nunc.
158	98	admin	122	Vestibulum morbi blandit cursus risus.
159	188	admin	70	Leo in vitae turpis massa sed.
160	48	customer	135	Ipsum dolor sit amet consectetur adipiscing elit duis tristique.
161	40	customer	31	Diam maecenas ultricies mi eget mauris pharetra.
162	110	admin	55	Tellus integer feugiat scelerisque varius morbi.
163	44	customer	65	Cras ornare arcu dui vivamus arcu felis.
164	5	admin	170	Massa id neque aliquam vestibulum morbi blandit.
165	122	admin	102	Suspendisse ultrices gravida dictum fusce ut placerat orci nulla.
166	143	admin	99	Blandit aliquam etiam erat velit.
167	167	admin	77	Tellus molestie nunc non blandit massa enim nec dui.
168	123	customer	95	A condimentum vitae sapien pellentesque habitant morbi tristique senectus.
169	33	customer	111	Donec massa sapien faucibus et molestie ac feugiat sed.
170	155	customer	46	Rhoncus aenean vel elit scelerisque mauris pellentesque pulvinar pellentesque.
171	111	admin	193	Pharetra convallis posuere morbi leo urna molestie at elementum eu.
172	117	customer	161	Viverra tellus in hac habitasse platea dictumst vestibulum.
173	59	admin	87	Ullamcorper eget nulla facilisi etiam dignissim diam.
174	66	customer	112	Tincidunt nunc pulvinar sapien et ligula ullamcorper malesuada.
175	2	customer	44	Eget duis at tellus at urna condimentum mattis.
176	141	customer	92	Amet volutpat consequat mauris nunc congue nisi.
177	151	customer	192	Neque ornare aenean euismod elementum nisi quis eleifend quam.
178	129	admin	154	Nibh venenatis cras sed felis eget velit aliquet sagittis id.
179	182	admin	39	Id venenatis a condimentum vitae.
180	75	admin	33	Massa enim nec dui nunc.
181	170	customer	2	Eu lobortis elementum nibh tellus molestie nunc.
182	14	admin	177	Nam aliquam sem et tortor consequat id porta nibh.
183	85	customer	142	Id diam vel quam elementum.
184	84	admin	52	Sodales ut eu sem integer vitae.
185	55	customer	56	Porttitor lacus luctus accumsan tortor.
186	3	customer	199	Non blandit massa enim nec dui.
187	124	admin	74	Aliquet sagittis id consectetur purus ut faucibus pulvinar.
188	90	admin	122	Gravida neque convallis a cras semper.
189	186	admin	170	Faucibus purus in massa tempor nec feugiat nisl pretium fusce.
190	187	admin	67	Mattis ullamcorper velit sed ullamcorper morbi tincidunt.
191	14	admin	165	Eget velit aliquet sagittis id consectetur purus ut.
192	42	customer	25	Pharetra et ultrices neque ornare aenean.
193	175	customer	115	Tincidunt arcu non sodales neque sodales ut etiam.
194	189	admin	51	Eleifend quam adipiscing vitae proin sagittis nisl rhoncus.
195	41	customer	111	Pulvinar pellentesque habitant morbi tristique.
196	82	admin	113	Faucibus ornare suspendisse sed nisi.
197	124	customer	119	Porttitor lacus luctus accumsan tortor posuere ac ut.
198	154	customer	73	Adipiscing diam donec adipiscing tristique risus nec feugiat in.
199	88	customer	47	Vitae et leo duis ut diam quam nulla porttitor massa.
200	7	customer	152	Orci sagittis eu volutpat odio facilisis mauris sit.
201	119	customer	81	Interdum varius sit amet mattis vulputate.
202	131	admin	182	Donec massa sapien faucibus et molestie.
203	210	customer	273	Convallis aenean et tortor at risus.
204	74	customer	81	Et netus et malesuada fames ac turpis.
205	36	customer	230	Placerat in egestas erat imperdiet sed euismod.
206	66	customer	211	Ac ut consequat semper viverra nam.
207	269	customer	68	Auctor neque vitae tempus quam pellentesque nec nam aliquam sem.
208	96	customer	163	Amet nisl purus in mollis nunc sed.
209	76	customer	96	Enim sit amet venenatis urna cursus.
210	287	admin	275	Neque volutpat ac tincidunt vitae semper quis.
211	10	customer	110	Ac ut consequat semper viverra nam.
212	247	customer	42	Maecenas pharetra convallis posuere morbi leo urna.
213	167	admin	60	Fames ac turpis egestas maecenas pharetra.
214	10	admin	235	A diam sollicitudin tempor id eu nisl nunc.
215	170	customer	281	Eget felis eget nunc lobortis mattis aliquam faucibus.
216	121	admin	250	Urna condimentum mattis pellentesque id nibh tortor.
217	235	customer	220	Ac ut consequat semper viverra nam.
218	94	customer	101	Morbi leo urna molestie at elementum eu facilisis.
219	293	customer	178	Amet volutpat consequat mauris nunc congue.
220	167	admin	35	Id faucibus nisl tincidunt eget nullam non nisi.
221	45	customer	231	Nunc sed blandit libero volutpat sed.
222	211	admin	135	Nunc id cursus metus aliquam eleifend mi.
223	256	customer	206	Ut ornare lectus sit amet est.
224	76	admin	177	Eget velit aliquet sagittis id consectetur purus.
225	93	customer	234	Sit amet purus gravida quis blandit turpis cursus in.
226	50	admin	284	A lacus vestibulum sed arcu non odio euismod lacinia at.
227	94	customer	240	Donec massa sapien faucibus et molestie ac feugiat sed.
228	284	customer	145	Mattis rhoncus urna neque viverra justo.
229	190	admin	191	Proin fermentum leo vel orci porta non.
230	164	admin	62	Blandit turpis cursus in hac habitasse.
231	72	customer	13	Molestie at elementum eu facilisis sed odio morbi quis.
232	266	customer	112	Egestas purus viverra accumsan in nisl nisi scelerisque eu ultrices.
233	212	admin	35	Tempor id eu nisl nunc mi ipsum faucibus vitae.
234	132	admin	51	Donec massa sapien faucibus et molestie.
235	18	admin	132	Eget mi proin sed libero enim sed faucibus.
236	70	admin	104	Porttitor lacus luctus accumsan tortor posuere ac ut consequat semper.
237	86	admin	101	In ornare quam viverra orci sagittis eu volutpat odio facilisis.
238	73	admin	252	Convallis posuere morbi leo urna.
239	204	admin	245	Fermentum posuere urna nec tincidunt.
240	216	customer	192	Nibh ipsum consequat nisl vel pretium lectus.
241	8	customer	176	Eget aliquet nibh praesent tristique magna.
242	267	admin	219	Id interdum velit laoreet id donec.
243	256	admin	219	Ut ornare lectus sit amet.
244	90	admin	197	Quam viverra orci sagittis eu volutpat odio facilisis.
245	256	admin	253	Massa massa ultricies mi quis hendrerit.
246	173	customer	218	Tellus molestie nunc non blandit massa enim nec dui.
247	144	customer	5	Eu lobortis elementum nibh tellus.
248	251	customer	286	Aliquam id diam maecenas ultricies mi eget.
249	227	admin	242	Praesent elementum facilisis leo vel fringilla.
250	107	customer	17	Velit egestas dui id ornare arcu odio ut sem nulla.
251	64	customer	27	Eu lobortis elementum nibh tellus molestie nunc.
252	71	admin	169	Feugiat vivamus at augue eget arcu.
253	91	customer	78	Mauris ultrices eros in cursus turpis massa tincidunt.
254	101	customer	264	Gravida cum sociis natoque penatibus et magnis dis parturient.
255	99	customer	159	Sit amet porttitor eget dolor morbi non arcu risus quis.
256	185	customer	9	Enim nec dui nunc mattis enim ut tellus.
257	238	customer	106	Nibh venenatis cras sed felis eget velit aliquet sagittis id.
258	209	admin	16	Est ultricies integer quis auctor elit sed.
259	92	customer	281	Massa enim nec dui nunc mattis enim.
260	134	admin	42	Leo in vitae turpis massa sed.
261	146	admin	265	Neque viverra justo nec ultrices dui sapien eget mi.
262	39	admin	64	Lobortis mattis aliquam faucibus purus.
263	56	admin	45	Accumsan sit amet nulla facilisi morbi.
264	240	admin	141	Eu lobortis elementum nibh tellus.
265	143	admin	114	Sodales ut etiam sit amet nisl purus in mollis.
266	276	customer	218	Arcu ac tortor dignissim convallis aenean et tortor.
267	59	customer	2	Quisque egestas diam in arcu cursus euismod quis viverra.
268	197	admin	226	Pharetra vel turpis nunc eget lorem dolor sed viverra.
269	63	admin	287	Ultricies leo integer malesuada nunc vel risus commodo viverra.
270	118	admin	17	Ultricies tristique nulla aliquet enim tortor at auctor urna nunc.
271	39	customer	158	Id velit ut tortor pretium viverra suspendisse.
272	165	customer	101	Sem nulla pharetra diam sit amet nisl suscipit adipiscing bibendum.
273	54	admin	83	Faucibus ornare suspendisse sed nisi lacus sed viverra tellus.
274	68	admin	209	Sed sed risus pretium quam vulputate dignissim suspendisse in est.
275	116	customer	237	Id aliquet lectus proin nibh nisl condimentum id venenatis.
276	227	admin	82	Urna condimentum mattis pellentesque id nibh tortor.
277	6	admin	167	Sit amet consectetur adipiscing elit duis tristique sollicitudin nibh.
278	203	customer	298	Semper feugiat nibh sed pulvinar proin gravida.
279	225	admin	273	Dolor sit amet consectetur adipiscing elit pellentesque habitant.
280	58	customer	1	Neque laoreet suspendisse interdum consectetur libero id faucibus.
281	90	admin	206	Varius quam quisque id diam vel quam elementum pulvinar.
282	48	admin	99	Sagittis aliquam malesuada bibendum arcu vitae elementum.
283	94	customer	87	Facilisis volutpat est velit egestas dui id ornare.
284	279	customer	215	Mattis pellentesque id nibh tortor.
285	92	admin	277	Scelerisque viverra mauris in aliquam.
286	272	admin	193	Aliquam nulla facilisi cras fermentum odio eu feugiat.
287	74	customer	15	Cum sociis natoque penatibus et.
288	122	customer	17	Volutpat commodo sed egestas egestas fringilla phasellus faucibus scelerisque eleifend.
289	277	admin	212	Dolor sit amet consectetur adipiscing elit pellentesque habitant.
290	64	customer	298	Mattis nunc sed blandit libero volutpat sed.
291	184	admin	187	Enim ut sem viverra aliquet eget sit amet tellus.
292	151	customer	59	Nulla posuere sollicitudin aliquam ultrices.
293	177	admin	278	Parturient montes nascetur ridiculus mus mauris vitae ultricies leo.
294	75	customer	253	Velit egestas dui id ornare arcu odio ut.
295	65	admin	186	Sapien nec sagittis aliquam malesuada.
296	294	customer	177	Non blandit massa enim nec dui.
297	276	admin	167	Donec massa sapien faucibus et molestie.
298	239	customer	122	Aliquam id diam maecenas ultricies mi eget.
299	7	customer	81	Mauris nunc congue nisi vitae suscipit tellus mauris.
300	164	customer	125	Eleifend donec pretium vulputate sapien nec sagittis aliquam malesuada bibendum.
301	396	customer	293	Diam quam nulla porttitor massa id neque aliquam vestibulum.
302	392	admin	135	Elementum tempus egestas sed sed.
303	190	admin	53	Blandit turpis cursus in hac habitasse.
304	297	admin	306	Sagittis vitae et leo duis ut diam quam nulla porttitor.
305	352	customer	177	Lacus vel facilisis volutpat est velit.
306	288	customer	276	Aliquam eleifend mi in nulla posuere sollicitudin.
307	240	customer	267	Odio tempor orci dapibus ultrices.
308	253	customer	271	Vestibulum morbi blandit cursus risus.
309	84	admin	400	Sed id semper risus in hendrerit gravida.
310	124	admin	130	Tristique et egestas quis ipsum suspendisse.
311	248	admin	53	Mollis aliquam ut porttitor leo.
312	244	admin	40	Cras pulvinar mattis nunc sed blandit libero volutpat sed cras.
313	205	admin	305	Amet cursus sit amet dictum sit amet justo donec.
314	77	customer	315	Sem integer vitae justo eget magna.
315	278	admin	53	Arcu non sodales neque sodales ut etiam sit.
316	202	admin	97	Eu lobortis elementum nibh tellus molestie nunc.
317	359	admin	265	Egestas fringilla phasellus faucibus scelerisque eleifend donec.
318	177	admin	70	Maecenas sed enim ut sem viverra aliquet eget.
319	392	customer	348	Ac turpis egestas integer eget aliquet nibh praesent tristique.
320	174	customer	206	At varius vel pharetra vel turpis nunc eget lorem dolor.
321	48	admin	397	Ut porttitor leo a diam sollicitudin.
322	378	customer	199	Neque laoreet suspendisse interdum consectetur libero id faucibus.
323	41	admin	123	Sit amet porttitor eget dolor morbi non arcu risus quis.
324	278	customer	155	Tempus imperdiet nulla malesuada pellentesque elit eget.
325	51	customer	385	Aenean et tortor at risus viverra adipiscing at in.
326	349	customer	384	Ac felis donec et odio pellentesque diam volutpat commodo.
327	28	admin	312	Ultricies mi quis hendrerit dolor magna eget est lorem ipsum.
328	117	customer	159	Id eu nisl nunc mi ipsum faucibus vitae aliquet nec.
329	356	customer	191	Semper feugiat nibh sed pulvinar proin gravida.
330	3	customer	64	Sem et tortor consequat id.
331	237	admin	332	Adipiscing elit ut aliquam purus sit.
332	125	customer	44	Quis vel eros donec ac.
333	230	customer	133	Urna cursus eget nunc scelerisque viverra mauris in aliquam sem.
334	294	customer	145	Id porta nibh venenatis cras sed felis eget.
335	190	customer	18	Metus aliquam eleifend mi in nulla posuere sollicitudin.
336	317	customer	363	Erat velit scelerisque in dictum non.
337	48	customer	186	Posuere lorem ipsum dolor sit amet consectetur adipiscing elit.
338	397	customer	193	Viverra maecenas accumsan lacus vel facilisis volutpat est velit.
339	175	customer	298	Dignissim convallis aenean et tortor at risus viverra.
340	36	admin	50	Non enim praesent elementum facilisis leo vel fringilla est.
341	156	customer	171	Curabitur vitae nunc sed velit dignissim.
342	229	customer	85	Blandit massa enim nec dui.
343	363	customer	276	Sagittis nisl rhoncus mattis rhoncus urna neque viverra justo.
344	359	customer	80	Integer malesuada nunc vel risus commodo.
345	35	customer	243	Dolor sed viverra ipsum nunc aliquet bibendum enim facilisis.
346	284	admin	203	Ultrices sagittis orci a scelerisque.
347	42	customer	215	Consequat id porta nibh venenatis cras sed felis eget velit.
348	301	admin	14	Consectetur adipiscing elit ut aliquam.
349	213	admin	233	Neque laoreet suspendisse interdum consectetur libero id faucibus.
350	163	customer	216	Maecenas ultricies mi eget mauris pharetra et.
351	162	admin	37	Elementum curabitur vitae nunc sed velit dignissim.
352	175	customer	358	Ultricies mi eget mauris pharetra et ultrices neque ornare aenean.
353	160	admin	191	Orci ac auctor augue mauris augue neque gravida in fermentum.
354	233	admin	387	Quis lectus nulla at volutpat diam ut.
355	363	customer	321	Sed lectus vestibulum mattis ullamcorper velit sed ullamcorper morbi.
356	4	customer	212	Etiam erat velit scelerisque in.
357	129	admin	291	Ut venenatis tellus in metus vulputate eu scelerisque felis imperdiet.
358	147	admin	40	Massa id neque aliquam vestibulum morbi blandit.
359	71	admin	353	Id ornare arcu odio ut sem nulla pharetra diam sit.
360	265	customer	311	Ut ornare lectus sit amet est placerat.
361	193	admin	355	Nulla pharetra diam sit amet nisl suscipit adipiscing.
362	318	admin	366	Sit amet porttitor eget dolor morbi non arcu risus quis.
363	307	admin	108	Ornare arcu dui vivamus arcu felis.
364	154	admin	305	Placerat orci nulla pellentesque dignissim enim sit.
365	378	admin	102	Ut porttitor leo a diam.
366	135	admin	170	Vel risus commodo viverra maecenas accumsan lacus.
367	124	admin	21	Pellentesque elit eget gravida cum sociis natoque penatibus et.
368	116	admin	173	A diam sollicitudin tempor id.
369	167	customer	385	Eu nisl nunc mi ipsum faucibus vitae aliquet.
370	140	customer	375	Viverra adipiscing at in tellus integer feugiat scelerisque.
371	17	customer	235	Interdum varius sit amet mattis vulputate.
372	52	customer	269	Nunc mattis enim ut tellus.
373	9	admin	52	Lorem ipsum dolor sit amet consectetur adipiscing.
374	36	admin	342	Elementum facilisis leo vel fringilla est.
375	133	customer	155	Varius morbi enim nunc faucibus a pellentesque.
376	146	customer	252	Faucibus ornare suspendisse sed nisi lacus sed viverra tellus.
377	42	customer	372	Morbi non arcu risus quis varius quam quisque id diam.
378	75	customer	212	Leo in vitae turpis massa sed.
379	35	admin	251	Dapibus ultrices in iaculis nunc sed augue lacus viverra.
380	394	customer	87	Auctor neque vitae tempus quam pellentesque nec nam aliquam sem.
381	398	customer	234	Nascetur ridiculus mus mauris vitae ultricies leo integer.
382	366	customer	255	Egestas fringilla phasellus faucibus scelerisque eleifend donec.
383	302	admin	199	Facilisi nullam vehicula ipsum a arcu cursus.
384	103	admin	285	Luctus venenatis lectus magna fringilla urna porttitor rhoncus dolor.
385	298	customer	29	Mi proin sed libero enim.
386	205	admin	330	Orci porta non pulvinar neque laoreet suspendisse interdum consectetur.
387	2	admin	266	Varius vel pharetra vel turpis nunc.
388	292	customer	237	Aliquam sem et tortor consequat.
389	77	admin	323	Dolor sed viverra ipsum nunc aliquet.
390	323	customer	113	Commodo sed egestas egestas fringilla phasellus faucibus scelerisque eleifend.
391	215	admin	358	Morbi non arcu risus quis varius quam quisque id.
392	158	customer	330	Lectus quam id leo in.
472	412	admin	238	At consectetur lorem donec massa sapien faucibus.
393	396	customer	33	Interdum velit euismod in pellentesque massa placerat duis ultricies lacus.
394	242	admin	249	Tellus integer feugiat scelerisque varius morbi.
395	74	customer	292	Ac turpis egestas integer eget aliquet nibh praesent tristique.
396	5	admin	288	Consequat id porta nibh venenatis cras sed felis eget velit.
397	359	customer	135	Id volutpat lacus laoreet non curabitur gravida arcu ac tortor.
398	359	customer	298	Laoreet non curabitur gravida arcu ac.
399	35	admin	354	Sed ullamcorper morbi tincidunt ornare massa.
400	363	customer	138	Elementum nibh tellus molestie nunc non blandit.
401	319	admin	192	Nibh cras pulvinar mattis nunc sed blandit libero volutpat.
402	439	admin	57	Enim facilisis gravida neque convallis a cras semper auctor neque.
403	492	customer	154	Sem nulla pharetra diam sit amet nisl suscipit adipiscing bibendum.
404	179	customer	422	Orci sagittis eu volutpat odio facilisis mauris sit.
405	479	customer	3	Porttitor massa id neque aliquam vestibulum morbi blandit cursus.
406	422	admin	128	Tempus urna et pharetra pharetra massa.
407	486	admin	3	Sed risus pretium quam vulputate.
408	63	admin	445	Velit scelerisque in dictum non consectetur a erat nam at.
409	321	customer	179	Ornare arcu odio ut sem.
410	44	customer	457	Morbi non arcu risus quis varius quam quisque id diam.
411	379	customer	93	Sagittis id consectetur purus ut faucibus pulvinar elementum integer.
412	452	customer	87	Elementum nibh tellus molestie nunc non blandit.
413	363	customer	247	Nisi lacus sed viverra tellus in hac.
414	226	customer	479	Ac felis donec et odio pellentesque.
415	389	customer	406	In mollis nunc sed id semper risus.
416	415	admin	406	Fusce id velit ut tortor pretium viverra suspendisse.
417	75	customer	241	Metus aliquam eleifend mi in nulla posuere sollicitudin.
418	98	customer	250	Id velit ut tortor pretium viverra suspendisse.
419	421	customer	373	Eu nisl nunc mi ipsum faucibus vitae aliquet nec ullamcorper.
420	484	admin	37	In mollis nunc sed id semper.
421	428	customer	421	Curabitur vitae nunc sed velit.
422	217	customer	480	Nunc sed velit dignissim sodales ut.
423	364	customer	107	Elementum nibh tellus molestie nunc non blandit.
424	156	customer	267	Lorem ipsum dolor sit amet consectetur adipiscing elit duis tristique.
425	91	customer	127	Blandit turpis cursus in hac habitasse.
426	11	admin	449	Amet nisl purus in mollis nunc.
427	49	admin	131	Mollis aliquam ut porttitor leo.
428	124	customer	175	Dolor sit amet consectetur adipiscing elit duis tristique sollicitudin.
429	495	customer	326	Sed sed risus pretium quam vulputate dignissim suspendisse in est.
430	469	admin	439	Mus mauris vitae ultricies leo integer.
431	57	customer	243	Ultricies tristique nulla aliquet enim tortor at auctor urna nunc.
432	203	admin	475	Sed ullamcorper morbi tincidunt ornare massa.
433	233	admin	380	Accumsan tortor posuere ac ut consequat.
434	16	customer	4	Lorem dolor sed viverra ipsum nunc aliquet.
435	152	customer	411	Lectus quam id leo in.
436	69	customer	487	In ornare quam viverra orci sagittis.
437	81	admin	388	Id nibh tortor id aliquet.
438	352	customer	91	Consectetur adipiscing elit ut aliquam.
439	466	admin	241	A arcu cursus vitae congue mauris rhoncus aenean vel elit.
440	480	customer	5	Praesent semper feugiat nibh sed pulvinar proin.
441	136	customer	37	Mi eget mauris pharetra et.
442	154	admin	156	Sed vulputate odio ut enim blandit volutpat maecenas volutpat.
443	124	customer	81	Auctor elit sed vulputate mi sit amet mauris.
444	337	admin	91	Purus ut faucibus pulvinar elementum.
445	285	customer	355	Amet consectetur adipiscing elit ut aliquam purus sit.
446	309	admin	271	Praesent semper feugiat nibh sed pulvinar proin.
447	461	admin	194	Et netus et malesuada fames ac turpis.
448	392	admin	162	Natoque penatibus et magnis dis.
449	452	admin	91	Tristique et egestas quis ipsum suspendisse ultrices.
450	409	admin	292	At varius vel pharetra vel turpis nunc eget lorem dolor.
451	366	customer	191	Aliquet eget sit amet tellus cras.
452	460	customer	126	Pellentesque massa placerat duis ultricies lacus sed.
453	39	admin	484	Ipsum dolor sit amet consectetur adipiscing elit duis tristique.
454	186	admin	357	Netus et malesuada fames ac turpis egestas maecenas pharetra convallis.
455	339	customer	156	Faucibus scelerisque eleifend donec pretium vulputate sapien nec.
456	382	customer	208	Quam lacus suspendisse faucibus interdum posuere lorem.
457	20	admin	465	Ac ut consequat semper viverra nam.
458	359	customer	50	Egestas dui id ornare arcu.
459	429	customer	97	Urna cursus eget nunc scelerisque viverra mauris in aliquam.
460	155	admin	80	Ut ornare lectus sit amet.
461	432	admin	249	Iaculis nunc sed augue lacus viverra vitae congue eu.
462	421	admin	393	Habitasse platea dictumst vestibulum rhoncus est pellentesque.
463	28	customer	185	Quis auctor elit sed vulputate mi sit amet mauris commodo.
464	353	admin	287	Etiam erat velit scelerisque in.
465	294	customer	49	Sagittis nisl rhoncus mattis rhoncus urna neque viverra justo.
466	394	admin	81	Tempor id eu nisl nunc mi ipsum faucibus vitae.
467	175	customer	460	Fringilla est ullamcorper eget nulla facilisi etiam.
468	265	admin	206	Sit amet facilisis magna etiam tempor orci.
469	97	customer	280	Aliquam nulla facilisi cras fermentum.
470	328	customer	420	Eros in cursus turpis massa tincidunt dui ut.
471	443	admin	213	Odio pellentesque diam volutpat commodo sed egestas.
473	329	customer	418	Volutpat est velit egestas dui id.
474	196	customer	388	Enim facilisis gravida neque convallis.
475	168	admin	150	Massa enim nec dui nunc mattis enim.
476	132	admin	464	Morbi blandit cursus risus at ultrices mi tempus imperdiet nulla.
477	398	customer	122	Venenatis a condimentum vitae sapien pellentesque.
478	309	admin	382	Sit amet consectetur adipiscing elit duis tristique sollicitudin nibh.
479	93	customer	282	Fermentum et sollicitudin ac orci phasellus egestas tellus rutrum.
480	319	admin	425	Ultricies mi quis hendrerit dolor magna eget est lorem ipsum.
481	324	admin	146	Sit amet nisl suscipit adipiscing.
482	136	customer	471	Eu tincidunt tortor aliquam nulla facilisi cras fermentum.
483	283	customer	485	Justo donec enim diam vulputate ut pharetra sit amet.
484	132	customer	329	Congue nisi vitae suscipit tellus mauris a diam maecenas sed.
485	116	admin	173	Quis viverra nibh cras pulvinar mattis nunc sed.
486	2	customer	358	Duis at tellus at urna condimentum.
487	404	customer	61	Proin fermentum leo vel orci porta.
488	490	customer	198	Arcu non sodales neque sodales ut etiam sit.
489	441	admin	498	Dolor sed viverra ipsum nunc.
490	386	customer	360	Vestibulum lectus mauris ultrices eros in cursus turpis.
491	285	customer	286	Sit amet venenatis urna cursus eget.
492	220	admin	143	Gravida cum sociis natoque penatibus et magnis dis parturient.
493	172	admin	456	Aliquam id diam maecenas ultricies.
494	130	customer	299	Non tellus orci ac auctor.
495	434	admin	399	At in tellus integer feugiat scelerisque varius morbi.
496	314	customer	56	Iaculis nunc sed augue lacus viverra vitae congue eu.
497	90	admin	5	Lacus vel facilisis volutpat est velit.
498	56	admin	243	Dolor sit amet consectetur adipiscing elit duis tristique sollicitudin.
499	239	customer	454	Euismod quis viverra nibh cras pulvinar mattis nunc sed blandit.
500	422	customer	356	Eu turpis egestas pretium aenean pharetra magna ac placerat vestibulum.
501	190	customer	36	Ipsum suspendisse ultrices gravida dictum fusce ut.
502	550	customer	327	Turpis tincidunt id aliquet risus feugiat.
503	71	customer	235	Ultricies mi quis hendrerit dolor magna eget est lorem ipsum.
504	518	admin	216	Quisque sagittis purus sit amet volutpat consequat mauris nunc.
505	289	customer	114	Arcu cursus euismod quis viverra nibh cras pulvinar.
506	434	admin	257	Duis at tellus at urna condimentum.
507	72	admin	316	Congue nisi vitae suscipit tellus mauris a diam maecenas sed.
508	399	admin	440	Eu consequat ac felis donec.
509	65	customer	42	Eleifend donec pretium vulputate sapien nec sagittis aliquam malesuada bibendum.
510	451	customer	314	Duis ut diam quam nulla porttitor massa id.
511	183	admin	510	Nibh tellus molestie nunc non.
512	39	customer	560	Tellus integer feugiat scelerisque varius morbi enim nunc faucibus a.
513	361	customer	548	Convallis aenean et tortor at risus.
514	114	admin	117	Posuere sollicitudin aliquam ultrices sagittis orci a.
515	239	admin	329	In vitae turpis massa sed elementum tempus egestas.
516	145	admin	356	Volutpat commodo sed egestas egestas fringilla phasellus.
517	591	customer	598	Consequat nisl vel pretium lectus quam id.
518	131	customer	7	Ullamcorper eget nulla facilisi etiam dignissim diam.
519	401	admin	505	Urna cursus eget nunc scelerisque viverra mauris in aliquam sem.
520	237	customer	44	Netus et malesuada fames ac turpis egestas maecenas pharetra convallis.
521	176	customer	77	Mi eget mauris pharetra et.
522	313	admin	503	Porttitor lacus luctus accumsan tortor posuere ac ut consequat semper.
523	75	customer	496	Pellentesque pulvinar pellentesque habitant morbi tristique senectus et netus et.
524	145	customer	228	Congue mauris rhoncus aenean vel elit.
525	24	admin	435	Porttitor lacus luctus accumsan tortor posuere ac ut.
526	30	admin	50	Elit pellentesque habitant morbi tristique senectus.
527	382	admin	227	Tristique et egestas quis ipsum suspendisse ultrices.
528	348	admin	168	Purus in massa tempor nec.
529	472	admin	553	Consectetur adipiscing elit ut aliquam purus sit amet luctus venenatis.
530	256	customer	432	Sed libero enim sed faucibus turpis in eu mi.
531	399	customer	551	Integer malesuada nunc vel risus commodo.
532	536	admin	373	Faucibus pulvinar elementum integer enim neque.
533	293	customer	200	Nulla pellentesque dignissim enim sit amet.
534	471	customer	436	Cras adipiscing enim eu turpis egestas pretium aenean pharetra.
535	384	customer	237	Turpis tincidunt id aliquet risus feugiat.
536	127	customer	19	Ac ut consequat semper viverra nam.
537	427	admin	3	Enim nec dui nunc mattis enim ut tellus.
538	326	admin	454	Cras ornare arcu dui vivamus arcu felis.
539	222	customer	110	Nunc vel risus commodo viverra maecenas accumsan.
540	181	admin	493	Purus semper eget duis at tellus at.
541	559	admin	504	Id velit ut tortor pretium viverra suspendisse.
542	503	admin	227	Magna fermentum iaculis eu non diam.
543	91	customer	454	Eget velit aliquet sagittis id consectetur purus ut.
544	270	admin	496	Fusce ut placerat orci nulla.
545	232	admin	454	Bibendum neque egestas congue quisque.
546	359	admin	186	Varius sit amet mattis vulputate enim nulla aliquet porttitor.
547	581	customer	340	Mauris in aliquam sem fringilla ut.
548	60	customer	534	Nulla aliquet porttitor lacus luctus accumsan tortor posuere.
549	502	customer	593	Purus in massa tempor nec.
550	153	admin	16	Mattis rhoncus urna neque viverra justo.
551	556	customer	101	Quis risus sed vulputate odio ut enim.
552	466	admin	380	Malesuada fames ac turpis egestas.
553	534	customer	388	Diam phasellus vestibulum lorem sed risus ultricies tristique.
554	492	customer	567	Faucibus nisl tincidunt eget nullam.
555	90	customer	47	Facilisis volutpat est velit egestas dui id ornare.
556	116	customer	38	Sem et tortor consequat id.
557	176	customer	25	Velit sed ullamcorper morbi tincidunt ornare massa.
558	545	admin	88	Dictumst quisque sagittis purus sit amet volutpat consequat mauris nunc.
559	356	customer	72	Tempus imperdiet nulla malesuada pellentesque.
560	96	admin	383	Praesent semper feugiat nibh sed pulvinar proin.
561	585	admin	151	Enim sit amet venenatis urna cursus.
562	296	customer	85	Eget aliquet nibh praesent tristique magna.
563	256	customer	375	Sagittis nisl rhoncus mattis rhoncus urna neque viverra justo.
564	231	customer	527	Dictum at tempor commodo ullamcorper.
565	318	admin	73	Scelerisque viverra mauris in aliquam sem fringilla ut.
566	563	admin	192	Integer malesuada nunc vel risus commodo.
567	113	customer	430	Luctus venenatis lectus magna fringilla urna porttitor rhoncus dolor.
568	152	customer	403	Viverra mauris in aliquam sem fringilla.
569	495	customer	564	At varius vel pharetra vel.
570	220	customer	288	Adipiscing at in tellus integer feugiat scelerisque varius morbi enim.
571	281	admin	190	Hendrerit gravida rutrum quisque non tellus orci ac.
572	352	customer	385	Ipsum faucibus vitae aliquet nec ullamcorper.
573	325	admin	80	Vitae proin sagittis nisl rhoncus mattis rhoncus.
574	149	customer	334	Vulputate odio ut enim blandit.
575	387	customer	24	Diam phasellus vestibulum lorem sed risus ultricies tristique.
576	367	customer	493	At lectus urna duis convallis convallis tellus id interdum velit.
577	291	customer	299	Sit amet purus gravida quis blandit turpis cursus in.
578	30	admin	210	Magna sit amet purus gravida.
579	225	customer	192	Id velit ut tortor pretium viverra suspendisse.
580	219	customer	589	Vestibulum mattis ullamcorper velit sed ullamcorper morbi.
581	162	admin	362	Molestie at elementum eu facilisis sed odio morbi.
582	23	admin	596	Eu nisl nunc mi ipsum faucibus vitae aliquet.
583	41	customer	446	Neque laoreet suspendisse interdum consectetur libero id faucibus.
584	502	admin	20	Erat nam at lectus urna duis convallis convallis.
585	218	customer	70	Malesuada fames ac turpis egestas.
586	454	admin	448	Sed viverra tellus in hac habitasse platea.
587	469	admin	566	In hac habitasse platea dictumst quisque sagittis.
588	195	admin	381	Amet cursus sit amet dictum sit amet justo donec.
589	437	admin	545	Aliquet eget sit amet tellus cras.
590	498	customer	408	Enim ut sem viverra aliquet eget sit amet tellus.
591	413	admin	67	Posuere lorem ipsum dolor sit amet consectetur adipiscing elit.
592	535	admin	422	Accumsan tortor posuere ac ut consequat.
593	406	admin	319	Sed viverra tellus in hac habitasse platea.
594	579	admin	335	Nunc mattis enim ut tellus.
595	460	customer	92	Amet nisl purus in mollis nunc.
596	466	admin	256	Viverra vitae congue eu consequat ac.
597	355	admin	59	Diam sit amet nisl suscipit adipiscing.
598	481	customer	424	Faucibus turpis in eu mi bibendum neque egestas.
599	213	customer	179	Non sodales neque sodales ut etiam sit amet nisl purus.
600	76	customer	250	At varius vel pharetra vel turpis nunc eget lorem dolor.
601	396	customer	238	Tellus in hac habitasse platea dictumst vestibulum.
602	346	customer	257	Eget arcu dictum varius duis at consectetur.
603	484	admin	85	Eu turpis egestas pretium aenean pharetra magna ac placerat vestibulum.
604	544	customer	323	Egestas egestas fringilla phasellus faucibus.
605	222	customer	641	Dignissim suspendisse in est ante.
606	210	admin	219	Pellentesque dignissim enim sit amet.
607	179	admin	3	Egestas fringilla phasellus faucibus scelerisque eleifend donec pretium.
608	648	admin	299	Tempus urna et pharetra pharetra massa.
609	578	admin	251	Cras pulvinar mattis nunc sed blandit libero volutpat sed.
610	84	admin	435	Magna sit amet purus gravida.
611	653	customer	295	Duis at tellus at urna condimentum.
612	667	customer	536	Dolor sit amet consectetur adipiscing elit pellentesque habitant.
613	388	customer	441	Egestas fringilla phasellus faucibus scelerisque eleifend donec pretium vulputate.
614	525	customer	308	Cursus vitae congue mauris rhoncus aenean vel.
615	422	admin	110	Vitae semper quis lectus nulla at.
616	609	admin	432	Odio eu feugiat pretium nibh ipsum.
617	413	customer	106	Purus in massa tempor nec.
618	545	admin	447	Ut faucibus pulvinar elementum integer enim neque volutpat ac.
619	238	customer	445	Nunc non blandit massa enim nec dui nunc mattis enim.
620	544	customer	151	Porttitor lacus luctus accumsan tortor posuere ac ut consequat semper.
621	495	customer	495	Et malesuada fames ac turpis egestas maecenas.
622	145	customer	108	Semper auctor neque vitae tempus.
623	375	admin	611	Nulla pharetra diam sit amet nisl suscipit.
624	604	customer	510	Urna cursus eget nunc scelerisque viverra mauris in aliquam sem.
625	370	customer	639	Egestas fringilla phasellus faucibus scelerisque eleifend donec.
626	349	admin	43	Lorem dolor sed viverra ipsum nunc aliquet.
627	278	admin	316	Mauris nunc congue nisi vitae suscipit tellus.
628	541	customer	339	Et netus et malesuada fames ac.
629	419	customer	381	Proin fermentum leo vel orci porta non.
630	461	admin	91	Vitae nunc sed velit dignissim sodales ut eu.
631	628	customer	562	At urna condimentum mattis pellentesque id nibh tortor.
632	571	customer	637	Fringilla est ullamcorper eget nulla facilisi etiam dignissim.
633	574	admin	253	Senectus et netus et malesuada fames.
634	461	admin	333	Morbi tristique senectus et netus et malesuada.
635	168	customer	533	Elementum eu facilisis sed odio.
636	206	customer	620	Elit at imperdiet dui accumsan sit amet nulla.
637	85	customer	239	Pellentesque massa placerat duis ultricies lacus sed.
638	543	admin	380	Dictumst quisque sagittis purus sit amet volutpat consequat mauris nunc.
639	77	customer	94	Congue mauris rhoncus aenean vel elit.
640	214	customer	486	Lectus arcu bibendum at varius vel pharetra vel turpis.
641	33	admin	610	Neque gravida in fermentum et sollicitudin ac.
642	133	admin	661	A iaculis at erat pellentesque adipiscing commodo elit at imperdiet.
643	632	admin	347	Ut porttitor leo a diam.
644	357	admin	398	Neque ornare aenean euismod elementum nisi quis.
645	16	admin	149	Vitae aliquet nec ullamcorper sit amet risus nullam.
646	628	customer	390	Massa massa ultricies mi quis hendrerit.
647	185	admin	161	Mattis rhoncus urna neque viverra justo nec ultrices.
648	331	admin	680	Amet porttitor eget dolor morbi non arcu risus quis.
649	610	customer	125	Ullamcorper velit sed ullamcorper morbi tincidunt.
650	204	customer	240	Scelerisque viverra mauris in aliquam.
651	358	admin	529	Varius morbi enim nunc faucibus.
652	141	admin	335	Pharetra vel turpis nunc eget lorem dolor sed viverra.
653	276	customer	644	Venenatis a condimentum vitae sapien pellentesque.
654	499	admin	579	Arcu bibendum at varius vel pharetra vel.
655	194	customer	143	Bibendum enim facilisis gravida neque.
656	43	admin	636	In hac habitasse platea dictumst quisque sagittis.
657	332	admin	696	Lacinia at quis risus sed vulputate.
658	263	admin	538	Vitae proin sagittis nisl rhoncus mattis.
659	58	customer	319	Morbi tincidunt ornare massa eget egestas purus viverra accumsan in.
660	403	customer	664	Semper eget duis at tellus at urna condimentum.
661	357	admin	686	Volutpat commodo sed egestas egestas fringilla phasellus.
662	189	customer	87	Porttitor lacus luctus accumsan tortor.
663	643	customer	97	Massa massa ultricies mi quis hendrerit.
664	651	admin	342	Arcu non sodales neque sodales ut etiam sit amet.
665	340	customer	36	Erat imperdiet sed euismod nisi porta.
666	650	customer	588	Fringilla est ullamcorper eget nulla facilisi etiam dignissim.
667	51	admin	24	A scelerisque purus semper eget duis at.
668	500	customer	94	Lectus vestibulum mattis ullamcorper velit sed ullamcorper.
669	326	customer	70	Nunc non blandit massa enim nec dui nunc mattis enim.
670	509	customer	561	Sit amet venenatis urna cursus eget.
671	291	customer	493	Nisi lacus sed viverra tellus in hac.
672	581	customer	10	Consectetur purus ut faucibus pulvinar elementum integer enim.
673	118	admin	568	Dis parturient montes nascetur ridiculus mus.
674	591	customer	49	Lectus vestibulum mattis ullamcorper velit sed ullamcorper.
675	556	admin	195	Amet volutpat consequat mauris nunc congue.
676	404	admin	640	At consectetur lorem donec massa sapien faucibus.
677	119	admin	511	Scelerisque viverra mauris in aliquam sem fringilla ut.
678	127	admin	282	Quam lacus suspendisse faucibus interdum posuere.
679	312	customer	344	Sit amet facilisis magna etiam tempor orci.
680	135	admin	319	In hac habitasse platea dictumst quisque sagittis.
681	332	customer	260	Mi proin sed libero enim.
682	636	admin	9	Arcu vitae elementum curabitur vitae nunc.
683	250	admin	372	Cras fermentum odio eu feugiat pretium.
684	448	customer	675	Elit pellentesque habitant morbi tristique senectus.
685	509	admin	630	Pellentesque elit ullamcorper dignissim cras tincidunt.
686	639	customer	558	Ornare arcu odio ut sem.
687	174	admin	400	In mollis nunc sed id semper risus.
688	425	admin	374	Curabitur vitae nunc sed velit dignissim.
689	661	customer	305	Mattis pellentesque id nibh tortor.
690	78	customer	651	Euismod quis viverra nibh cras pulvinar mattis nunc sed blandit.
691	220	customer	103	Mauris vitae ultricies leo integer malesuada nunc vel.
692	431	admin	63	Consectetur adipiscing elit ut aliquam.
693	506	customer	62	Enim facilisis gravida neque convallis.
694	55	customer	33	Ut etiam sit amet nisl purus in mollis nunc.
695	484	admin	227	Bibendum enim facilisis gravida neque.
696	536	admin	279	Vestibulum lectus mauris ultrices eros in cursus turpis.
697	102	customer	29	Vitae proin sagittis nisl rhoncus mattis rhoncus.
698	63	customer	77	Et magnis dis parturient montes nascetur ridiculus mus mauris vitae.
699	66	customer	444	Non arcu risus quis varius quam quisque id.
700	142	customer	316	Ut ornare lectus sit amet.
701	2	customer	516	Amet venenatis urna cursus eget.
702	714	customer	666	Bibendum arcu vitae elementum curabitur vitae nunc sed velit dignissim.
703	22	admin	346	Nibh ipsum consequat nisl vel pretium lectus quam id.
704	614	admin	759	Lectus arcu bibendum at varius vel pharetra vel turpis.
705	253	admin	55	Tempus urna et pharetra pharetra massa.
706	468	customer	229	Netus et malesuada fames ac turpis egestas sed tempus urna.
707	533	admin	373	Purus ut faucibus pulvinar elementum.
708	190	customer	173	Tortor aliquam nulla facilisi cras fermentum.
709	273	admin	778	Enim facilisis gravida neque convallis.
710	639	customer	191	Vel eros donec ac odio tempor orci dapibus.
711	540	customer	787	Ac tortor dignissim convallis aenean et tortor.
712	682	admin	329	Quam viverra orci sagittis eu volutpat odio facilisis.
713	785	customer	732	Lorem ipsum dolor sit amet consectetur adipiscing elit.
714	765	admin	127	Sagittis purus sit amet volutpat consequat.
715	157	admin	706	Non blandit massa enim nec.
716	179	customer	239	Quis lectus nulla at volutpat diam ut.
717	162	admin	447	Sit amet nisl suscipit adipiscing.
718	32	admin	5	Amet volutpat consequat mauris nunc congue nisi vitae suscipit tellus.
719	385	admin	418	Eu tincidunt tortor aliquam nulla facilisi.
720	733	customer	583	Parturient montes nascetur ridiculus mus mauris vitae ultricies leo.
721	98	admin	492	Nunc sed blandit libero volutpat sed.
722	32	customer	25	Facilisi etiam dignissim diam quis enim.
723	334	admin	561	Nulla posuere sollicitudin aliquam ultrices.
724	361	customer	493	Amet purus gravida quis blandit.
725	571	customer	460	Et netus et malesuada fames ac turpis.
726	85	admin	310	At varius vel pharetra vel.
727	759	admin	280	Urna neque viverra justo nec ultrices.
728	580	admin	534	Eu consequat ac felis donec et odio pellentesque diam.
729	185	customer	304	Pellentesque elit eget gravida cum sociis natoque penatibus et.
730	304	customer	211	Adipiscing elit pellentesque habitant morbi tristique senectus et netus.
731	84	customer	114	Eget mi proin sed libero enim sed.
732	622	customer	357	Id ornare arcu odio ut sem nulla pharetra diam sit.
733	247	customer	386	Amet est placerat in egestas erat imperdiet.
734	124	customer	768	Diam vel quam elementum pulvinar etiam non quam lacus suspendisse.
735	47	admin	174	Pharetra sit amet aliquam id diam maecenas ultricies mi eget.
736	108	admin	461	Diam maecenas sed enim ut sem viverra.
737	21	customer	223	Ac felis donec et odio pellentesque diam volutpat commodo.
738	408	admin	572	Mattis rhoncus urna neque viverra justo.
739	422	customer	34	Pulvinar elementum integer enim neque volutpat ac tincidunt.
740	464	admin	61	Semper risus in hendrerit gravida.
741	591	admin	354	Ac ut consequat semper viverra nam.
742	358	admin	715	Lorem ipsum dolor sit amet consectetur adipiscing.
743	535	customer	87	Molestie ac feugiat sed lectus vestibulum mattis ullamcorper velit.
744	714	admin	248	Ut etiam sit amet nisl purus in mollis nunc.
745	290	customer	620	Eu nisl nunc mi ipsum faucibus vitae aliquet nec ullamcorper.
746	104	admin	254	Sagittis purus sit amet volutpat consequat mauris nunc.
747	207	customer	791	Rhoncus aenean vel elit scelerisque mauris pellentesque pulvinar pellentesque.
748	46	admin	414	Enim nec dui nunc mattis enim ut tellus.
749	456	admin	627	Aliquam nulla facilisi cras fermentum odio eu feugiat.
750	550	admin	394	Ultrices sagittis orci a scelerisque purus semper.
751	798	admin	722	Scelerisque in dictum non consectetur a erat nam.
752	63	customer	120	Lacus vestibulum sed arcu non odio euismod lacinia.
753	433	admin	146	Velit sed ullamcorper morbi tincidunt ornare massa eget.
754	56	customer	540	Id venenatis a condimentum vitae sapien pellentesque habitant.
755	693	admin	548	Interdum consectetur libero id faucibus nisl tincidunt eget nullam.
756	162	admin	428	In hac habitasse platea dictumst.
757	684	customer	435	Auctor neque vitae tempus quam pellentesque nec nam aliquam sem.
758	298	admin	447	Tristique senectus et netus et malesuada fames ac.
759	223	customer	183	Ut etiam sit amet nisl purus in mollis nunc.
760	481	customer	569	Morbi tincidunt ornare massa eget egestas.
761	21	admin	232	Sapien nec sagittis aliquam malesuada.
762	418	admin	599	Amet porttitor eget dolor morbi non arcu risus quis.
763	562	customer	263	Non diam phasellus vestibulum lorem.
764	280	admin	798	Mauris nunc congue nisi vitae suscipit tellus.
765	233	admin	644	Purus gravida quis blandit turpis cursus in hac habitasse.
766	139	admin	641	Ut venenatis tellus in metus vulputate eu scelerisque felis imperdiet.
767	404	customer	535	Leo in vitae turpis massa sed.
768	126	admin	481	Elementum eu facilisis sed odio.
769	85	customer	794	Lectus arcu bibendum at varius vel pharetra vel turpis.
770	104	admin	247	Enim nec dui nunc mattis enim.
771	689	customer	511	Mauris nunc congue nisi vitae suscipit tellus mauris.
772	755	customer	743	Ipsum dolor sit amet consectetur adipiscing elit duis tristique sollicitudin.
773	161	customer	413	Vitae semper quis lectus nulla at.
774	159	customer	604	Velit scelerisque in dictum non consectetur a erat nam at.
775	698	customer	732	Non blandit massa enim nec.
776	442	admin	253	Eu lobortis elementum nibh tellus.
777	451	customer	440	Sodales ut etiam sit amet nisl purus in mollis.
778	632	customer	604	Aliquet porttitor lacus luctus accumsan tortor posuere ac.
779	262	admin	747	Id aliquet lectus proin nibh nisl condimentum id venenatis.
780	7	admin	452	Cursus vitae congue mauris rhoncus aenean vel.
781	771	admin	509	Fermentum odio eu feugiat pretium nibh ipsum consequat.
782	635	admin	675	Vel facilisis volutpat est velit egestas dui id ornare.
783	177	customer	93	Dignissim sodales ut eu sem integer.
784	420	customer	261	In pellentesque massa placerat duis ultricies lacus sed turpis.
785	626	customer	252	Laoreet non curabitur gravida arcu ac tortor dignissim.
786	398	admin	558	Convallis convallis tellus id interdum.
787	187	customer	563	Justo donec enim diam vulputate ut pharetra sit amet.
788	635	admin	407	Sagittis aliquam malesuada bibendum arcu vitae elementum.
789	766	customer	305	Suspendisse interdum consectetur libero id faucibus nisl tincidunt eget nullam.
790	500	customer	774	Maecenas sed enim ut sem viverra aliquet eget sit.
791	124	admin	775	Nulla porttitor massa id neque.
792	667	customer	652	Volutpat commodo sed egestas egestas fringilla phasellus.
793	293	customer	705	Interdum velit euismod in pellentesque massa placerat duis ultricies lacus.
794	204	admin	697	Erat nam at lectus urna duis convallis convallis.
795	27	admin	577	Eget gravida cum sociis natoque penatibus et magnis.
796	247	customer	147	Non sodales neque sodales ut etiam sit amet nisl purus.
797	315	admin	488	Tincidunt arcu non sodales neque sodales ut etiam.
798	144	customer	707	Tellus integer feugiat scelerisque varius morbi enim nunc faucibus a.
799	569	admin	258	At urna condimentum mattis pellentesque id nibh tortor.
800	241	admin	269	Mauris vitae ultricies leo integer malesuada nunc vel.
\.


--
-- Data for Name: tracking_info; Type: TABLE DATA; Schema: public; Owner: postgres
--

COPY public.tracking_info (id, shipment_id, tracking_number) FROM stdin;
1	9	810b21e5-96b3-060c-1ffc-61d4aa0b8389
2	64	d849c5ba-3005-b3be-0b32-b21dac68b42e
3	41	676f63f4-aa24-1add-44ea-ab5c461c1832
4	2	9bfeadee-5a33-205d-0a87-0409ad79aa78
5	18	4131467b-aa8f-6923-cd22-6efadb9dd046
6	32	c97f0885-80c0-1b93-7f20-c0b3ad339de6
7	39	d7bad1fd-0360-dd56-2035-0f8e0975eb7e
8	44	3424c861-2a7a-be52-d375-c2ed2ab76c2e
9	29	f3d8fd19-f7aa-aa1b-a4ef-851d3e515e54
10	55	23204568-4fb0-1310-2ef2-3a3782dcfc67
11	53	fb64f130-1c07-cb62-0d26-8d8803e42d49
12	50	abf00eb4-7c2c-5724-ab88-4857fd55e2f4
13	81	1a093e33-bed3-f92c-c285-8ebab162b286
14	37	5d355ef9-1446-f2c7-7cae-5d00c121aa79
15	75	aa255756-0c55-5b93-ebf1-de272b3dd8dd
16	96	d7badfc7-e642-2f1f-84f8-43e426c2af69
17	22	bf15b56a-ca52-e289-d295-d3afaeabd786
18	53	52a7c08a-5930-49db-6154-ad5d8d9d91ca
19	30	e01054b2-de7c-44d1-3dbf-61efc12897d1
20	67	bfe1c353-0f4e-56e2-1053-8cbf847da85c
21	36	c73a1d30-56d6-6d97-06db-5555a0e2a98f
22	8	033261ec-9974-7cbc-80eb-62d67070d026
23	13	d2d898c9-87a0-249d-dd2a-3f75bc3457ef
24	26	ecc49b8d-88b4-40cd-e29b-3fe6c84de8ca
25	44	d16b7c97-7cd7-fbfe-b901-f412f77e0870
26	3	447e7857-6734-1279-517e-80c45655a763
27	56	cfd1ecd2-b938-c327-873f-1a7d32504696
28	42	fba6e634-4868-2d29-6326-0fcbacd81d35
29	13	66da7eaf-0629-542b-1be1-f4b279495859
30	72	693cfddc-0038-51fd-7332-b3a6681a8432
31	6	49b269f7-c332-c683-2ec0-2f8740b591ba
32	25	959b6211-7257-f7c5-e556-514330628689
33	14	abd7a37d-5515-a4db-ea5b-bcd314430376
34	71	43ca2127-1c09-a074-c7be-c7a94f2dc604
35	33	b91cc9fa-b32b-cfc4-e1ad-2a58c8661297
36	71	fa18c9dc-67b9-e014-b930-7ec8d280d283
37	65	ed6bfd1c-682d-63c9-2f37-97841070a61a
38	20	0736e079-19a6-bab1-209b-ca5822409a73
39	53	a5b0de08-9413-1cdf-b4be-1c892f3e73b9
40	63	0e385e49-abac-1ff9-1779-158fd23213af
41	62	c596d3f4-28fa-a251-1ec0-41e26302961a
42	97	2ddb31fd-0efe-f949-f995-24ce4e4bb12a
43	67	7c9745c1-5eb9-38a3-27e9-06b704eddd39
44	55	6e90634d-26e7-2acf-8e8b-1533b7a47e14
45	68	2fc8e607-a2a7-9ee5-2fcc-f1be82c3c733
46	23	e9a26161-e140-3e17-0140-5ac427e42c10
47	26	6bfc82b2-c965-53af-da65-29d65daef7c9
48	89	f25a5a14-0036-fd96-a7d2-94157095a886
49	11	c19dd3c7-3c4f-48b4-e0cf-014d2bf6a558
50	67	9a952638-6ddc-9496-38f5-adb2e62428f9
51	64	0531406a-0069-09b7-7d98-ff60b8f9cf43
52	92	59373dc3-abbc-b61e-2271-f7a84e0cf1b5
53	70	1b5d5235-a341-a8fd-c208-279b055584f9
54	64	d9e201de-373f-7e56-2c8c-2727c825a1e9
55	72	a3fb60f2-c17a-c80d-7173-c66ca83b30ef
56	75	531dee77-e3e6-27d0-65e2-c6a10e936ecb
57	96	72db77ec-20c7-97e1-f777-7702d2846223
58	17	b2cf8f90-2019-ee2a-f989-e2e2d8f1c78f
59	39	daf003d1-81c7-6ecf-e067-0291a2dc1e46
60	38	8ef4c714-757f-6970-7732-e324b25a708c
61	9	4dec0504-99a4-6d89-a190-4e2c17f573cb
62	67	53060fe9-3e39-5412-f1d8-a297d0fe0a4e
63	80	b7f7d449-1cf3-e2b4-c2cb-0b81aa834231
64	72	4f216a81-7f0d-c9b1-71e3-5105a17ee956
65	84	15d4202c-22d0-9855-a591-d3fbfe66ca2f
66	6	9944f023-08e9-b743-0a75-9d82fdab203b
67	89	70d109aa-3dad-e4a5-6231-e4c4ae58b557
68	69	3c17635f-4f6f-97e3-8100-a905b3529a15
69	11	d7fb676a-314c-8b95-1c5d-4571f5fb5559
70	42	455e8b26-add8-825f-34fb-e994b3651342
71	19	a2556b2b-5fc7-3278-6e46-c207f2b27463
72	88	b1f6c27a-5683-5254-fa4f-9831ca5f65be
73	48	140feb4f-db61-f097-763a-b79c4cb5d614
74	44	4225fe2c-8dc0-2c2a-8f08-bc5cad698089
75	33	84e57837-b2d6-d4ee-ea6c-22bf597a393e
76	17	96b5f942-f0f0-a913-2efe-72bdd2e1349c
77	82	c7b198d8-a1b5-f3cf-dc4c-9c1d6581ab3d
78	55	95b958c7-73b0-836a-aaec-9ff1653d16f3
79	42	be80eebc-c63b-4e10-2253-1df69417aadd
80	79	67b62222-f7f8-be1a-16a0-ca568ea4d46e
81	96	0e1471e7-1eac-bc1b-07e1-fe5d27a055bd
82	98	14a16c82-9cf1-93d5-0468-f62e15545185
83	17	d7fdcf7b-a11f-0d30-754d-b054ab14ea5d
84	41	72138d88-d205-4290-a957-fc2fc8bfe8a3
85	11	49960798-b1eb-17ab-bdcc-aa83f7ac2694
86	27	5902d837-112c-7491-f3f4-8198f6a4096e
87	96	9584e8e9-fdf3-7a25-3499-d00db6ac35c1
88	21	b12f6f42-e40d-5789-bac8-72c7c18b7a4b
89	78	3b6dfe88-ecb3-432e-12ec-5fdeaa88f421
90	26	5bd2b5e7-4789-f7e7-6759-8153abe93c5c
91	98	4261e9f3-367e-fae6-9e7c-b4eb461e3cdf
92	87	7b5e4c27-b041-b11f-f99d-2064b1f23fd3
93	27	dafcef60-6902-e72e-4ea9-11b054b4acbd
94	11	c221686b-d6a5-adc7-170e-c0c7cac9eff3
95	77	46f18e7d-2a4e-8b98-b5f4-e157c6dd14b3
96	20	acd74956-a8b7-0b41-1ed0-9b97026a07bc
97	100	860133aa-01c3-65f8-2e2e-b93caaf72597
98	64	2372d579-39b0-31bd-4dfd-6a9ae52c200a
99	62	f210cce6-014e-c56e-a1a3-fa7a934eb47f
100	100	2bc7349f-6849-ae23-8486-1ba84bd23008
101	34	92a04e26-99c1-b04b-bc1f-c81b2b548708
102	181	8a0a1fb2-2924-0d38-7f12-94c6f156aeda
103	137	f050a525-5d8c-27b1-3fce-5df4197a158a
104	2	41ab769a-4c37-3142-a4cf-7968efd3f3bb
105	196	7f91735c-dee3-29a8-6b0a-b3d57745c58a
106	95	f1011b72-2b6d-af9c-4d9c-e41a50508deb
107	157	19c0c0c9-a178-2baa-a701-ecdb20745f58
108	135	1ee7b56b-3a11-678f-49ac-f42f34b45d67
109	198	a51e529f-6d7d-276c-6e6b-b98a07381578
110	113	2ba7b234-4f19-8c9a-7eed-7f34dba1f2ed
111	159	c7b2e28a-3658-7000-5062-1ac1f78152c2
112	199	08d609ea-3e9d-7410-bfa8-05aa1d742b43
113	45	bc26feec-c975-20e0-af22-0ff8810c2ae1
114	110	ab3bf030-df46-9a5a-2e39-d789abce58e8
115	140	0f06ac4e-cdfa-5cf9-ea62-c09242c74808
116	95	948fdb1a-1cdd-13bb-46e6-c10697443139
117	32	6aa2571a-f0b7-0870-8f99-9e64648b3648
118	34	92a67731-7852-2965-f97a-38737ad400f9
119	161	38c36f52-1100-b095-6028-fb7a78a5f9b3
120	114	175ccc0f-fb67-d46e-6837-5f3a8edeaece
121	8	30694e85-4143-6c69-13a0-82714f5b47b2
122	79	9cb76644-0574-c9e8-0be7-1774afa985f4
123	112	e8fb5883-9ebd-6262-901a-eba43cc28fa3
124	88	006228a4-63b8-f5bd-866d-5644f8bd9ed8
125	58	35f0d670-49fe-fbdc-cf89-704a489c8c31
126	197	a8c95303-53b1-3d0c-0b8a-910214362a2f
127	89	b2acffea-9c89-a839-f198-57975e406275
128	93	981af01c-8504-5de9-a8a8-508e2c530167
129	44	4b94a0cb-2968-8890-d5e6-86d513f87c11
130	24	344d98bc-a3d3-312f-0bad-9b7b5d30ccdf
131	172	cc417dce-7725-2dc2-2bd0-faa69114a646
132	192	08605e23-1179-1b75-a786-48ff6064d9de
133	79	b0520c9e-e4a4-9c28-8c26-02eceba08970
134	4	9428ad65-bb3b-2df2-1624-a2b4e74799c8
135	125	930fdc52-c1f8-79d3-cb28-3f5a4f05aa49
136	121	1f642191-ee51-380a-aa6a-e7cc254202b9
137	164	74c56ce2-f5ee-853d-1be1-f9ff4a8d7352
138	54	cd46c85b-b6a3-02cf-c3df-b6a5777890aa
139	48	4df40e04-48e2-abe0-ea6a-ebbfda816955
140	188	be8ef441-f956-5333-d8ad-9b33c3d68633
141	130	b70aa16c-cc3c-ef12-6c2f-bb20c8baba16
142	142	f5cc7eef-d302-1791-6a82-2bfaf3d487a9
143	138	d114bfc6-2598-2c81-07ac-1b0b2925eb69
144	174	8218640b-5969-4785-ac9e-e855d66008e7
145	160	687b4c24-f1fa-73dd-a363-e8b5afcc2a30
146	152	3d2614ae-81d4-6237-b2d3-074f17555935
147	57	39f68f61-8651-3f5b-8a82-83f03e3912e6
148	80	afb83cd8-5318-1dc7-90a7-027ef3511aa1
149	175	ef9f6851-1fa6-3796-c8d1-6fe52223b11f
150	102	4923fc31-2de6-591c-c8c2-a4b8244a49fd
151	95	183b49f8-a1ca-3983-96cc-c82eb396020a
152	66	334b3ae2-f7d7-238c-11b9-cf7f6ac3b438
153	112	6da0db16-fe7c-6a0d-f090-88db23266c3d
154	53	81e2e93e-1ccc-5e83-f51f-26111db088c9
155	57	5e33946e-f939-9cee-ab86-845bad174242
156	197	b01737fb-0871-00e0-46b9-55d20f1c6995
157	199	7dca52ef-68a3-fbff-ba15-997a05510d63
158	146	2d40c38e-46e2-88e8-eeef-5dcf6798d022
159	20	2bad116e-7634-177e-0917-1b4c099f2d75
160	38	0bf3e805-ec50-e004-b061-9b9ac1b2dacf
161	179	0847cf7a-9033-69f4-2650-813763956c58
162	171	c80ab190-e34f-63bc-3974-876bb20d9f88
163	61	bfeaf200-a494-c65c-e780-1c86593555d5
164	39	5264b7d6-0732-f8ff-fbbd-cb6d9a2c3b6f
165	146	71b3089d-c580-675a-f350-716b2b0b75db
166	77	9ade3656-b516-2ad6-e4aa-9558e3bb8434
167	72	32345beb-22ce-7eee-b2ec-7bdb553f0bc3
168	91	28f59aac-52b7-62f1-7d36-8abf0b1d79f6
169	136	301a0d1c-f912-7f3f-7e9f-1da175fea2e6
170	46	156ba2cb-4dc9-28ba-5f33-70840faef72c
171	180	bc977f97-16f3-09ee-e3f0-231309a239d4
172	85	4a6558d6-d194-2444-5cdf-7548f2d1bbb2
173	147	ae1f35a2-f8eb-fd8e-2bf6-a904f9a8dcb6
174	87	c3ba9313-fe39-ee8f-6eef-1113e1b6d856
175	99	e500920e-4e4d-612b-6ad2-0a0f7bcf9168
176	134	a4969a69-0a62-db21-5f44-d3042cc54bc7
177	156	deaa4425-3344-a9e2-fc3d-c5752ebef2fb
178	168	99c75b76-8695-f4ac-e80e-83300166f9be
179	56	91caf5f3-3e34-3811-e415-bcc43a264316
180	162	ba97b75d-155a-8ac3-4c9d-ef59957a094f
181	183	b6b216db-726f-7616-440f-c2c663f994b2
182	69	87f30934-753c-c978-f43e-c13ddbabb479
183	34	c5c8d0a6-be9c-ae42-8f78-240b17db230d
184	52	5a0512a6-5d40-c999-6108-aa42c553e1a3
185	117	168d6a5a-acfc-a0c3-dd9b-cc0b0bd4c483
186	97	4effc30e-3ea8-cb78-391f-4b2172bbc3f7
187	5	0378f98a-7890-4137-99ee-0a4774cb425e
188	114	f16adf66-2736-32d4-92cd-491eeee69539
189	70	8d2e39a4-50de-d6d2-909d-d57a3c32f967
190	157	d15c53bb-c996-94b0-d10a-ca049897734d
191	139	f92dbef2-9aaa-2141-0515-d25a837c4bf7
192	47	ac531a3a-1e1c-a602-8ed6-e1def56c6347
193	20	e57fcde0-8850-7d5a-2d44-0a8744a90161
194	182	0b7c7502-b590-c464-a65e-c8115b7a70c1
195	176	be93e86c-8742-badc-e3b0-9f16a9582b92
196	168	2c4b7da2-692e-92eb-27fb-ecb82d1ed6bf
197	73	57a13a7b-9503-7956-d375-fde3fd3f63a8
198	191	6bf84ad7-7dac-a8b7-d19f-51805225aa1d
199	88	bded5f66-3391-28af-39f1-2991b8fd893b
200	50	e4294fc5-0b07-4b6a-ed05-18b9f0bf815d
201	297	d0041445-a9e7-b3af-056c-58a7b93f435f
202	90	f1e4214c-7bcf-d6b4-9225-6aff2971ac96
203	274	271b43a1-aeef-bb37-1ab3-a3bf044a0c50
204	98	da769179-e218-a163-2b4a-9246ce323db7
205	54	44287dc6-31b1-fe0d-c8d8-1e0971390d0c
206	84	77ef0e56-8ef9-831b-5e2b-37f3697cc71a
207	180	fb957507-7c9d-2889-8910-ff872fd5281a
208	179	12386f15-f522-2d9b-ae09-9fd50b65780c
209	225	ecfc16d4-6eb1-15c5-3fd2-497cb5ed71bc
210	266	d359a733-6273-6a7e-48a2-0ea693a8f675
211	71	e662af50-98c6-1188-063c-70b2559ac07b
212	199	605dc6a8-ce4a-667e-f1b1-347c35747fe4
213	107	4ec0dcfd-8e98-f631-0de7-073ee0359145
214	143	22c18b0e-0a47-f603-b684-091c47a6423e
215	10	2df3e805-d207-7b7f-20a3-0ffb7953d482
216	69	10e48df6-86f3-b68d-b277-dbb22048fe1e
217	19	acc8b303-f4fe-833e-93d8-51ce39ae388a
218	61	6fadfb1c-a276-625e-d888-78b120e6534b
219	40	b80a6f43-52c8-a863-feed-902d54df637a
220	111	dd7f1bf8-68a1-2f9a-4758-6aeaae742017
221	1	46a42bce-2f52-1045-6b57-902026232bde
222	24	b2a6ede9-653b-c437-4bd7-6f703042437f
223	122	f61db76a-b3bf-980d-ad49-e3e5ba24f01b
224	100	e03b8f00-a1c5-fa94-5c83-ce169633abb4
225	224	8bd57a16-3e84-07eb-f25e-862ba33d7fe3
226	112	300840ae-bc95-e7db-1c28-1f42c65ab334
227	76	f77c260e-1587-ae39-2ff7-00789e94526e
228	215	b6e12087-283b-5e3b-aeaf-4893f75d92e1
229	285	045e8f04-f118-df20-a8ca-ca7894649a98
230	50	6668cce1-0d65-dd33-42d9-c297003c2a42
231	166	98f50467-8d4c-8191-6895-7e04709b85e6
232	72	89929e32-4b94-993f-1684-d670370542e3
233	144	6ab305b6-64ac-f793-dd98-bdf79bd71807
234	299	5fe52bf6-4dda-525f-3c29-1ec9a699479e
235	293	9c8a23dc-597b-b932-64dc-93cd33c0e8a8
236	174	9e8a449e-2b44-0632-9a52-e974888a526d
237	232	59093d2d-e3ab-93d0-8ff2-11680defdd1c
238	59	6d9f23f4-5165-97aa-847c-d75c79d27d4c
239	210	c857ca7e-79a5-a9c2-44a2-e09446501287
240	7	d81fe73e-8ca6-7795-e247-19f008fecafb
241	71	eb864c3c-14c2-2c4d-3f35-96ef8c378cde
242	233	4594355c-8a71-cae4-021a-048d26ed0836
243	190	53ca4191-29de-a4e7-9bb8-43a8d5f85aef
244	237	9d1bdc42-6eec-8c89-505a-c54f516e782f
245	129	c5c4c895-86b4-87a8-26d5-1877467c93c5
246	88	ba5cb672-7090-1f73-eb4c-3d6853b97722
247	112	fa79fd1f-0f25-0156-20ba-26a1f7750c57
248	300	992fbb95-f699-e009-7f4d-5517fbbc3c0b
249	189	a84a7e30-a68d-144a-947b-a2c0cac7796d
250	7	9cca8ff7-1b1b-c552-5d0d-5d42033beb2e
251	53	d22f8c0e-00b7-9b33-83ce-2bb2249c971e
252	156	5213d744-3646-3a92-badf-813caaff297f
253	215	a2b196f7-b9ce-878e-1b05-bb41bdb0a9ac
254	209	5c1da1a5-d721-578b-0f87-7bb29b6d2d98
255	23	aae3cb0e-75e3-f5dd-bd66-5a8c48557c69
256	207	3e2b794e-e3db-7adf-52b6-2f834762e5cc
257	267	853f5320-8d89-5d0c-97f4-773370aef5c3
258	69	379bcb5e-8d3b-94b2-b898-8253f2c61dc1
259	292	29ae8cb7-6f3b-eb76-958c-7fd773f50e69
260	48	2b00e621-0e8d-0f96-4876-0a50f2a6190a
261	183	ac9ebd19-d06b-3ee6-39c8-bcccfde0fa76
262	118	41264d32-25db-a896-4637-11a36be65861
263	192	3b0be58c-a231-33af-e997-6d1f3737f546
264	113	dbae8a12-35a3-b5d4-17a5-2a84e736fb2c
265	287	c5af7d09-c9da-23fb-b175-4840bf96938d
266	17	0463b0e8-acde-5c58-01f5-69ff88381f4d
267	102	0b5d694d-4e4b-3cbf-8ec7-c7e41f76de38
268	88	77cc1377-564b-12ae-6155-155fc1a21c8e
269	211	b3276d95-87fa-c07a-7c64-00a348acdea9
270	164	6e2490a2-928e-4701-e779-74fe904e1432
271	295	95a74f07-106d-38f6-da84-617716963a0d
272	15	f8732bdb-c1c6-7499-7f74-e753c68dd3ad
273	275	d49a44ae-322c-0c6a-0c17-50a384c59681
274	33	0e89524c-213a-af83-2115-416f43425432
275	292	4b99fec3-f527-2a8b-7b34-432593c0ad67
276	251	b4b7621d-f328-22d8-1d21-ab94dc29d104
277	235	61181e1c-91c8-6ce4-1e20-48127a1c48ad
278	239	395a3127-8a93-29d5-574a-e9c910d00a2d
279	238	400f7bb1-f12e-8637-cdc8-bf32aeb6219f
280	270	b2a56410-cf98-8134-a012-b6b0e5a29b5b
281	170	7229e71e-b296-d193-6f1e-881494253d4d
282	98	9e1da654-fb6a-f897-7127-0102e6c2fbb4
283	245	081f3b9e-8021-690e-58c5-128177b80a19
284	12	ad0adee3-8f8b-6115-9057-cd20841b530d
285	96	3f9af733-2f94-3c6e-0007-1736a7ac907b
286	276	5078019c-c298-1817-caa5-aec5745707bd
287	151	5775eac4-4848-c283-662c-b6a51e0b9cbf
288	206	3d54b4ea-af7d-8201-3f11-17ee51253886
289	249	a9297b00-c0ed-f9bb-9e77-b3c3eb8f8084
290	103	4ed20b70-6b47-cfa1-edb0-0155a7cf66c4
291	295	0b5d68e7-1363-6c0c-97bd-df85bf3dd933
292	298	ac691509-3623-66bd-4942-21e06b0b6ba6
293	7	23e03330-9cfe-a54b-48f4-056f2312dba7
294	37	6c0ef3a3-8113-13b7-4f5e-5d5b9b2f6cee
295	87	d439b406-e63d-4503-e5df-a56c623d0980
296	271	d1951987-8754-c937-2944-9237da9a0920
297	86	d6776e04-cc77-5cbe-1084-656917bfa826
298	125	4ab21e57-27b2-3281-5630-bc0d5e2e3a2b
299	114	a5fbcb96-8b5e-e73b-7ce4-9102b7a844a1
300	97	9ba179b9-d4cc-3475-fd3f-7070071a5b6f
301	50	afbb87ed-538d-14d4-b221-1e0f390cdc17
302	364	be9b5d91-68a4-091c-c6f0-c13809a40e67
303	313	2f06cb08-4488-e69a-0c5d-4f8f933c7310
304	297	46b54e41-0700-3411-ef1a-ef70889f56e2
305	368	ae701c77-9203-b10c-2e42-14fc2e189da5
306	51	5dae2cca-3a0e-6107-b333-eb11c8bb10d2
307	211	0f157b8e-2303-1ad2-293a-d1fe19ff52fe
308	107	b6de0062-9a50-7ab5-1127-38aeadc0b71b
309	181	affa4ba6-aaa5-581a-2580-8b3fec8e1f3f
310	200	af46aa96-500b-a4a0-95c0-f68b2d64ab7b
311	140	817ffbbb-e5c8-adf6-f2cd-c25e3912c7cd
312	358	c10e632d-3e66-adef-89f7-1e210e9b47c3
313	96	46b09f8d-7c5b-0864-701b-166716fb4b05
314	182	a86256e0-2543-d31b-9293-617f056006d7
315	67	7c61b703-e187-c3aa-8aae-6757a5990dc1
316	370	15fe4c2c-e5d2-6f4e-ed3f-51eb3d7d8380
317	124	9a452b25-2d0f-ead9-701a-0f05185aa31b
318	176	cdc49e10-49d4-676e-0e5d-b7c94d9276ad
319	206	dfd61662-96b5-2bad-f65e-ad30a91f9c51
320	222	8025be0c-6e4d-9332-c84f-4c8e297b6513
321	61	1ee4223e-02cb-5d3f-3a68-f14d7f285a7d
322	265	87b46cd0-271e-a58c-f02a-073126241e00
323	344	bb96e033-ee8b-f98c-b5c1-2fedf92f2c4e
324	3	a7dd6ca7-9e57-2f8b-8ecf-07d882fd2098
325	178	869eca8f-0057-9738-ca18-ad2f92aec22b
326	154	1f9878e2-ff34-177c-bc83-412cdf6faf17
327	103	94dc8c8b-b25a-188d-9e27-1f76d9832c09
328	238	5aebe222-9dce-7139-6172-61b0c31229ec
329	379	9380a788-815a-0d13-68f2-b4357ed160c6
330	343	7b724e0c-1f99-900e-64c6-362649d4b70e
331	195	e39c6796-14b3-eaa1-1b98-d120420cf499
332	373	4195ad91-1dad-5dba-0543-e5a5357d3f56
333	305	7a506f05-2c15-f3a0-f87a-f26490a10441
334	63	a2066e14-4c5b-22ff-f7ba-d6d5cbabcc69
335	371	3d3148ac-8ef3-be88-a8eb-7f61af3bad18
336	350	82ccc7a7-9511-cb98-f7ef-20226b6a94d6
337	262	e2b49736-8b17-b409-25eb-dd1724acffa2
338	354	4b908934-eddf-b904-6133-a3d16b61f2e0
339	26	11900f42-b824-316f-cd49-57fd316c6532
340	165	c5290206-b15f-15e7-1d8d-3df9b427e299
341	289	dae79fa0-60e0-162d-e5bf-0c69ea2cce05
342	260	7014fedd-3a90-589e-6053-71ed03159861
343	155	054b0088-ea20-01de-83ae-7d9f0adeec7b
344	111	c7c7ef4b-06aa-938c-1211-ccb4bd698f6c
345	307	b25ec633-5649-acad-c284-afac73663a10
346	365	d0c3f719-a92c-d065-75d8-816ea7f76cc3
347	5	7f09b189-8bcc-0cb7-616e-70d363910356
348	277	c431ae67-f403-3beb-9a70-02f8b98e56ca
349	81	97d6e58d-2dbb-aa09-d062-029bde0f7768
350	50	494fe6af-d93c-43aa-1698-7cfe3818ff79
351	152	d8f523af-6bda-d86d-9551-7fda12c617a1
352	192	c9755c0e-9ef3-4676-5dd2-525ba01797c4
353	64	41ba565a-381c-3cb4-b46f-e34bb7bcb6ac
354	47	5de1f4fa-5299-c2af-6d82-c61239c9cbb9
355	332	af8fb537-4c7a-fe76-8c59-828851ebae90
356	127	91b8b2eb-dbfc-2801-83f1-9750aed9be9d
357	244	1ff10c1c-6b48-0809-9824-02717aae303c
358	334	8fc2c057-8e0f-4ccd-eb3c-0c64a8716c66
359	368	2faa6900-ae7a-8d58-06f6-bbf86c82def3
360	52	a027fcd5-428c-22b8-f576-08782afea6e2
361	128	252c52ca-853b-5901-a13a-c77535decd96
362	65	c8b96ddc-db00-21f6-6667-fe9baf6b5da1
363	31	3da9cee8-bdd1-a435-3df6-8fbc07349481
364	283	38e96c87-cd3a-e225-9365-55eb2451fb9d
365	291	0ee75503-65ea-824e-3d9b-d619be8a2a28
366	58	d1c19c0b-2f9d-0bc2-afd8-0fd8304e82aa
367	312	e9b15485-feee-e44e-6751-fb5adb762005
368	227	70f42805-3ad9-3c67-676c-7d9274964802
369	217	6c078df8-dddf-927a-51ee-bd02a5200cb9
370	174	f53bce08-0cde-9d76-50a1-39945b755cce
371	67	36037f97-dd0e-57e8-c2dc-45ec32284116
372	371	fb831ae6-f14c-1161-fa07-960df9af260e
373	169	f124c848-7672-3a06-81d1-03a5cfb96018
374	155	b92c227d-3070-c90d-ed52-9ba0b68f631c
375	156	3bb0b4fb-c4c1-db26-c2be-d339896e2a69
376	123	623ee1eb-3792-9446-fad4-f97785062c7d
377	371	ff48ca98-a564-1bb7-7c14-37a98821fec2
378	70	2f423a3c-445d-2769-24cd-77d7ad7f4fce
379	17	ea3dbe7c-3781-f2fb-55c4-ebb1ba12a803
380	271	a5c79513-5b89-ece1-b8fb-cd54efa4ade1
381	84	11143b77-a32e-1dde-0c66-2d60c1cc8b45
382	277	b3ea8894-509b-4931-f7c9-a9132add179c
383	49	f12c8f00-0ce6-19ab-02f8-1df765b70f77
384	320	e6eeca6a-eb70-840d-75c0-f91cabf915a9
385	393	7c7a1ca3-d84f-e525-2bb8-8366a3bf7d44
386	102	1f12407d-4c12-65e4-23fa-3fd2a33714a9
387	365	ff56387c-5b05-19ae-e93a-1cf58066caf7
388	269	666f9f69-15c9-0086-ab42-29e64294095d
389	70	ca343969-50e0-beb9-44fb-b13c8fdcc56f
390	201	457f11d5-ab58-1a46-c883-0fa5712da0ef
391	311	dd176b0e-dd3a-1418-7d02-07bad937e6fb
392	242	b37b2332-773c-b027-d35d-1fe88fe3bc4c
393	374	b78c8184-8c6e-69df-d34a-6fa5eed022bc
394	45	9612dfb2-f678-3b23-1831-6eb987a14d35
395	91	253fa6c6-ee58-bfce-e240-69b6480dd27e
396	338	a3153f2f-997d-97ef-66a3-fef6afa45451
397	194	2fa34947-9de2-73f7-86f8-6a89a1d6c6d4
398	32	3ecb17a8-789f-7575-3fda-a7e956aa8cf5
399	137	0c6a8e75-b5e5-75d6-e60f-9cabe5b2fdc7
400	298	61529b98-47c8-bd56-4578-1626e0a2d0f4
401	185	e7bcdaeb-58bd-1885-8ca8-31de8ea0abae
402	331	3d09f10a-7f4b-8b93-0135-0024dc576cad
403	45	27bb333b-3e25-3f72-2a8b-a2011f3f2c86
404	125	8fe0eb9c-a8df-93ba-9d1a-da09292462b5
405	227	763b935e-1a46-56d8-5a0c-b5077a3526bb
406	247	5de5064d-c78c-256b-ca4c-be0a29c18636
407	96	30e3b4ff-be5f-f8ba-9310-4df199661025
408	60	07f29b69-d3a7-de05-b313-fabc92b21faa
409	56	0618603e-e580-5f1f-5dae-1899fe620112
410	239	7cba0812-fe81-cf2d-de89-3bf0c839933e
411	253	64bd6396-530c-97b8-0ce9-88979d0da314
412	320	2a4a85e6-0db0-10d9-7118-b4f4d995bdb2
413	337	1b859baf-9312-7048-a285-8137259522f6
414	156	f725bd73-85fd-1e97-e149-badd084b1c8c
415	156	5f2cbc80-f73c-fd0b-10cf-0b0d32c0cf54
416	499	8f0e6734-0206-b05e-6d2d-ccb145d1fe35
417	12	d53b99e6-65ff-9722-efb2-833f87b0d70a
418	97	8d520134-ecc3-caaa-91dc-94bf60da63f3
419	280	6751764e-9fd2-e574-e8a6-7b719c18d666
420	220	adfd63f7-13c1-171b-2057-210cf77dc81d
421	345	71b5e587-a2cd-2f49-c77f-bed74a8df792
422	415	74b11521-9e59-8312-107d-ce5db5ff97f5
423	16	22963fe0-3f7d-6687-e8ba-1ff6879ff729
424	465	5038132d-9b9e-b646-90be-ad9f88788dc9
425	9	ea225dcf-f70e-09ed-9879-0c47188d9888
426	208	61a71a3d-1f2e-18ab-61cc-1b860d8660c9
427	359	436b5afc-d697-2822-9106-f72eea7a3a25
428	444	d181331f-4823-16e9-21a7-293dc27c599f
429	368	0ed45916-d797-a9c7-c0d8-8569d1fd3259
430	146	7669779a-215b-7d65-ab87-12e44e64fcbc
431	55	fba9a82f-793b-142e-9d5e-fcfb25d59dee
432	363	3839b50f-461c-c6f1-d9bd-018efc40b7f5
433	442	1f63d038-441b-0301-b0f4-211d107a423e
434	165	efe119ae-da9c-f35d-cb57-2ba1a14cac3d
435	396	a523f5a8-1cd0-5a56-5d28-28253d52ca8f
436	235	d855f7af-7faf-a5fe-28ab-a86da37a0707
437	218	f9d1c989-84a7-05ae-42a6-183f9e94b347
438	336	4e34fbb3-e951-9927-0ca8-2e3fe860a48f
439	313	9cdf5862-8a66-e59d-c2fe-4f3a460f5210
440	193	8f43bb5e-8421-5b12-c9dc-b7976a82e4ff
441	479	117303a2-5c87-669b-aeaf-df9cb9720014
442	392	65137ac6-b09e-2fd6-60e0-77e0758e64bb
443	142	0117348a-d6fc-49d4-9f73-7a037e30a4b1
444	61	75d3be58-bf83-0d08-6676-741fb26b5606
445	329	1824af43-5c28-aa39-d1b1-9889cf359c1b
446	377	957cabf3-d620-e62c-1e8f-c94bcc58feeb
447	311	bcb14d99-cce0-f25c-12be-d8b0257a4430
448	339	448fd13e-4dc2-9244-0405-b812c7898171
449	232	f7e6130d-152f-e615-5aac-101068df90e5
450	28	03230fce-06f2-82d3-8b47-8e0e1af56f07
451	68	ffa771f6-6756-5fc3-b747-7e342a09006f
452	431	ca702421-c639-1862-37f7-800a6aa4e9a2
453	319	31cf7f71-fea2-31fe-bc06-254b795e3fc7
454	10	0e5c7108-a5da-777b-2215-9df272d2c36d
455	482	5ab5cff2-422a-1286-2c99-4014f8aa43d0
456	272	d93d9f35-81d3-0e6b-4778-43934a4558bb
457	220	19d9d3c4-3d85-5a49-966e-22b0bdebed03
458	66	59126f63-7ff5-c9b7-ce28-985734e7a0e5
459	210	f6fb0853-b977-0bd6-8d8c-934e164c7989
460	455	4dc87bef-0944-2229-e385-9f3229faf748
461	401	53b28c72-54af-2dd2-277a-16b2a45d9b3a
462	322	08c46d3d-eff3-140e-a9f7-d67e00e25a7d
463	487	30a14da8-60ae-c9d4-96ad-8229fdb39d1d
464	264	c7e33a0a-e739-32e3-b9dc-b0a6a4d4f2e4
465	425	fadd56e8-f705-2769-9072-18d6d8ebf9c2
466	476	e32177bf-aea2-d7f2-966b-92e13adb9b53
467	58	1bfaed85-97ef-0c68-0418-2f439b48fd17
468	296	9249045f-6ab2-054b-de69-2890fb4dc188
469	271	f6daeaeb-0205-1675-4479-38f23431b105
470	224	99360dc2-3dae-30eb-d741-eb441be3db7b
471	274	e2446438-c547-3b29-e126-d8be0618c9f0
472	392	d8e0775b-6107-469d-f81b-36a09a345d91
473	214	568d9b61-5235-de73-712d-220d5827d170
474	77	4a5bdae6-8140-87d9-a35f-da2289db8df3
475	83	fcadb16b-4b7b-8343-5b14-a0763eb28474
476	210	e4b5ac06-7ea8-e021-d37c-da32c7161631
477	76	4af1381f-9191-4c38-25e0-4cd3faaa2f9d
478	412	899f0895-3c73-694e-cf33-3a4ddb19db5e
479	176	fc2df073-3f2f-6c54-8532-5190e8bd5131
480	250	9b17b242-80ba-b2a0-e9f5-4da78875410e
481	338	1abb0696-c6f4-e4ae-1c70-df89abfaf3da
482	161	bebf0321-4c93-6315-1c24-a6a3acb5c900
483	114	0f4e4ff4-be8b-8f29-e98e-6f8b3d0bf88b
484	121	3a537574-b857-3c67-bd1d-2f46c0be83a8
485	212	92a3bd3d-0d2b-c038-67e5-84ea9c8187fe
486	72	67ce9bc0-4078-ca04-4556-0ba6ee33da3e
487	233	cc62921a-a749-f275-2612-f89f5c4c56d2
488	85	c22df730-08ec-8644-851f-25e9ce2497be
489	456	df0663e7-1d54-16b2-bce8-f31c83a6227d
490	50	475b345e-67bf-f9bd-aa16-963199ab10ee
491	127	3ade0902-d384-9755-84a3-67fa9b80eaf7
492	16	2b08c2e3-0397-bbe1-7676-4494c7cffdd3
493	330	4120ee8a-4102-5e29-1fc8-6d0537eef4e7
494	130	a1c5662b-8c80-1573-2f24-de3a647d2c7d
495	270	3e097869-c33f-47ab-770b-bbeb945e7516
496	273	f6fb8f23-34c9-e743-d144-5c4b7dd573cd
497	497	c495f7a5-7006-344e-e95a-a6fa4a393212
498	53	ddcbcb85-6454-788e-4817-82b8c71c90ea
499	74	73384417-a423-8b74-02be-5cfbb8dfeb48
500	250	b5f09780-0f72-be6d-d041-841ed70e7a5c
501	415	bcdd4001-156c-ce62-dd0d-9d4b1feba9a9
502	314	296ab23a-1e17-217e-7639-5c8d83aeb809
503	239	6cb94155-95c0-0d36-00a7-2752308d3421
504	496	7a78c52a-a5d2-5030-43b8-58f6d664e565
505	287	15dfc843-5292-9099-51c0-e752dc85ba36
506	5	2f58f9b6-c577-4cb0-6cac-d046164f9add
507	479	7cf1bfcd-9eea-bc78-98f2-9810e7fa4591
508	326	51d74f71-dd64-590b-4d88-a9bc98e6c4b4
509	125	4c91ec47-dc73-fd8b-26ff-33cd7e10fdbe
510	379	bd6a01d5-bf93-9592-2e11-92cc26ec5afe
511	367	1ba1171f-43da-1ac3-a062-eba8c597ec3e
512	529	d56e0f29-4f6d-7c57-464e-e82ac7b091e3
513	239	8a44c2bc-8a94-e2b4-d08e-1f071049f11b
514	524	9c3967a4-e5cb-df56-c8da-8e1e791b8e62
515	552	4994a345-bc55-5a95-0e27-eb90f28f7d64
516	244	f501a8f3-58f9-4bb1-d207-055ec22932a2
517	289	fe5af0bb-a7e1-9ded-5437-983c9942ae0c
518	138	5d196013-8ae8-8b6e-c93b-a8056216c48d
519	90	e863f342-5599-715d-05f2-63d2a6790d58
520	465	b3683659-dfdc-5475-bb0d-3fef89b22d7b
521	193	9cacb43a-2f04-d5fa-a49f-98f484d81b53
522	207	c6afdf26-fdbb-b3bb-1aa2-c2329f31f29a
523	210	8b697a48-dfdb-e6a6-4884-a86f81980386
524	545	524bf4ef-2c27-3f77-2a3e-20529285434c
525	557	da006371-a51f-8710-ff7f-67fea4c3a6a1
526	574	dcd7555a-b485-a2ac-6c76-a93e36b7d435
527	19	3da18308-caed-b4f9-f573-7226183afcf6
528	528	c0881b2c-0265-fea7-669b-ad8741a2dda7
529	65	91ac625b-6a06-8340-7d4b-43c77e103cb1
530	294	3d9c752a-bdae-97cc-f5ea-392441a10cd9
531	116	73a843d2-d3a0-39f2-8798-b2c6c816bdde
532	230	3dc73000-47d1-6fcd-8f0b-a88010c52c13
533	562	065a09f7-ae90-736d-988d-37530a3adf44
534	93	5f38e950-aec8-ae6b-876b-cd6323347b5f
535	140	f87ac0fa-2f03-0bbf-0269-ad526532ef07
536	596	e301fff1-7fc8-b290-61aa-0aea481277b2
537	121	93a8ef50-f19d-3078-5b71-5ca2a2d85960
538	385	55ea69d2-50d7-79ba-281a-b73bb99b0732
539	466	a95c626d-ba25-7695-4fea-6da3a2c45a8c
540	408	f237b7a7-07eb-8a2e-b79d-cef2d58b095d
541	137	ac438635-6e02-0836-1548-d9f8ee159a4a
542	200	f3003d9a-36d9-ca34-7ece-1ef7fb91fd64
543	86	1bc07972-532a-9aca-b6fe-c6374b1cfc77
544	258	7509c5dc-a543-12b2-aa3b-5f8e1639fb4f
545	553	6309ed13-6931-a8f4-41ba-ea9d2290dc81
546	131	9a8c9c54-0e56-d4b1-39a0-5871547a63f3
547	361	968b5f4f-cef3-3175-86e8-4c5753dfa285
548	79	1262461c-a5b3-e6fb-0278-e0afd44ec18c
549	230	e7177675-afa3-f5fa-f899-fbeddb93d460
550	548	2bc23513-171d-eaa7-5938-60d406e10fd4
551	245	ff384caa-5101-f286-6b74-99fb60e41594
552	255	18cf9c86-0ee6-9ad0-9aab-2b24c763cecd
553	336	5f5e5a2e-f8f8-3030-1ebf-fb22223b75d9
554	485	05debde8-ccd8-7106-e544-7e771951335a
555	45	a56532dc-ea93-ec56-d5e4-2c0114aa2109
556	400	03a94088-38ff-7de0-16c6-d37bf41b684c
557	365	c2c67fda-7dce-71da-bc5c-ddbc46bc61eb
558	202	ebdbf734-e027-ae77-6fe7-671abed81cb6
559	378	818fdcb0-582b-6c71-8a3d-cd6208631537
560	355	92df313b-14e8-17c4-364d-6c511ac5e321
561	393	f5139ca6-3210-576e-b48d-cfc077cfadb6
562	25	32ae0783-5ffa-e812-80c9-e812e8baeab4
563	250	547e5f9b-d57f-8cb6-6418-4f6a4e99c848
564	387	5e32ba76-4494-8dea-349f-51a15742ffcc
565	229	779f90b9-f78c-3a0d-f3e9-60d1fe698e39
566	150	9f892cab-1f19-9e29-e5e9-29896af110ff
567	179	8bfb6232-317d-0d23-f450-255a0f0837ea
568	207	76b25e70-1c9a-8544-1b03-d7715312266d
569	271	c57807e0-b36b-d996-f8c6-f11ca23605ba
570	48	0e417f8b-d2c8-ee5d-5174-697e96c70931
571	106	c4a943a5-3429-e828-fb6e-fb63498a66af
572	291	671a94ff-fd77-51d9-cec0-f64d2ca47aec
573	67	926279a5-ebeb-1fdf-5105-537424e7106c
574	477	44e7f2fe-86a7-38e6-e24b-db16161bec75
575	158	b338c499-98c6-3e35-9f43-675b89b19428
576	208	614713eb-75c9-1cd7-2ca0-6d742bd8ba1b
577	193	3a864d8c-02fc-0dd4-9545-000610cd3f4e
578	94	4eac58fe-5d82-b3b8-9876-e6abeeb3a4d9
579	60	927ad00c-dc02-8581-de21-29a6b27086ed
580	97	ef99ed63-7456-5c26-6fe3-1d28b93930ac
581	490	b9056215-e635-14eb-de79-78990edeaabe
582	398	9600b1ba-a1c0-96a2-e605-c50003b3b772
583	413	93b40ff3-8ec4-5a57-8e35-233887b35163
584	591	e8824819-bdff-8bd0-cb67-12535fb727bf
585	511	ba4bbce7-a2dd-9da6-44df-a72029fe6565
586	386	bedbffe8-a4c7-df4e-ab19-5fca6d932fce
587	173	aa9f6659-f911-6241-732f-f67f48de4f46
588	100	c5830a53-633d-d37c-c93c-33bd94b6de5c
589	273	2bb1c21e-d0f3-3beb-db17-0cc898ee4634
590	438	276de750-ca32-3df9-29d3-7529d415eb0b
591	64	0d221d86-be13-6e0c-5146-5e9a3e63149d
592	581	cf8147ae-bf11-04a7-a94d-493f144cd5fe
593	264	19a50dde-9eeb-0b40-921f-f31a36a79486
594	284	5d89a7a3-946e-6eec-36a3-6671228b99e9
595	564	e91280e8-89b8-86f4-e3c1-38e324538b0f
596	563	9ba26f7c-34da-787e-7e70-ce3fd7923865
597	195	b78fedd6-b41d-e4d8-2ddb-8137609881e6
598	36	d190253a-069e-ee92-9db6-dd9a4e539850
599	394	c8a42806-e5bd-a39e-12ef-3531c3207193
600	356	998f6e54-9d01-40ae-93f8-8db939f84f00
601	220	ca6cbae2-eaaa-347d-655b-442bdad84514
602	234	1f05ea13-b577-3648-e066-c7fc5e6a5cc2
603	561	d32f2c1e-3f90-951c-7d08-d8f2deee2cca
604	122	a765e7f7-3d0e-bad5-9ea6-11ba9b5bfeff
605	340	722c8c52-fff9-2fb5-0a4a-dceba1154b47
606	505	ea39397a-f8be-49cf-e378-be46ec5fb08f
607	3	79b00284-9f8c-ab8b-442d-9b0d7f8cef7c
608	8	23f6598a-bedf-1444-046b-4091322b77cb
609	217	89ab54aa-a705-5a84-6e44-42bf2034fa03
610	181	691a37f8-9833-556f-3522-c0f00b8eea2e
611	281	745175bb-c316-7bbe-b975-3448ae9faf53
612	291	9481f6a3-7e4d-d33a-5561-9608d4b05cc5
613	88	0427aad8-adaa-83bd-399d-a2ad7c2d4fd8
614	347	3b427a67-babd-651e-b6d1-e3af71b7fcce
615	614	3da46b0b-1076-e30e-fa3b-98684f860c75
616	447	aac09d38-782d-1a34-1267-3d93091654ab
617	381	c8f754aa-8806-efa9-8f9f-c7f4b5ddd8c2
618	504	c7822b02-67a7-29a6-dd96-a1a4ed14f117
619	89	4cb6fb9e-3a5f-254b-8929-3d0391491ad3
620	141	ac7ae431-63b0-c89b-e249-0ad1d35c3d5a
621	383	0ce751b8-f6e0-d8fa-5196-ee83489e6280
622	584	828f0d36-4163-a474-8cac-5cb2fd2ebb2c
623	607	cd978ddf-f040-4a5d-7e84-d4c257aafd8b
624	398	168d8054-b485-fc47-bc8d-616b1f989da5
625	639	d9b2b3ac-bea1-4935-08c8-819251cd9ce8
626	366	51f1d348-7584-2308-d12f-a236bb2c4de7
627	343	1aa01c53-1dc5-23be-7ab6-854aaeb57503
628	206	beceb227-3cb7-3c88-1dba-9a6ba7fb1048
629	250	8d2b6ae0-5e8e-a8ec-cbb6-e833cbc9fdd1
630	307	27307f8e-46fa-0f6c-6bfb-bf7963f88cd1
631	350	b5ca3f56-4133-c96c-987b-45671a752bf4
632	607	11a31c87-cf44-efd6-7801-092bb7215c5a
633	420	4a8b9237-32d9-feee-64a2-1309b686e060
634	167	f59dc82b-a74b-199c-9b59-6d55b02d5996
635	497	1f329f3a-a8a5-e815-0cab-92bed2dd2ef8
636	113	92fab03c-339b-50b8-e4d7-b7ada9398bf9
637	494	7bd8cf0e-de78-092a-526a-439f6862ad44
638	630	a86a4115-1a3b-0b55-608e-cef643f14ec6
639	393	c39ad445-316a-a021-0e01-223f6bed1546
640	168	86275c9b-80ad-affa-e84f-07e264d42520
641	189	97782e3c-53de-e8b2-1d65-f37fcc6742b2
642	316	9af3793f-741e-fdb3-65f7-1299d73525f2
643	535	811b9515-4a4a-7ae4-ff18-7290644abd20
644	371	148cec22-02b1-7ff8-4a64-6678b979d451
645	165	7300774f-9bb1-9d78-8c60-76b1af238305
646	116	04de4220-675b-3a01-de1a-39d35fdf282a
647	104	6f3b12bd-65f1-b00d-9525-e5c68de7903a
648	7	2f85e168-67f2-766e-5958-e28170c81325
649	149	f172b314-e610-2d71-1dad-70bc14b5c1bb
650	513	14938ae2-c808-a6f0-509d-c9a47049cc80
651	258	d3b16b67-797e-87ce-be1b-88229191506f
652	460	a8f4074d-9507-1565-7e23-f3bed54d392a
653	661	0607284c-e38b-e79b-3ef9-4e40afa9929a
654	615	acc69830-8805-0d89-fa05-3ab88484b2e9
655	319	e2872fbb-9131-4712-e41c-aca2620c2014
656	369	2154d3bd-5848-e609-6a41-c4ea30af12b4
657	681	14b3c050-79d9-70fc-59c1-8e3fbd5a9e78
658	255	3773e7df-c1e3-a3ff-373f-7c12ae6cb3fa
659	700	6c705daa-8a07-a4d2-a10a-bacbc2b08178
660	89	6bb3cc80-87ce-b480-6d0b-d6a4b2343d5d
661	143	d1d58c99-1e5a-9256-7210-21956db6c4da
662	677	6fc6b569-f141-a8b9-5d1c-92e971b6451e
663	374	5c988914-3d0d-5996-6184-8e8e11289e0d
664	650	0af4e422-af58-af15-1fd5-b170c1eaa256
665	92	f146f710-81ac-f069-7e6c-2d9a001007cf
666	568	2f30b529-4f11-7302-5194-dc3e1f5108e0
667	519	a1898a3f-cd4a-6f3c-c17a-3c79379f83f6
668	397	2d0da63e-1a95-5b34-87fb-912081d8a27b
669	605	43ae39b0-1cff-7843-2ae5-5a8e2a981021
670	40	df1f116a-76bb-5edc-5f37-5b08e08f2681
671	261	4a32058b-17b9-8fc5-3e95-692fac6baed8
672	85	88d72c07-98fd-baec-1354-b1131e177e31
673	141	644bedda-a596-0035-aa37-eddce9c569eb
674	169	a11d93a9-0ed9-de9d-cad2-a681fb63c7c9
675	47	ff022878-6bb6-5f8f-d10e-84cecb9a9088
676	388	9f083e22-c252-08b8-38f5-fdf12558558f
677	94	eb7a229e-84fb-a6c8-b1dd-19c1e5fbec30
678	295	11c54aef-51fc-69a7-a235-5509dae4c258
679	303	277c711a-354e-d2f9-d617-cba72a5e945e
680	141	4a9b3560-2bc1-12ae-3492-d47d1b6bb15b
681	342	0ada06d6-ee9b-0838-cea3-75d9b8fdc1da
682	441	cde9610b-3f6c-079c-b694-929442cb3538
683	469	eb3301bd-43b6-59dc-cf7c-426c46847b34
684	437	3e8d4240-db14-347c-e53a-441605b53473
685	357	d0eb21d9-db94-8a30-686c-f60f9b7597ed
686	537	e60e74fb-5fab-0261-d186-404b5a91693b
687	570	97011bb8-2241-6e72-8df2-c29507a0e074
688	55	4bf9a0bc-0b50-628b-483d-9586649abe9b
689	200	ff166a70-384a-fcd2-1d8f-fa4e324e7565
690	502	891c8188-3965-c0e4-204d-deb3a35bc5c3
691	197	db36a41d-bb64-3d97-ebdf-989e4c065f58
692	506	121932bd-7187-5ffc-48e9-682822b26039
693	118	b40545b3-dda7-a270-72f3-809f4900283f
694	34	4f0ce69a-e63e-dd7b-dab1-7c186861e7fd
695	439	9b361984-599c-a804-4624-fe0574adc1ca
696	638	199fec66-baec-f58b-7383-7841571b6210
697	454	e6f83d93-2a71-743a-c039-f23cbaac6d5c
698	347	cd3553e7-3680-4145-e04c-a100b3039f18
699	30	a6e583c6-100e-787f-7fba-95ea387e92f8
700	158	f75bdf9e-61a7-a400-fcb4-fa2daa20f8dc
701	268	2bf1cb10-b40f-14bd-aeaa-3a159874b3a9
702	669	38bee3c0-202a-4455-9777-a496640640fa
703	55	cef3184b-28fc-aff5-9806-6a398d68c412
704	144	85a09b9f-8a0a-ac83-10a8-c71827137903
705	702	71f662eb-e184-7209-e832-f840036bb797
706	760	8e88d43a-c6e7-26ca-57c9-a409e4c7e3e1
707	334	0cd9fef0-d442-88f3-59e2-4696129ed813
708	216	534afbc4-622f-0e8f-9eab-a5c9853d283e
709	699	1e5c8216-a77b-0e92-06c6-4f06be1b1a53
710	348	fb6c78dd-add8-9b6e-e379-919ec2d799c2
711	615	459dc0ee-7d87-a672-e17f-faca9358725f
712	257	ea31d19c-356e-628d-7d78-3f03a7d50485
713	17	7717609b-73ff-1b54-b056-1f7387fdf729
714	730	f3ffabd8-6c11-8018-7fbf-eb5a452d8b76
715	215	25f6db96-3170-e545-3f5c-abc126678b76
716	704	5fd2c0b5-0fa3-cc32-ce97-e7160f4188d0
717	427	a4b376ee-2309-8e49-7401-a2cf279c624f
718	639	7e6b2bca-4251-3af4-2745-c01a2386d680
719	645	9c47f280-3a49-88b8-f753-4ffecfdec77e
720	131	2646c40a-072a-6930-d52c-cba7618e9a09
721	303	5b5f3bd8-fa07-2668-4ea4-03367aba2990
722	392	726ec728-c5de-addb-c577-385a315559cf
723	456	70db447c-ecf6-98d0-0d94-ab26dd397399
724	89	7e3ed175-bd69-3901-ee1c-9620f5d288ab
725	642	10a900ea-9b52-71e9-5931-b9f308d28bda
726	335	26539ebf-da6f-034c-38d5-ed23874e3da7
727	25	79798610-54b5-d957-ab8a-9239482781ab
728	635	5b534cc4-c6f8-4512-649b-374e408c09b8
729	382	eff3ede2-e2c7-b4f1-beec-ae59d3ca0775
730	80	7d9f550f-8bc1-e125-57d1-8d81fdc50a8d
731	68	eb7f2594-4375-75f8-535c-69227f7aa386
732	194	2badb067-1772-b257-6b7c-b66f5159dfab
733	45	e512c41a-8964-0574-e341-7016a7d499b6
734	386	ba2e860c-dd5f-214f-ad23-81ec98fedf99
735	468	ffb3456f-00f7-8d4e-4aba-1e4bb99fec22
736	272	a34b0695-dcd4-12f6-d8b8-c40e3506501e
737	501	bdddd319-8e1d-10ca-9a19-104e03d1e039
738	742	50d7b4da-0b2d-8e7d-83e3-0788e2a956df
739	769	11f3d194-d4e2-411f-63f8-181af8806329
740	582	e643f7e2-0a1f-5452-23c4-fc3e64f32bfe
741	489	d9810b42-2f29-2bc2-35fb-99589a1abf55
742	611	b846e164-4252-f4b7-7943-5a764ce0a908
743	737	9242d641-cb89-2533-9d5d-7c3de2bc2bae
744	28	fd122b91-9528-fa9e-70ec-9e40c4f442a4
745	553	0cf73947-6b43-92e3-c8e6-b1d0c426c530
746	526	a83d3d5f-09c7-6b53-e98b-259b2f20a855
747	471	fa12ee82-7ae5-d1b7-fda9-0d024cea5b7d
748	536	425c70bd-bebc-f76d-eb8a-da131b0ea7fb
749	690	39872428-b64b-4e89-a19e-fa1ee93c0418
750	408	384352ee-cee9-64ff-e07a-261c02d18257
751	96	94ae0d1b-ee02-67ce-a77c-3b640b92278d
752	399	eee667cf-c54c-8094-09b1-65577165f5ff
753	704	c02bbafb-efd4-d68c-8e86-5e2c72b75aad
754	629	5aa22a13-0f5b-029a-a97b-64f62047576c
755	166	70207681-650d-785e-eaa9-9b0b4a7f4803
756	37	8b10cf33-fcf5-affd-6953-3cb595161f2d
757	93	c7ef3cb5-d3d7-baba-5e94-ad10b955ddda
758	357	cd8edc8c-9549-2305-9def-2308b14585a0
759	214	14c4083a-932c-c336-4d5b-479bc678fd90
760	7	763cb99a-2ed3-3d69-bb9c-0415f3822ed0
761	753	4b9c6e9c-0bd9-20a0-3ac6-792b5d33ab31
762	747	2dcb5a49-6932-17fa-1d3c-f3c343df4f4c
763	377	717de0d7-fa9e-86c0-0d9b-1c064c78abf1
764	439	c35fabc9-67ba-d03b-90c8-9f01d5abd52d
765	618	5049b5db-b619-9c65-0859-49d546d21880
766	571	36c3ea2a-d103-ec33-80cb-9efa84b601e8
767	280	99a82637-c227-dc82-8504-46dd1dcd6865
768	232	c2977118-8ccb-58e2-e048-06f39cd958b5
769	102	27368b04-a4f2-f3ba-e979-9b435d5c7ab9
770	201	117e59f7-cf6c-42d1-257b-e666ee194d5e
771	503	eef0d110-ed25-dfda-b571-4ffb64b7e127
772	239	4b2e4fbe-284d-87b4-32cc-a7c107bf39da
773	432	31cabb90-4ab5-ec05-1d82-6bb2c3d57059
774	682	e3d44e6b-0b4d-65c3-bfaa-72e99129bbf3
775	649	0615a828-5a42-166d-457f-fa5b656e5338
776	216	8f629131-36fb-8552-0efc-38b066c8a1d7
777	112	4b740907-6be0-30b8-634b-3cf026858572
778	554	343ca6c9-2bc4-6fcf-713c-4fe59193e9c4
779	390	4f8b6f4c-bb2b-3b56-60d6-57b8492eea5e
780	223	308db32f-7bc9-a82d-9677-dfbf3e1af64e
781	462	d0b5f0ea-6d22-3e29-1d73-88ec1bff7121
782	446	ef72e13f-80c7-baeb-be48-f71fe2b4966b
783	477	080c5fcc-cdc5-5523-20e0-7596fe195b70
784	521	b628f47c-067b-e83b-7fe9-94bab11ccf36
785	129	51ca4490-0e8f-1899-d460-63f185cabffc
786	80	d61405c1-a426-d165-8987-9df89b24f081
787	611	c8e0a146-fa7b-2ee1-63d2-222b3f5be1f4
788	287	68f6d1b1-3ecc-aa8b-7366-2de657605136
789	549	91ec0230-a6cb-982d-0cb4-b7d7dd81f20d
790	417	14fb2cde-8112-e924-eebe-5eb012e59ece
791	512	f53c22f4-823d-782a-3aa8-5fbcb56159a4
792	685	57234ed6-0240-a6a5-20be-b4fb7b0bb0f3
793	82	138e5be4-db3b-bd86-1c1e-651e324b3d3b
794	488	6af264d3-fa25-91d6-6a3e-27f84cffd916
795	324	95d41f4c-ecff-8cf0-095e-c75d818421c7
796	298	6a5a30a5-12a4-c1c5-15ac-2d2e18219a0d
797	751	b12eccc7-bfeb-0f4d-0e19-8795d75cf73e
798	571	6b69b13f-3b9e-6b27-7e96-47b194a22f87
799	762	32ae50c0-7c46-6884-05d2-119a91e5c5f3
800	588	fe942f22-d75b-bab3-c0af-ff3382b1d54c
\.


--
-- Name: address_id_seq; Type: SEQUENCE SET; Schema: public; Owner: postgres
--

SELECT pg_catalog.setval('public.address_id_seq', 3600, true);


--
-- Name: admin_user_id_seq; Type: SEQUENCE SET; Schema: public; Owner: postgres
--

SELECT pg_catalog.setval('public.admin_user_id_seq', 800, true);


--
-- Name: cart_id_seq; Type: SEQUENCE SET; Schema: public; Owner: postgres
--

SELECT pg_catalog.setval('public.cart_id_seq', 3600, true);


--
-- Name: category_id_seq; Type: SEQUENCE SET; Schema: public; Owner: postgres
--

SELECT pg_catalog.setval('public.category_id_seq', 800, true);


--
-- Name: customer_id_seq; Type: SEQUENCE SET; Schema: public; Owner: postgres
--

SELECT pg_catalog.setval('public.customer_id_seq', 800, true);


--
-- Name: logistic_company_id_seq; Type: SEQUENCE SET; Schema: public; Owner: postgres
--

SELECT pg_catalog.setval('public.logistic_company_id_seq', 800, true);


--
-- Name: notification_id_seq; Type: SEQUENCE SET; Schema: public; Owner: postgres
--

SELECT pg_catalog.setval('public.notification_id_seq', 800, true);


--
-- Name: notification_type_id_seq; Type: SEQUENCE SET; Schema: public; Owner: postgres
--

SELECT pg_catalog.setval('public.notification_type_id_seq', 24, true);


--
-- Name: orders_id_seq; Type: SEQUENCE SET; Schema: public; Owner: postgres
--

SELECT pg_catalog.setval('public.orders_id_seq', 800, true);


--
-- Name: payment_id_seq; Type: SEQUENCE SET; Schema: public; Owner: postgres
--

SELECT pg_catalog.setval('public.payment_id_seq', 800, true);


--
-- Name: payment_method_id_seq; Type: SEQUENCE SET; Schema: public; Owner: postgres
--

SELECT pg_catalog.setval('public.payment_method_id_seq', 24, true);


--
-- Name: platform_id_seq; Type: SEQUENCE SET; Schema: public; Owner: postgres
--

SELECT pg_catalog.setval('public.platform_id_seq', 800, true);


--
-- Name: product_id_seq; Type: SEQUENCE SET; Schema: public; Owner: postgres
--

SELECT pg_catalog.setval('public.product_id_seq', 800, true);


--
-- Name: refund_id_seq; Type: SEQUENCE SET; Schema: public; Owner: postgres
--

SELECT pg_catalog.setval('public.refund_id_seq', 800, true);


--
-- Name: review_id_seq; Type: SEQUENCE SET; Schema: public; Owner: postgres
--

SELECT pg_catalog.setval('public.review_id_seq', 800, true);


--
-- Name: shipment_id_seq; Type: SEQUENCE SET; Schema: public; Owner: postgres
--

SELECT pg_catalog.setval('public.shipment_id_seq', 800, true);


--
-- Name: shipment_method_id_seq; Type: SEQUENCE SET; Schema: public; Owner: postgres
--

SELECT pg_catalog.setval('public.shipment_method_id_seq', 800, true);


--
-- Name: support_ticket_id_seq; Type: SEQUENCE SET; Schema: public; Owner: postgres
--

SELECT pg_catalog.setval('public.support_ticket_id_seq', 800, true);


--
-- Name: ticket_message_id_seq; Type: SEQUENCE SET; Schema: public; Owner: postgres
--

SELECT pg_catalog.setval('public.ticket_message_id_seq', 800, true);


--
-- Name: tracking_info_id_seq; Type: SEQUENCE SET; Schema: public; Owner: postgres
--

SELECT pg_catalog.setval('public.tracking_info_id_seq', 800, true);


--
-- Name: address address_pkey; Type: CONSTRAINT; Schema: public; Owner: postgres
--

ALTER TABLE ONLY public.address
    ADD CONSTRAINT address_pkey PRIMARY KEY (id);


--
-- Name: admin_user admin_user_pkey; Type: CONSTRAINT; Schema: public; Owner: postgres
--

ALTER TABLE ONLY public.admin_user
    ADD CONSTRAINT admin_user_pkey PRIMARY KEY (id);


--
-- Name: admin_user admin_user_username_key; Type: CONSTRAINT; Schema: public; Owner: postgres
--

ALTER TABLE ONLY public.admin_user
    ADD CONSTRAINT admin_user_username_key UNIQUE (username);


--
-- Name: cart_item cart_item_pkey; Type: CONSTRAINT; Schema: public; Owner: postgres
--

ALTER TABLE ONLY public.cart_item
    ADD CONSTRAINT cart_item_pkey PRIMARY KEY (cart_id, product_id);


--
-- Name: cart cart_pkey; Type: CONSTRAINT; Schema: public; Owner: postgres
--

ALTER TABLE ONLY public.cart
    ADD CONSTRAINT cart_pkey PRIMARY KEY (id);


--
-- Name: category category_pkey; Type: CONSTRAINT; Schema: public; Owner: postgres
--

ALTER TABLE ONLY public.category
    ADD CONSTRAINT category_pkey PRIMARY KEY (id);


--
-- Name: customer customer_email_key; Type: CONSTRAINT; Schema: public; Owner: postgres
--

ALTER TABLE ONLY public.customer
    ADD CONSTRAINT customer_email_key UNIQUE (email);


--
-- Name: customer customer_pkey; Type: CONSTRAINT; Schema: public; Owner: postgres
--

ALTER TABLE ONLY public.customer
    ADD CONSTRAINT customer_pkey PRIMARY KEY (id);


--
-- Name: flyway_schema_history flyway_schema_history_pk; Type: CONSTRAINT; Schema: public; Owner: postgres
--

ALTER TABLE ONLY public.flyway_schema_history
    ADD CONSTRAINT flyway_schema_history_pk PRIMARY KEY (installed_rank);


--
-- Name: logistic_company logistic_company_pkey; Type: CONSTRAINT; Schema: public; Owner: postgres
--

ALTER TABLE ONLY public.logistic_company
    ADD CONSTRAINT logistic_company_pkey PRIMARY KEY (id);


--
-- Name: notification notification_pkey; Type: CONSTRAINT; Schema: public; Owner: postgres
--

ALTER TABLE ONLY public.notification
    ADD CONSTRAINT notification_pkey PRIMARY KEY (id);


--
-- Name: notification_subscription notification_subscription_pkey; Type: CONSTRAINT; Schema: public; Owner: postgres
--

ALTER TABLE ONLY public.notification_subscription
    ADD CONSTRAINT notification_subscription_pkey PRIMARY KEY (customer_id, type_id);


--
-- Name: notification_type notification_type_pkey; Type: CONSTRAINT; Schema: public; Owner: postgres
--

ALTER TABLE ONLY public.notification_type
    ADD CONSTRAINT notification_type_pkey PRIMARY KEY (id);


--
-- Name: order_item order_item_pkey; Type: CONSTRAINT; Schema: public; Owner: postgres
--

ALTER TABLE ONLY public.order_item
    ADD CONSTRAINT order_item_pkey PRIMARY KEY (order_id, product_id);


--
-- Name: orders orders_pkey; Type: CONSTRAINT; Schema: public; Owner: postgres
--

ALTER TABLE ONLY public.orders
    ADD CONSTRAINT orders_pkey PRIMARY KEY (id);


--
-- Name: payment_method payment_method_pkey; Type: CONSTRAINT; Schema: public; Owner: postgres
--

ALTER TABLE ONLY public.payment_method
    ADD CONSTRAINT payment_method_pkey PRIMARY KEY (id);


--
-- Name: payment payment_pkey; Type: CONSTRAINT; Schema: public; Owner: postgres
--

ALTER TABLE ONLY public.payment
    ADD CONSTRAINT payment_pkey PRIMARY KEY (id);


--
-- Name: platform platform_pkey; Type: CONSTRAINT; Schema: public; Owner: postgres
--

ALTER TABLE ONLY public.platform
    ADD CONSTRAINT platform_pkey PRIMARY KEY (id);


--
-- Name: product product_pkey; Type: CONSTRAINT; Schema: public; Owner: postgres
--

ALTER TABLE ONLY public.product
    ADD CONSTRAINT product_pkey PRIMARY KEY (id);


--
-- Name: refund refund_pkey; Type: CONSTRAINT; Schema: public; Owner: postgres
--

ALTER TABLE ONLY public.refund
    ADD CONSTRAINT refund_pkey PRIMARY KEY (id);


--
-- Name: return_item return_item_pkey; Type: CONSTRAINT; Schema: public; Owner: postgres
--

ALTER TABLE ONLY public.return_item
    ADD CONSTRAINT return_item_pkey PRIMARY KEY (return_id, order_item_order_id, order_item_product_id);


--
-- Name: review review_pkey; Type: CONSTRAINT; Schema: public; Owner: postgres
--

ALTER TABLE ONLY public.review
    ADD CONSTRAINT review_pkey PRIMARY KEY (id);


--
-- Name: shipment_method shipment_method_pkey; Type: CONSTRAINT; Schema: public; Owner: postgres
--

ALTER TABLE ONLY public.shipment_method
    ADD CONSTRAINT shipment_method_pkey PRIMARY KEY (id);


--
-- Name: shipment shipment_pkey; Type: CONSTRAINT; Schema: public; Owner: postgres
--

ALTER TABLE ONLY public.shipment
    ADD CONSTRAINT shipment_pkey PRIMARY KEY (id);


--
-- Name: support_ticket support_ticket_pkey; Type: CONSTRAINT; Schema: public; Owner: postgres
--

ALTER TABLE ONLY public.support_ticket
    ADD CONSTRAINT support_ticket_pkey PRIMARY KEY (id);


--
-- Name: ticket_message ticket_message_pkey; Type: CONSTRAINT; Schema: public; Owner: postgres
--

ALTER TABLE ONLY public.ticket_message
    ADD CONSTRAINT ticket_message_pkey PRIMARY KEY (id);


--
-- Name: tracking_info tracking_info_pkey; Type: CONSTRAINT; Schema: public; Owner: postgres
--

ALTER TABLE ONLY public.tracking_info
    ADD CONSTRAINT tracking_info_pkey PRIMARY KEY (id);


--
-- Name: flyway_schema_history_s_idx; Type: INDEX; Schema: public; Owner: postgres
--

CREATE INDEX flyway_schema_history_s_idx ON public.flyway_schema_history USING btree (success);


--
-- Name: cart cart_customer_id_fkey; Type: FK CONSTRAINT; Schema: public; Owner: postgres
--

ALTER TABLE ONLY public.cart
    ADD CONSTRAINT cart_customer_id_fkey FOREIGN KEY (customer_id) REFERENCES public.customer(id) ON DELETE CASCADE;


--
-- Name: cart_item cart_item_cart_id_fkey; Type: FK CONSTRAINT; Schema: public; Owner: postgres
--

ALTER TABLE ONLY public.cart_item
    ADD CONSTRAINT cart_item_cart_id_fkey FOREIGN KEY (cart_id) REFERENCES public.cart(id) ON DELETE CASCADE;


--
-- Name: cart_item cart_item_product_id_fkey; Type: FK CONSTRAINT; Schema: public; Owner: postgres
--

ALTER TABLE ONLY public.cart_item
    ADD CONSTRAINT cart_item_product_id_fkey FOREIGN KEY (product_id) REFERENCES public.product(id) ON DELETE CASCADE;


--
-- Name: notification notification_customer_id_fkey; Type: FK CONSTRAINT; Schema: public; Owner: postgres
--

ALTER TABLE ONLY public.notification
    ADD CONSTRAINT notification_customer_id_fkey FOREIGN KEY (customer_id) REFERENCES public.customer(id) ON DELETE CASCADE;


--
-- Name: notification_subscription notification_subscription_customer_id_fkey; Type: FK CONSTRAINT; Schema: public; Owner: postgres
--

ALTER TABLE ONLY public.notification_subscription
    ADD CONSTRAINT notification_subscription_customer_id_fkey FOREIGN KEY (customer_id) REFERENCES public.customer(id) ON DELETE CASCADE;


--
-- Name: notification_subscription notification_subscription_type_id_fkey; Type: FK CONSTRAINT; Schema: public; Owner: postgres
--

ALTER TABLE ONLY public.notification_subscription
    ADD CONSTRAINT notification_subscription_type_id_fkey FOREIGN KEY (type_id) REFERENCES public.notification_type(id) ON DELETE CASCADE;


--
-- Name: notification notification_type_id_fkey; Type: FK CONSTRAINT; Schema: public; Owner: postgres
--

ALTER TABLE ONLY public.notification
    ADD CONSTRAINT notification_type_id_fkey FOREIGN KEY (type_id) REFERENCES public.notification_type(id) ON DELETE CASCADE;


--
-- Name: order_item order_item_order_id_fkey; Type: FK CONSTRAINT; Schema: public; Owner: postgres
--

ALTER TABLE ONLY public.order_item
    ADD CONSTRAINT order_item_order_id_fkey FOREIGN KEY (order_id) REFERENCES public.orders(id) ON DELETE CASCADE;


--
-- Name: order_item order_item_product_id_fkey; Type: FK CONSTRAINT; Schema: public; Owner: postgres
--

ALTER TABLE ONLY public.order_item
    ADD CONSTRAINT order_item_product_id_fkey FOREIGN KEY (product_id) REFERENCES public.product(id) ON DELETE RESTRICT;


--
-- Name: orders orders_address_id_fkey; Type: FK CONSTRAINT; Schema: public; Owner: postgres
--

ALTER TABLE ONLY public.orders
    ADD CONSTRAINT orders_address_id_fkey FOREIGN KEY (address_id) REFERENCES public.address(id) ON DELETE RESTRICT;


--
-- Name: orders orders_customer_id_fkey; Type: FK CONSTRAINT; Schema: public; Owner: postgres
--

ALTER TABLE ONLY public.orders
    ADD CONSTRAINT orders_customer_id_fkey FOREIGN KEY (customer_id) REFERENCES public.customer(id) ON DELETE RESTRICT;


--
-- Name: orders orders_shipment_method_id_fkey; Type: FK CONSTRAINT; Schema: public; Owner: postgres
--

ALTER TABLE ONLY public.orders
    ADD CONSTRAINT orders_shipment_method_id_fkey FOREIGN KEY (shipment_method_id) REFERENCES public.shipment_method(id) ON DELETE RESTRICT;


--
-- Name: payment payment_method_id_fkey; Type: FK CONSTRAINT; Schema: public; Owner: postgres
--

ALTER TABLE ONLY public.payment
    ADD CONSTRAINT payment_method_id_fkey FOREIGN KEY (method_id) REFERENCES public.payment_method(id) ON DELETE RESTRICT;


--
-- Name: payment payment_order_id_fkey; Type: FK CONSTRAINT; Schema: public; Owner: postgres
--

ALTER TABLE ONLY public.payment
    ADD CONSTRAINT payment_order_id_fkey FOREIGN KEY (order_id) REFERENCES public.orders(id) ON DELETE CASCADE;


--
-- Name: product product_category_id_fkey; Type: FK CONSTRAINT; Schema: public; Owner: postgres
--

ALTER TABLE ONLY public.product
    ADD CONSTRAINT product_category_id_fkey FOREIGN KEY (category_id) REFERENCES public.category(id) ON DELETE RESTRICT;


--
-- Name: product product_platform_id_fkey; Type: FK CONSTRAINT; Schema: public; Owner: postgres
--

ALTER TABLE ONLY public.product
    ADD CONSTRAINT product_platform_id_fkey FOREIGN KEY (platform_id) REFERENCES public.platform(id) ON DELETE RESTRICT;


--
-- Name: refund refund_order_id_fkey; Type: FK CONSTRAINT; Schema: public; Owner: postgres
--

ALTER TABLE ONLY public.refund
    ADD CONSTRAINT refund_order_id_fkey FOREIGN KEY (order_id) REFERENCES public.orders(id) ON DELETE CASCADE;


--
-- Name: return_item return_item_order_item_order_id_order_item_product_id_fkey; Type: FK CONSTRAINT; Schema: public; Owner: postgres
--

ALTER TABLE ONLY public.return_item
    ADD CONSTRAINT return_item_order_item_order_id_order_item_product_id_fkey FOREIGN KEY (order_item_order_id, order_item_product_id) REFERENCES public.order_item(order_id, product_id) ON DELETE CASCADE;


--
-- Name: return_item return_item_return_id_fkey; Type: FK CONSTRAINT; Schema: public; Owner: postgres
--

ALTER TABLE ONLY public.return_item
    ADD CONSTRAINT return_item_return_id_fkey FOREIGN KEY (return_id) REFERENCES public.refund(id) ON DELETE CASCADE;


--
-- Name: review review_customer_id_fkey; Type: FK CONSTRAINT; Schema: public; Owner: postgres
--

ALTER TABLE ONLY public.review
    ADD CONSTRAINT review_customer_id_fkey FOREIGN KEY (customer_id) REFERENCES public.customer(id) ON DELETE CASCADE;


--
-- Name: review review_order_id_fkey; Type: FK CONSTRAINT; Schema: public; Owner: postgres
--

ALTER TABLE ONLY public.review
    ADD CONSTRAINT review_order_id_fkey FOREIGN KEY (order_id) REFERENCES public.orders(id) ON DELETE CASCADE;


--
-- Name: review review_product_id_fkey; Type: FK CONSTRAINT; Schema: public; Owner: postgres
--

ALTER TABLE ONLY public.review
    ADD CONSTRAINT review_product_id_fkey FOREIGN KEY (product_id) REFERENCES public.product(id) ON DELETE CASCADE;


--
-- Name: shipment_method shipment_method_carrier_id_fkey; Type: FK CONSTRAINT; Schema: public; Owner: postgres
--

ALTER TABLE ONLY public.shipment_method
    ADD CONSTRAINT shipment_method_carrier_id_fkey FOREIGN KEY (carrier_id) REFERENCES public.logistic_company(id) ON DELETE RESTRICT;


--
-- Name: shipment shipment_order_id_fkey; Type: FK CONSTRAINT; Schema: public; Owner: postgres
--

ALTER TABLE ONLY public.shipment
    ADD CONSTRAINT shipment_order_id_fkey FOREIGN KEY (order_id) REFERENCES public.orders(id) ON DELETE CASCADE;


--
-- Name: shipment shipment_shipment_method_id_fkey; Type: FK CONSTRAINT; Schema: public; Owner: postgres
--

ALTER TABLE ONLY public.shipment
    ADD CONSTRAINT shipment_shipment_method_id_fkey FOREIGN KEY (shipment_method_id) REFERENCES public.shipment_method(id) ON DELETE RESTRICT;


--
-- Name: support_ticket support_ticket_customer_id_fkey; Type: FK CONSTRAINT; Schema: public; Owner: postgres
--

ALTER TABLE ONLY public.support_ticket
    ADD CONSTRAINT support_ticket_customer_id_fkey FOREIGN KEY (customer_id) REFERENCES public.customer(id) ON DELETE CASCADE;


--
-- Name: support_ticket support_ticket_order_id_fkey; Type: FK CONSTRAINT; Schema: public; Owner: postgres
--

ALTER TABLE ONLY public.support_ticket
    ADD CONSTRAINT support_ticket_order_id_fkey FOREIGN KEY (order_id) REFERENCES public.orders(id) ON DELETE SET NULL;


--
-- Name: ticket_message ticket_message_ticket_id_fkey; Type: FK CONSTRAINT; Schema: public; Owner: postgres
--

ALTER TABLE ONLY public.ticket_message
    ADD CONSTRAINT ticket_message_ticket_id_fkey FOREIGN KEY (ticket_id) REFERENCES public.support_ticket(id) ON DELETE CASCADE;


--
-- Name: tracking_info tracking_info_shipment_id_fkey; Type: FK CONSTRAINT; Schema: public; Owner: postgres
--

ALTER TABLE ONLY public.tracking_info
    ADD CONSTRAINT tracking_info_shipment_id_fkey FOREIGN KEY (shipment_id) REFERENCES public.shipment(id) ON DELETE CASCADE;


--
-- Name: SCHEMA public; Type: ACL; Schema: -; Owner: postgres
--

REVOKE USAGE ON SCHEMA public FROM PUBLIC;
GRANT ALL ON SCHEMA public TO PUBLIC;
GRANT ALL ON SCHEMA public TO migration_user;


--
-- Name: TABLE address; Type: ACL; Schema: public; Owner: postgres
--

GRANT SELECT ON TABLE public.address TO analytic;


--
-- Name: TABLE admin_user; Type: ACL; Schema: public; Owner: postgres
--

GRANT SELECT ON TABLE public.admin_user TO analytic;


--
-- Name: TABLE cart; Type: ACL; Schema: public; Owner: postgres
--

GRANT SELECT ON TABLE public.cart TO analytic;


--
-- Name: TABLE cart_item; Type: ACL; Schema: public; Owner: postgres
--

GRANT SELECT ON TABLE public.cart_item TO analytic;


--
-- Name: TABLE category; Type: ACL; Schema: public; Owner: postgres
--

GRANT SELECT ON TABLE public.category TO analytic;


--
-- Name: TABLE customer; Type: ACL; Schema: public; Owner: postgres
--

GRANT SELECT ON TABLE public.customer TO analytic;


--
-- Name: TABLE flyway_schema_history; Type: ACL; Schema: public; Owner: postgres
--

GRANT SELECT ON TABLE public.flyway_schema_history TO analytic;


--
-- Name: TABLE logistic_company; Type: ACL; Schema: public; Owner: postgres
--

GRANT SELECT ON TABLE public.logistic_company TO analytic;


--
-- Name: TABLE notification; Type: ACL; Schema: public; Owner: postgres
--

GRANT SELECT ON TABLE public.notification TO analytic;


--
-- Name: TABLE notification_subscription; Type: ACL; Schema: public; Owner: postgres
--

GRANT SELECT ON TABLE public.notification_subscription TO analytic;


--
-- Name: TABLE notification_type; Type: ACL; Schema: public; Owner: postgres
--

GRANT SELECT ON TABLE public.notification_type TO analytic;


--
-- Name: TABLE order_item; Type: ACL; Schema: public; Owner: postgres
--

GRANT SELECT ON TABLE public.order_item TO analytic;


--
-- Name: TABLE orders; Type: ACL; Schema: public; Owner: postgres
--

GRANT SELECT ON TABLE public.orders TO analytic;


--
-- Name: TABLE payment; Type: ACL; Schema: public; Owner: postgres
--

GRANT SELECT ON TABLE public.payment TO analytic;


--
-- Name: TABLE payment_method; Type: ACL; Schema: public; Owner: postgres
--

GRANT SELECT ON TABLE public.payment_method TO analytic;


--
-- Name: TABLE platform; Type: ACL; Schema: public; Owner: postgres
--

GRANT SELECT ON TABLE public.platform TO analytic;


--
-- Name: TABLE product; Type: ACL; Schema: public; Owner: postgres
--

GRANT SELECT ON TABLE public.product TO analytic;


--
-- Name: TABLE refund; Type: ACL; Schema: public; Owner: postgres
--

GRANT SELECT ON TABLE public.refund TO analytic;


--
-- Name: TABLE return_item; Type: ACL; Schema: public; Owner: postgres
--

GRANT SELECT ON TABLE public.return_item TO analytic;


--
-- Name: TABLE review; Type: ACL; Schema: public; Owner: postgres
--

GRANT SELECT ON TABLE public.review TO analytic;


--
-- Name: TABLE shipment; Type: ACL; Schema: public; Owner: postgres
--

GRANT SELECT ON TABLE public.shipment TO analytic;


--
-- Name: TABLE shipment_method; Type: ACL; Schema: public; Owner: postgres
--

GRANT SELECT ON TABLE public.shipment_method TO analytic;


--
-- Name: TABLE support_ticket; Type: ACL; Schema: public; Owner: postgres
--

GRANT SELECT ON TABLE public.support_ticket TO analytic;


--
-- Name: TABLE ticket_message; Type: ACL; Schema: public; Owner: postgres
--

GRANT SELECT ON TABLE public.ticket_message TO analytic;


--
-- Name: TABLE tracking_info; Type: ACL; Schema: public; Owner: postgres
--

GRANT SELECT ON TABLE public.tracking_info TO analytic;


--
-- PostgreSQL database dump complete
--

